upgradeId,level,cost,shortTerm,longTerm
output.cash,1,1,1300000000
output.cash,2,1.01,1299000000
output.cash,3,1.02,1299000000
output.cash,4,1.03,1298000000
output.cash,5,1.04,1298000000
output.cash,6,1.05,1297000000
output.cash,7,1.06,1297000000
output.cash,8,1.07,1296000000
output.cash,9,1.08,1296000000
output.cash,10,1.09,1295000000
output.cash,11,1.1,1295000000
output.cash,12,1.11,1294000000
output.cash,13,1.12,1294000000
output.cash,14,1.13,1293000000
output.cash,15,1.14,1293000000
output.cash,16,1.15,1292000000
output.cash,17,1.16,1292000000
output.cash,18,1.17,1291000000
output.cash,19,1.18,1291000000
output.cash,20,1.19,1290000000
output.cash,21,1.2,1290000000
output.cash,22,1.21,1289000000
output.cash,23,1.22,1289000000
output.cash,24,1.23,1288000000
output.cash,25,1.24,1288000000
output.cash,26,1.25,1287000000
output.cash,27,1.26,1287000000
output.cash,28,1.27,1286000000
output.cash,29,1.28,1286000000
output.cash,30,1.29,1285000000
output.cash,31,1.3,1285000000
output.cash,32,1.31,1284000000
output.cash,33,1.32,1284000000
output.cash,34,1.33,1283000000
output.cash,35,1.34,1283000000
output.cash,36,1.35,1282000000
output.cash,37,1.36,1282000000
output.cash,38,1.37,1281000000
output.cash,39,1.38,1281000000
output.cash,40,1.39,1280000000
output.cash,41,1.4,1280000000
output.cash,42,1.41,1279000000
output.cash,43,1.42,1279000000
output.cash,44,1.43,1278000000
output.cash,45,1.44,1278000000
output.cash,46,1.45,1277000000
output.cash,47,1.46,1277000000
output.cash,48,1.47,1276000000
output.cash,49,1.48,1276000000
output.cash,50,1.49,1275000000
output.cash,51,1.5,1275000000
output.cash,52,1.51,1274000000
output.cash,53,1.52,1274000000
output.cash,54,1.53,1273000000
output.cash,55,1.54,1273000000
output.cash,56,1.55,1272000000
output.cash,57,1.56,1272000000
output.cash,58,1.57,1271000000
output.cash,59,1.58,1271000000
output.cash,60,1.59,1270000000
output.cash,61,1.6,1270000000
output.cash,62,1.61,1269000000
output.cash,63,1.62,1269000000
output.cash,64,1.63,1268000000
output.cash,65,1.64,1268000000
output.cash,66,1.65,1267000000
output.cash,67,1.66,1267000000
output.cash,68,1.67,1266000000
output.cash,69,1.68,1266000000
output.cash,70,1.69,1265000000
output.cash,71,1.7,1265000000
output.cash,72,1.71,1264000000
output.cash,73,1.72,1264000000
output.cash,74,1.73,1263000000
output.cash,75,1.74,1263000000
output.cash,76,1.75,1262000000
output.cash,77,1.76,1262000000
output.cash,78,1.77,1261000000
output.cash,79,1.78,1261000000
output.cash,80,1.79,1260000000
output.cash,81,1.8,1260000000
output.cash,82,1.81,1259000000
output.cash,83,1.82,1259000000
output.cash,84,1.83,1258000000
output.cash,85,1.84,1258000000
output.cash,86,1.85,1257000000
output.cash,87,1.86,1257000000
output.cash,88,1.87,1256000000
output.cash,89,1.88,1256000000
output.cash,90,1.89,1255000000
output.cash,91,1.9,1255000000
output.cash,92,1.91,1254000000
output.cash,93,1.92,1254000000
output.cash,94,1.93,1253000000
output.cash,95,1.94,1253000000
output.cash,96,1.95,1252000000
output.cash,97,1.96,1252000000
output.cash,98,1.97,1251000000
output.cash,99,1.98,1251000000
output.cash,100,1.99,1250000000
output.cash,101,2,1250000000
output.cash,102,2.01,1249000000
output.cash,103,2.02,1249000000
output.cash,104,2.03,1248000000
output.cash,105,2.04,1248000000
output.cash,106,2.05,1247000000
output.cash,107,2.06,1247000000
output.cash,108,2.07,1246000000
output.cash,109,2.08,1246000000
output.cash,110,2.09,1245000000
output.cash,111,2.1,1245000000
output.cash,112,2.11,1244000000
output.cash,113,2.12,1244000000
output.cash,114,2.13,1243000000
output.cash,115,2.14,1243000000
output.cash,116,2.15,1242000000
output.cash,117,2.16,1242000000
output.cash,118,2.17,1241000000
output.cash,119,2.18,1241000000
output.cash,120,2.19,1240000000
output.cash,121,2.2,1240000000
output.cash,122,2.21,1239000000
output.cash,123,2.22,1239000000
output.cash,124,2.23,1238000000
output.cash,125,2.24,1238000000
output.cash,126,2.25,1237000000
output.cash,127,2.26,1237000000
output.cash,128,2.27,1236000000
output.cash,129,2.28,1236000000
output.cash,130,2.29,1235000000
output.cash,131,2.3,1235000000
output.cash,132,2.31,1234000000
output.cash,133,2.32,1234000000
output.cash,134,2.33,1233000000
output.cash,135,2.34,1233000000
output.cash,136,2.35,1232000000
output.cash,137,2.36,1232000000
output.cash,138,2.37,1231000000
output.cash,139,2.38,1231000000
output.cash,140,2.39,1230000000
output.cash,141,2.4,1230000000
output.cash,142,2.41,1229000000
output.cash,143,2.42,1229000000
output.cash,144,2.43,1228000000
output.cash,145,2.44,1228000000
output.cash,146,2.45,1227000000
output.cash,147,2.46,1227000000
output.cash,148,2.47,1226000000
output.cash,149,2.48,1226000000
output.cash,150,2.49,1225000000
output.cash,151,2.5,1225000000
output.cash,152,2.51,1224000000
output.cash,153,2.52,1224000000
output.cash,154,2.53,1223000000
output.cash,155,2.54,1223000000
output.cash,156,2.55,1222000000
output.cash,157,2.56,1222000000
output.cash,158,2.57,1221000000
output.cash,159,2.58,1221000000
output.cash,160,2.59,1220000000
output.cash,161,2.6,1220000000
output.cash,162,2.61,1219000000
output.cash,163,2.62,1219000000
output.cash,164,2.63,1218000000
output.cash,165,2.64,1218000000
output.cash,166,2.65,1217000000
output.cash,167,2.66,1217000000
output.cash,168,2.67,1216000000
output.cash,169,2.68,1216000000
output.cash,170,2.69,1215000000
output.cash,171,2.7,1215000000
output.cash,172,2.71,1214000000
output.cash,173,2.72,1214000000
output.cash,174,2.73,1213000000
output.cash,175,2.74,1213000000
output.cash,176,2.75,1212000000
output.cash,177,2.76,1212000000
output.cash,178,2.77,1211000000
output.cash,179,2.78,1211000000
output.cash,180,2.79,1210000000
output.cash,181,2.8,1210000000
output.cash,182,2.81,1209000000
output.cash,183,2.82,1209000000
output.cash,184,2.83,1208000000
output.cash,185,2.84,1208000000
output.cash,186,2.85,1207000000
output.cash,187,2.86,1207000000
output.cash,188,2.87,1206000000
output.cash,189,2.88,1206000000
output.cash,190,2.89,1205000000
output.cash,191,2.9,1205000000
output.cash,192,2.91,1204000000
output.cash,193,2.92,1204000000
output.cash,194,2.93,1203000000
output.cash,195,2.94,1203000000
output.cash,196,2.95,1202000000
output.cash,197,2.96,1202000000
output.cash,198,2.97,1201000000
output.cash,199,2.98,1201000000
output.cash,200,2.99,1200000000
output.cash,201,3,1199000000
output.cash,202,3.01,1197000000
output.cash,203,3.02,1196000000
output.cash,204,3.03,1195000000
output.cash,205,3.04,1193000000
output.cash,206,3.05,1192000000
output.cash,207,3.06,1191000000
output.cash,208,3.07,1189000000
output.cash,209,3.08,1188000000
output.cash,210,3.09,1187000000
output.cash,211,3.1,1185000000
output.cash,212,3.11,1184000000
output.cash,213,3.12,1183000000
output.cash,214,3.13,1181000000
output.cash,215,3.14,1180000000
output.cash,216,3.15,1179000000
output.cash,217,3.16,1177000000
output.cash,218,3.17,1176000000
output.cash,219,3.18,1175000000
output.cash,220,3.19,1173000000
output.cash,221,3.2,1172000000
output.cash,222,3.21,1171000000
output.cash,223,3.22,1169000000
output.cash,224,3.23,1168000000
output.cash,225,3.24,1167000000
output.cash,226,3.25,1165000000
output.cash,227,3.26,1164000000
output.cash,228,3.27,1163000000
output.cash,229,3.28,1161000000
output.cash,230,3.29,1160000000
output.cash,231,3.3,1159000000
output.cash,232,3.31,1157000000
output.cash,233,3.32,1156000000
output.cash,234,3.33,1155000000
output.cash,235,3.34,1153000000
output.cash,236,3.35,1152000000
output.cash,237,3.36,1151000000
output.cash,238,3.37,1149000000
output.cash,239,3.38,1148000000
output.cash,240,3.39,1147000000
output.cash,241,3.4,1145000000
output.cash,242,3.41,1144000000
output.cash,243,3.42,1143000000
output.cash,244,3.43,1141000000
output.cash,245,3.44,1140000000
output.cash,246,3.45,1139000000
output.cash,247,3.46,1137000000
output.cash,248,3.47,1136000000
output.cash,249,3.48,1135000000
output.cash,250,3.49,1133000000
output.cash,251,3.5,1132000000
output.cash,252,3.51,1131000000
output.cash,253,3.52,1129000000
output.cash,254,3.53,1128000000
output.cash,255,3.54,1127000000
output.cash,256,3.55,1125000000
output.cash,257,3.56,1124000000
output.cash,258,3.57,1123000000
output.cash,259,3.58,1121000000
output.cash,260,3.59,1120000000
output.cash,261,3.6,1119000000
output.cash,262,3.61,1117000000
output.cash,263,3.62,1116000000
output.cash,264,3.63,1115000000
output.cash,265,3.64,1113000000
output.cash,266,3.65,1112000000
output.cash,267,3.66,1111000000
output.cash,268,3.67,1109000000
output.cash,269,3.68,1108000000
output.cash,270,3.69,1107000000
output.cash,271,3.7,1105000000
output.cash,272,3.71,1104000000
output.cash,273,3.72,1103000000
output.cash,274,3.73,1101000000
output.cash,275,3.74,1100000000
output.cash,276,3.75,1099000000
output.cash,277,3.76,1097000000
output.cash,278,3.77,1096000000
output.cash,279,3.78,1095000000
output.cash,280,3.79,1093000000
output.cash,281,3.8,1092000000
output.cash,282,3.81,1091000000
output.cash,283,3.82,1089000000
output.cash,284,3.83,1088000000
output.cash,285,3.84,1087000000
output.cash,286,3.85,1085000000
output.cash,287,3.86,1084000000
output.cash,288,3.87,1083000000
output.cash,289,3.88,1081000000
output.cash,290,3.89,1080000000
output.cash,291,3.9,1079000000
output.cash,292,3.91,1077000000
output.cash,293,3.92,1076000000
output.cash,294,3.93,1075000000
output.cash,295,3.94,1073000000
output.cash,296,3.95,1072000000
output.cash,297,3.96,1071000000
output.cash,298,3.97,1069000000
output.cash,299,3.98,1068000000
output.cash,300,3.99,1067000000
output.cash,301,4,1065000000
output.cash,302,4.01,1064000000
output.cash,303,4.02,1063000000
output.cash,304,4.03,1061000000
output.cash,305,4.04,1060000000
output.cash,306,4.05,1059000000
output.cash,307,4.06,1057000000
output.cash,308,4.07,1056000000
output.cash,309,4.08,1055000000
output.cash,310,4.09,1053000000
output.cash,311,4.1,1052000000
output.cash,312,4.11,1051000000
output.cash,313,4.12,1049000000
output.cash,314,4.13,1048000000
output.cash,315,4.14,1047000000
output.cash,316,4.15,1045000000
output.cash,317,4.16,1044000000
output.cash,318,4.17,1043000000
output.cash,319,4.18,1041000000
output.cash,320,4.19,1040000000
output.cash,321,4.2,1039000000
output.cash,322,4.21,1037000000
output.cash,323,4.22,1036000000
output.cash,324,4.23,1035000000
output.cash,325,4.24,1033000000
output.cash,326,4.25,1032000000
output.cash,327,4.26,1031000000
output.cash,328,4.27,1029000000
output.cash,329,4.28,1028000000
output.cash,330,4.29,1027000000
output.cash,331,4.3,1025000000
output.cash,332,4.31,1024000000
output.cash,333,4.32,1023000000
output.cash,334,4.33,1021000000
output.cash,335,4.34,1020000000
output.cash,336,4.35,1019000000
output.cash,337,4.36,1017000000
output.cash,338,4.37,1016000000
output.cash,339,4.38,1015000000
output.cash,340,4.39,1013000000
output.cash,341,4.4,1012000000
output.cash,342,4.41,1011000000
output.cash,343,4.42,1009000000
output.cash,344,4.43,1008000000
output.cash,345,4.44,1007000000
output.cash,346,4.45,1005000000
output.cash,347,4.46,1004000000
output.cash,348,4.47,1003000000
output.cash,349,4.48,1001000000
output.cash,350,4.49,1000000000
output.cash,351,4.5,998700000
output.cash,352,4.51,997300000
output.cash,353,4.52,996000000
output.cash,354,4.53,994700000
output.cash,355,4.54,993300000
output.cash,356,4.55,992000000
output.cash,357,4.56,990700000
output.cash,358,4.57,989300000
output.cash,359,4.58,988000000
output.cash,360,4.59,986700000
output.cash,361,4.6,985300000
output.cash,362,4.61,984000000
output.cash,363,4.62,982700000
output.cash,364,4.63,981300000
output.cash,365,4.64,980000000
output.cash,366,4.65,978700000
output.cash,367,4.66,977300000
output.cash,368,4.67,976000000
output.cash,369,4.68,974700000
output.cash,370,4.69,973300000
output.cash,371,4.7,972000000
output.cash,372,4.71,970700000
output.cash,373,4.72,969300000
output.cash,374,4.73,968000000
output.cash,375,4.74,966700000
output.cash,376,4.75,965300000
output.cash,377,4.76,964000000
output.cash,378,4.77,962700000
output.cash,379,4.78,961300000
output.cash,380,4.79,960000000
output.cash,381,4.8,958700000
output.cash,382,4.81,957300000
output.cash,383,4.82,956000000
output.cash,384,4.83,954700000
output.cash,385,4.84,953300000
output.cash,386,4.85,952000000
output.cash,387,4.86,950700000
output.cash,388,4.87,949300000
output.cash,389,4.88,948000000
output.cash,390,4.89,946700000
output.cash,391,4.9,945300000
output.cash,392,4.91,944000000
output.cash,393,4.92,942700000
output.cash,394,4.93,941300000
output.cash,395,4.94,940000000
output.cash,396,4.95,938700000
output.cash,397,4.96,937300000
output.cash,398,4.97,936000000
output.cash,399,4.98,934700000
output.cash,400,4.99,933300000
output.cash,401,5,932000000
output.cash,402,5.01,930700000
output.cash,403,5.02,929300000
output.cash,404,5.03,928000000
output.cash,405,5.04,926700000
output.cash,406,5.05,925300000
output.cash,407,5.06,924000000
output.cash,408,5.07,922700000
output.cash,409,5.08,921300000
output.cash,410,5.09,920000000
output.cash,411,5.1,918700000
output.cash,412,5.11,917300000
output.cash,413,5.12,916000000
output.cash,414,5.13,914700000
output.cash,415,5.14,913300000
output.cash,416,5.15,912000000
output.cash,417,5.16,910700000
output.cash,418,5.17,909300000
output.cash,419,5.18,908000000
output.cash,420,5.19,906700000
output.cash,421,5.2,905300000
output.cash,422,5.21,904000000
output.cash,423,5.22,902700000
output.cash,424,5.23,901300000
output.cash,425,5.24,900000000
output.cash,426,5.25,898000000
output.cash,427,5.26,896000000
output.cash,428,5.27,894000000
output.cash,429,5.28,892000000
output.cash,430,5.29,890000000
output.cash,431,5.3,888000000
output.cash,432,5.31,886000000
output.cash,433,5.32,884000000
output.cash,434,5.33,882000000
output.cash,435,5.34,880000000
output.cash,436,5.35,878000000
output.cash,437,5.36,876000000
output.cash,438,5.37,874000000
output.cash,439,5.38,872000000
output.cash,440,5.39,870000000
output.cash,441,5.4,868000000
output.cash,442,5.41,866000000
output.cash,443,5.42,864000000
output.cash,444,5.43,862000000
output.cash,445,5.44,860000000
output.cash,446,5.45,858000000
output.cash,447,5.46,856000000
output.cash,448,5.47,854000000
output.cash,449,5.48,852000000
output.cash,450,5.49,850000000
output.cash,451,5.5,848000000
output.cash,452,5.51,846000000
output.cash,453,5.52,844000000
output.cash,454,5.53,842000000
output.cash,455,5.54,840000000
output.cash,456,5.55,838000000
output.cash,457,5.56,836000000
output.cash,458,5.57,834000000
output.cash,459,5.58,832000000
output.cash,460,5.59,830000000
output.cash,461,5.6,828000000
output.cash,462,5.61,826000000
output.cash,463,5.62,824000000
output.cash,464,5.63,822000000
output.cash,465,5.64,820000000
output.cash,466,5.65,818000000
output.cash,467,5.66,816000000
output.cash,468,5.67,814000000
output.cash,469,5.68,812000000
output.cash,470,5.69,810000000
output.cash,471,5.7,808000000
output.cash,472,5.71,806000000
output.cash,473,5.72,804000000
output.cash,474,5.73,802000000
output.cash,475,5.74,800000000
output.cash,476,5.75,798000000
output.cash,477,5.76,796000000
output.cash,478,5.77,794000000
output.cash,479,5.78,792000000
output.cash,480,5.79,790000000
output.cash,481,5.8,788000000
output.cash,482,5.81,786000000
output.cash,483,5.82,784000000
output.cash,484,5.83,782000000
output.cash,485,5.84,780000000
output.cash,486,5.85,778000000
output.cash,487,5.86,776000000
output.cash,488,5.87,774000000
output.cash,489,5.88,772000000
output.cash,490,5.89,770000000
output.cash,491,5.9,768000000
output.cash,492,5.91,766000000
output.cash,493,5.92,764000000
output.cash,494,5.93,762000000
output.cash,495,5.94,760000000
output.cash,496,5.95,758000000
output.cash,497,5.96,756000000
output.cash,498,5.97,754000000
output.cash,499,5.98,752000000
output.cash,500,5.99,750000000
output.cash,501,6,748000000
output.cash,502,6.01,746000000
output.cash,503,6.02,744000000
output.cash,504,6.03,742000000
output.cash,505,6.04,740000000
output.cash,506,6.05,738000000
output.cash,507,6.06,736000000
output.cash,508,6.07,734000000
output.cash,509,6.08,732000000
output.cash,510,6.09,730000000
output.cash,511,6.1,728000000
output.cash,512,6.11,726000000
output.cash,513,6.12,724000000
output.cash,514,6.13,722000000
output.cash,515,6.14,720000000
output.cash,516,6.15,718000000
output.cash,517,6.16,716000000
output.cash,518,6.17,714000000
output.cash,519,6.18,712000000
output.cash,520,6.19,710000000
output.cash,521,6.2,708000000
output.cash,522,6.21,706000000
output.cash,523,6.22,704000000
output.cash,524,6.23,702000000
output.cash,525,6.24,700000000
output.cash,526,6.25,698000000
output.cash,527,6.26,696000000
output.cash,528,6.27,694000000
output.cash,529,6.28,692000000
output.cash,530,6.29,690000000
output.cash,531,6.3,688000000
output.cash,532,6.31,686000000
output.cash,533,6.32,684000000
output.cash,534,6.33,682000000
output.cash,535,6.34,680000000
output.cash,536,6.35,678000000
output.cash,537,6.36,676000000
output.cash,538,6.37,674000000
output.cash,539,6.38,672000000
output.cash,540,6.39,670000000
output.cash,541,6.4,668000000
output.cash,542,6.41,666000000
output.cash,543,6.42,664000000
output.cash,544,6.43,662000000
output.cash,545,6.44,660000000
output.cash,546,6.45,658000000
output.cash,547,6.46,656000000
output.cash,548,6.47,654000000
output.cash,549,6.48,652000000
output.cash,550,6.49,650000000
output.cash,551,6.5,648000000
output.cash,552,6.51,646000000
output.cash,553,6.52,644000000
output.cash,554,6.53,642000000
output.cash,555,6.54,640000000
output.cash,556,6.55,638000000
output.cash,557,6.56,636000000
output.cash,558,6.57,634000000
output.cash,559,6.58,632000000
output.cash,560,6.59,630000000
output.cash,561,6.6,628000000
output.cash,562,6.61,626000000
output.cash,563,6.62,624000000
output.cash,564,6.63,622000000
output.cash,565,6.64,620000000
output.cash,566,6.65,618000000
output.cash,567,6.66,616000000
output.cash,568,6.67,614000000
output.cash,569,6.68,612000000
output.cash,570,6.69,610000000
output.cash,571,6.7,608000000
output.cash,572,6.71,606000000
output.cash,573,6.72,604000000
output.cash,574,6.73,602000000
output.cash,575,6.74,600000000
output.cash,576,6.75,598000000
output.cash,577,6.76,596000000
output.cash,578,6.77,594000000
output.cash,579,6.78,592000000
output.cash,580,6.79,590000000
output.cash,581,6.8,588000000
output.cash,582,6.81,586000000
output.cash,583,6.82,584000000
output.cash,584,6.83,582000000
output.cash,585,6.84,580000000
output.cash,586,6.85,578000000
output.cash,587,6.86,576000000
output.cash,588,6.87,574000000
output.cash,589,6.88,572000000
output.cash,590,6.89,570000000
output.cash,591,6.9,568000000
output.cash,592,6.91,566000000
output.cash,593,6.92,564000000
output.cash,594,6.93,562000000
output.cash,595,6.94,560000000
output.cash,596,6.95,558000000
output.cash,597,6.96,556000000
output.cash,598,6.97,554000000
output.cash,599,6.98,552000000
output.cash,600,6.99,550000000
output.cash,601,7,548000000
output.cash,602,7.01,546000000
output.cash,603,7.02,544000000
output.cash,604,7.03,542000000
output.cash,605,7.04,540000000
output.cash,606,7.05,538000000
output.cash,607,7.06,536000000
output.cash,608,7.07,534000000
output.cash,609,7.08,532000000
output.cash,610,7.09,530000000
output.cash,611,7.1,528000000
output.cash,612,7.11,526000000
output.cash,613,7.12,524000000
output.cash,614,7.13,522000000
output.cash,615,7.14,520000000
output.cash,616,7.15,518000000
output.cash,617,7.16,516000000
output.cash,618,7.17,514000000
output.cash,619,7.18,512000000
output.cash,620,7.19,510000000
output.cash,621,7.2,508000000
output.cash,622,7.21,506000000
output.cash,623,7.22,504000000
output.cash,624,7.23,502000000
output.cash,625,7.24,500000000
output.cash,626,7.25,499700000
output.cash,627,7.26,499400000
output.cash,628,7.27,499100000
output.cash,629,7.28,498800000
output.cash,630,7.29,498500000
output.cash,631,7.3,498200000
output.cash,632,7.31,497800000
output.cash,633,7.32,497500000
output.cash,634,7.33,497200000
output.cash,635,7.34,496900000
output.cash,636,7.35,496600000
output.cash,637,7.36,496300000
output.cash,638,7.37,496000000
output.cash,639,7.38,495700000
output.cash,640,7.39,495400000
output.cash,641,7.4,495100000
output.cash,642,7.41,494800000
output.cash,643,7.42,494500000
output.cash,644,7.43,494200000
output.cash,645,7.44,493800000
output.cash,646,7.45,493500000
output.cash,647,7.46,493200000
output.cash,648,7.47,492900000
output.cash,649,7.48,492600000
output.cash,650,7.49,492300000
output.cash,651,7.5,492000000
output.cash,652,7.51,491700000
output.cash,653,7.52,491400000
output.cash,654,7.53,491100000
output.cash,655,7.54,490800000
output.cash,656,7.55,490500000
output.cash,657,7.56,490200000
output.cash,658,7.57,489800000
output.cash,659,7.58,489500000
output.cash,660,7.59,489200000
output.cash,661,7.6,488900000
output.cash,662,7.61,488600000
output.cash,663,7.62,488300000
output.cash,664,7.63,488000000
output.cash,665,7.64,487700000
output.cash,666,7.65,487400000
output.cash,667,7.66,487100000
output.cash,668,7.67,486800000
output.cash,669,7.68,486500000
output.cash,670,7.69,486200000
output.cash,671,7.7,485800000
output.cash,672,7.71,485500000
output.cash,673,7.72,485200000
output.cash,674,7.73,484900000
output.cash,675,7.74,484600000
output.cash,676,7.75,484300000
output.cash,677,7.76,484000000
output.cash,678,7.77,483700000
output.cash,679,7.78,483400000
output.cash,680,7.79,483100000
output.cash,681,7.8,482800000
output.cash,682,7.81,482500000
output.cash,683,7.82,482200000
output.cash,684,7.83,481800000
output.cash,685,7.84,481500000
output.cash,686,7.85,481200000
output.cash,687,7.86,480900000
output.cash,688,7.87,480600000
output.cash,689,7.88,480300000
output.cash,690,7.89,480000000
output.cash,691,7.9,479700000
output.cash,692,7.91,479400000
output.cash,693,7.92,479100000
output.cash,694,7.93,478800000
output.cash,695,7.94,478500000
output.cash,696,7.95,478200000
output.cash,697,7.96,477800000
output.cash,698,7.97,477500000
output.cash,699,7.98,477200000
output.cash,700,7.99,476900000
output.cash,701,8,476600000
output.cash,702,8.01,476300000
output.cash,703,8.02,476000000
output.cash,704,8.03,475700000
output.cash,705,8.04,475400000
output.cash,706,8.05,475100000
output.cash,707,8.06,474800000
output.cash,708,8.07,474500000
output.cash,709,8.08,474200000
output.cash,710,8.09,473800000
output.cash,711,8.1,473500000
output.cash,712,8.11,473200000
output.cash,713,8.12,472900000
output.cash,714,8.13,472600000
output.cash,715,8.14,472300000
output.cash,716,8.15,472000000
output.cash,717,8.16,471700000
output.cash,718,8.17,471400000
output.cash,719,8.18,471100000
output.cash,720,8.19,470800000
output.cash,721,8.2,470500000
output.cash,722,8.21,470200000
output.cash,723,8.22,469800000
output.cash,724,8.23,469500000
output.cash,725,8.24,469200000
output.cash,726,8.25,468900000
output.cash,727,8.26,468600000
output.cash,728,8.27,468300000
output.cash,729,8.28,468000000
output.cash,730,8.29,467700000
output.cash,731,8.3,467400000
output.cash,732,8.31,467100000
output.cash,733,8.32,466800000
output.cash,734,8.33,466500000
output.cash,735,8.34,466200000
output.cash,736,8.35,465800000
output.cash,737,8.36,465500000
output.cash,738,8.37,465200000
output.cash,739,8.38,464900000
output.cash,740,8.39,464600000
output.cash,741,8.4,464300000
output.cash,742,8.41,464000000
output.cash,743,8.42,463700000
output.cash,744,8.43,463400000
output.cash,745,8.44,463100000
output.cash,746,8.45,462800000
output.cash,747,8.46,462500000
output.cash,748,8.47,462200000
output.cash,749,8.48,461800000
output.cash,750,8.49,461500000
output.cash,751,8.5,461200000
output.cash,752,8.51,460900000
output.cash,753,8.52,460600000
output.cash,754,8.53,460300000
output.cash,755,8.54,460000000
output.cash,756,8.55,459700000
output.cash,757,8.56,459400000
output.cash,758,8.57,459100000
output.cash,759,8.58,458800000
output.cash,760,8.59,458500000
output.cash,761,8.6,458200000
output.cash,762,8.61,457800000
output.cash,763,8.62,457500000
output.cash,764,8.63,457200000
output.cash,765,8.64,456900000
output.cash,766,8.65,456600000
output.cash,767,8.66,456300000
output.cash,768,8.67,456000000
output.cash,769,8.68,455700000
output.cash,770,8.69,455400000
output.cash,771,8.7,455100000
output.cash,772,8.71,454800000
output.cash,773,8.72,454500000
output.cash,774,8.73,454200000
output.cash,775,8.74,453800000
output.cash,776,8.75,453500000
output.cash,777,8.76,453200000
output.cash,778,8.77,452900000
output.cash,779,8.78,452600000
output.cash,780,8.79,452300000
output.cash,781,8.8,452000000
output.cash,782,8.81,451700000
output.cash,783,8.82,451400000
output.cash,784,8.83,451100000
output.cash,785,8.84,450800000
output.cash,786,8.85,450500000
output.cash,787,8.86,450200000
output.cash,788,8.87,449800000
output.cash,789,8.88,449500000
output.cash,790,8.89,449200000
output.cash,791,8.9,448900000
output.cash,792,8.91,448600000
output.cash,793,8.92,448300000
output.cash,794,8.93,448000000
output.cash,795,8.94,447700000
output.cash,796,8.95,447400000
output.cash,797,8.96,447100000
output.cash,798,8.97,446800000
output.cash,799,8.98,446500000
output.cash,800,8.99,446200000
output.cash,801,9,445800000
output.cash,802,9.01,445500000
output.cash,803,9.02,445200000
output.cash,804,9.03,444900000
output.cash,805,9.04,444600000
output.cash,806,9.05,444300000,444300000
output.cash,807,9.06,444000000,444300000
output.cash,808,9.07,443700000,444300000
output.cash,809,9.08,443400000,444300000
output.cash,810,9.09,443100000,444300000
output.cash,811,9.1,442800000,444300000
output.cash,812,9.11,442500000,444300000
output.cash,813,9.12,442200000,444300000
output.cash,814,9.13,441800000,444300000
output.cash,815,9.14,441500000,444300000
output.cash,816,9.15,441200000,444300000
output.cash,817,9.16,440900000,444300000
output.cash,818,9.17,440600000,444300000
output.cash,819,9.18,440300000,444300000
output.cash,820,9.19,440000000,444300000
output.cash,821,9.2,439700000,444300000
output.cash,822,9.21,439400000,444300000
output.cash,823,9.22,439100000,444300000
output.cash,824,9.23,438800000,444300000
output.cash,825,9.24,438500000,444300000
output.cash,826,9.25,438200000,444300000
output.cash,827,9.26,437800000,444300000
output.cash,828,9.27,437500000,444300000
output.cash,829,9.28,437200000,444300000
output.cash,830,9.29,436900000,444300000
output.cash,831,9.3,436600000,444300000
output.cash,832,9.31,436300000,444300000
output.cash,833,9.32,436000000,444300000
output.cash,834,9.33,435700000,444300000
output.cash,835,9.34,435400000,444300000
output.cash,836,9.35,435100000,444300000
output.cash,837,9.36,434800000,444300000
output.cash,838,9.37,434500000,444300000
output.cash,839,9.38,434200000,444300000
output.cash,840,9.39,433800000,444300000
output.cash,841,9.4,433500000,444300000
output.cash,842,9.41,433200000,444300000
output.cash,843,9.42,432900000,444300000
output.cash,844,9.43,432600000,444300000
output.cash,845,9.44,432300000,444300000
output.cash,846,9.45,432000000,444300000
output.cash,847,9.46,431700000,444300000
output.cash,848,9.47,431400000,444300000
output.cash,849,9.48,431100000,444300000
output.cash,850,9.49,430800000,444300000
output.cash,851,9.5,430500000,444300000
output.cash,852,9.51,430200000,444300000
output.cash,853,9.52,429800000,444300000
output.cash,854,9.53,429500000,444300000
output.cash,855,9.54,429200000,444300000
output.cash,856,9.55,428900000,444300000
output.cash,857,9.56,428600000,444300000
output.cash,858,9.57,428300000,444300000
output.cash,859,9.58,428000000,444300000
output.cash,860,9.59,427700000,444300000
output.cash,861,9.6,427400000,444300000
output.cash,862,9.61,427100000,444300000
output.cash,863,9.62,426800000,444300000
output.cash,864,9.63,426500000,444300000
output.cash,865,9.64,426200000,444300000
output.cash,866,9.65,425800000,444300000
output.cash,867,9.66,425500000,444300000
output.cash,868,9.67,425200000,444300000
output.cash,869,9.68,424900000,444300000
output.cash,870,9.69,424600000,444300000
output.cash,871,9.7,424300000,444300000
output.cash,872,9.71,424000000,444300000
output.cash,873,9.72,423700000,444300000
output.cash,874,9.73,423400000,444300000
output.cash,875,9.74,423100000,444300000
output.cash,876,9.75,422800000,444300000
output.cash,877,9.76,422500000,444300000
output.cash,878,9.77,422200000,444300000
output.cash,879,9.78,421800000,444300000
output.cash,880,9.79,421500000,444300000
output.cash,881,9.8,421200000,444300000
output.cash,882,9.81,420900000,444300000
output.cash,883,9.82,420600000,444300000
output.cash,884,9.83,420300000,444300000
output.cash,885,9.84,420000000,444300000
output.cash,886,9.85,419700000,444300000
output.cash,887,9.86,419400000,444300000
output.cash,888,9.87,419100000,444300000
output.cash,889,9.88,418800000,444300000
output.cash,890,9.89,418500000,444300000
output.cash,891,9.9,418200000,444300000
output.cash,892,9.91,417800000,444300000
output.cash,893,9.92,417500000,444300000
output.cash,894,9.93,417200000,444300000
output.cash,895,9.94,416900000,444300000
output.cash,896,9.95,416600000,444300000
output.cash,897,9.96,416300000,444300000
output.cash,898,9.97,416000000,444300000
output.cash,899,9.98,415700000,444300000
output.cash,900,9.99,415400000,444300000
output.cash,901,10,415100000,444300000
output.cash,902,10.01,414800000,444300000
output.cash,903,10.02,414500000,444300000
output.cash,904,10.03,414200000,444300000
output.cash,905,10.04,413800000,444300000
output.cash,906,10.05,413500000,444300000
output.cash,907,10.06,413200000,444300000
output.cash,908,10.07,412900000,444300000
output.cash,909,10.08,412600000,444300000
output.cash,910,10.09,412300000,444300000
output.cash,911,10.1,412000000,444300000
output.cash,912,10.11,411700000,444300000
output.cash,913,10.12,411400000,444300000
output.cash,914,10.13,411100000,444300000
output.cash,915,10.14,410800000,444300000
output.cash,916,10.15,410500000,444300000
output.cash,917,10.16,410200000,444300000
output.cash,918,10.17,409800000,444300000
output.cash,919,10.18,409500000,444300000
output.cash,920,10.19,409200000,444300000
output.cash,921,10.2,408900000,444300000
output.cash,922,10.21,408600000,444300000
output.cash,923,10.22,408300000,444300000
output.cash,924,10.23,408000000,444300000
output.cash,925,10.24,407700000,444300000
output.cash,926,10.25,407400000,444300000
output.cash,927,10.26,407100000,444300000
output.cash,928,10.27,406800000,444300000
output.cash,929,10.28,406500000,444300000
output.cash,930,10.29,406200000,444300000
output.cash,931,10.3,405800000,444300000
output.cash,932,10.31,405500000,444300000
output.cash,933,10.32,405200000,444300000
output.cash,934,10.33,404900000,444300000
output.cash,935,10.34,404600000,444300000
output.cash,936,10.35,404300000,444300000
output.cash,937,10.36,404000000,444300000
output.cash,938,10.37,403700000,444300000
output.cash,939,10.38,403400000,444300000
output.cash,940,10.39,403100000,444300000
output.cash,941,10.4,402800000,444300000
output.cash,942,10.41,402500000,444300000
output.cash,943,10.42,402200000,444300000
output.cash,944,10.43,401800000,444300000
output.cash,945,10.44,401500000,444300000
output.cash,946,10.45,401200000,444300000
output.cash,947,10.46,400900000,444300000
output.cash,948,10.47,400600000,444300000
output.cash,949,10.48,400300000,444300000
output.cash,950,10.49,400000000,444300000
output.cash,951,10.5,398900000,444300000
output.cash,952,10.51,397800000,444300000
output.cash,953,10.52,396700000,444300000
output.cash,954,10.53,395600000,444300000
output.cash,955,10.54,394400000,444300000
output.cash,956,10.55,393300000,444300000
output.cash,957,10.56,392200000,444300000
output.cash,958,10.57,391100000,444300000
output.cash,959,10.58,390000000,444300000
output.cash,960,10.59,388900000,444300000
output.cash,961,10.6,387800000,444300000
output.cash,962,10.61,386700000,444300000
output.cash,963,10.62,385600000,444300000
output.cash,964,10.63,384400000,444300000
output.cash,965,10.64,383300000,444300000
output.cash,966,10.65,382200000,444300000
output.cash,967,10.66,381100000,444300000
output.cash,968,10.67,380000000,444300000
output.cash,969,10.68,378900000,444300000
output.cash,970,10.69,377800000,444300000
output.cash,971,10.7,376700000,444300000
output.cash,972,10.71,375600000,444300000
output.cash,973,10.72,374400000,444300000
output.cash,974,10.73,373300000,444300000
output.cash,975,10.74,372200000,444300000
output.cash,976,10.75,371100000,444300000
output.cash,977,10.76,370000000,444300000
output.cash,978,10.77,368900000,444300000
output.cash,979,10.78,367800000,444300000
output.cash,980,10.79,366700000,444300000
output.cash,981,10.8,365600000,444300000
output.cash,982,10.81,364400000,444300000
output.cash,983,10.82,363300000,444300000
output.cash,984,10.83,362200000,444300000
output.cash,985,10.84,361100000,444300000
output.cash,986,10.85,360000000,444300000
output.cash,987,10.86,358900000,444300000
output.cash,988,10.87,357800000,444300000
output.cash,989,10.88,356700000,444300000
output.cash,990,10.89,355600000,444300000
output.cash,991,10.9,354400000,444300000
output.cash,992,10.91,353300000,444300000
output.cash,993,10.92,352200000,444300000
output.cash,994,10.93,351100000,444300000
output.cash,995,10.94,350000000,444300000
output.cash,996,10.95,348900000,444300000
output.cash,997,10.96,347800000,444300000
output.cash,998,10.97,346700000,444300000
output.cash,999,10.98,345600000,444300000
output.cash,1000,10.99,344400000,444300000
output.cash,1001,11,343300000
output.cash,1002,14,342200000
output.cash,1003,17,341100000
output.cash,1004,20,340000000
output.cash,1005,23,338900000
output.cash,1006,26,337800000
output.cash,1007,29,336700000
output.cash,1008,32,335600000
output.cash,1009,35,334400000
output.cash,1010,38,333300000
output.cash,1011,41,332200000
output.cash,1012,44,331100000
output.cash,1013,47,330000000
output.cash,1014,50,328900000
output.cash,1015,53,327800000
output.cash,1016,56,326700000
output.cash,1017,59,325600000
output.cash,1018,62,324400000
output.cash,1019,65,323300000
output.cash,1020,68,322200000
output.cash,1021,71,321100000
output.cash,1022,74,320000000
output.cash,1023,77,318900000
output.cash,1024,80,317800000
output.cash,1025,83,316700000
output.cash,1026,86,315600000
output.cash,1027,89,314400000
output.cash,1028,92,313300000
output.cash,1029,95,312200000
output.cash,1030,98,311100000
output.cash,1031,101,310000000
output.cash,1032,104,308900000
output.cash,1033,107,307800000
output.cash,1034,110,306700000
output.cash,1035,113,305600000
output.cash,1036,116,304400000
output.cash,1037,119,303300000
output.cash,1038,122,302200000
output.cash,1039,125,301100000
output.cash,1040,128,300000000
output.cash,1041,131,290000000
output.cash,1042,134,280000000
output.cash,1043,137,270000000
output.cash,1044,140,260000000
output.cash,1045,143,250000000
output.cash,1046,146,240000000
output.cash,1047,149,230000000
output.cash,1048,152,220000000
output.cash,1049,155,210000000
output.cash,1050,158,200000000
output.cash,1051,161,190000000
output.cash,1052,164,180000000
output.cash,1053,167,170000000
output.cash,1054,170,160000000
output.cash,1055,173,150000000
output.cash,1056,176,140000000
output.cash,1057,179,130000000
output.cash,1058,182,120000000
output.cash,1059,185,110000000
output.cash,1060,188,100000000
output.cash,1061,191,99860000
output.cash,1062,194,99730000
output.cash,1063,197,99590000
output.cash,1064,200,99460000
output.cash,1065,203,99320000
output.cash,1066,206,99190000
output.cash,1067,209,99050000
output.cash,1068,212,98920000
output.cash,1069,215,98780000
output.cash,1070,218,98650000
output.cash,1071,221,98510000
output.cash,1072,224,98380000
output.cash,1073,227,98240000
output.cash,1074,230,98110000
output.cash,1075,233,97970000
output.cash,1076,236,97840000
output.cash,1077,239,97700000
output.cash,1078,242,97570000
output.cash,1079,245,97430000
output.cash,1080,248,97300000
output.cash,1081,251,97160000
output.cash,1082,254,97030000
output.cash,1083,257,96890000
output.cash,1084,260,96760000
output.cash,1085,263,96620000
output.cash,1086,266,96490000
output.cash,1087,269,96350000
output.cash,1088,272,96220000
output.cash,1089,275,96080000
output.cash,1090,278,95950000
output.cash,1091,281,95810000
output.cash,1092,284,95680000
output.cash,1093,287,95540000
output.cash,1094,290,95410000
output.cash,1095,293,95270000
output.cash,1096,296,95140000
output.cash,1097,299,95000000
output.cash,1098,302,94860000
output.cash,1099,305,94730000
output.cash,1100,308,94590000
output.cash,1101,311,94460000
output.cash,1102,314,94320000
output.cash,1103,317,94190000
output.cash,1104,320,94050000
output.cash,1105,323,93920000
output.cash,1106,326,93780000
output.cash,1107,329,93650000
output.cash,1108,332,93510000
output.cash,1109,335,93380000
output.cash,1110,338,93240000
output.cash,1111,341,93110000
output.cash,1112,344,92970000
output.cash,1113,347,92840000
output.cash,1114,350,92700000
output.cash,1115,353,92570000
output.cash,1116,356,92430000
output.cash,1117,359,92300000
output.cash,1118,362,92160000
output.cash,1119,365,92030000
output.cash,1120,368,91890000
output.cash,1121,371,91760000
output.cash,1122,374,91620000
output.cash,1123,377,91490000
output.cash,1124,380,91350000
output.cash,1125,383,91220000
output.cash,1126,386,91080000
output.cash,1127,389,90950000
output.cash,1128,392,90810000
output.cash,1129,395,90680000
output.cash,1130,398,90540000
output.cash,1131,401,90410000
output.cash,1132,404,90270000
output.cash,1133,407,90140000
output.cash,1134,410,90000000
output.cash,1135,413,89860000
output.cash,1136,416,89730000
output.cash,1137,419,89590000
output.cash,1138,422,89460000
output.cash,1139,425,89320000
output.cash,1140,428,89190000
output.cash,1141,431,89050000
output.cash,1142,434,88920000
output.cash,1143,437,88780000
output.cash,1144,440,88650000
output.cash,1145,443,88510000
output.cash,1146,446,88380000
output.cash,1147,449,88240000
output.cash,1148,452,88110000
output.cash,1149,455,87970000
output.cash,1150,458,87840000
output.cash,1151,461,87700000
output.cash,1152,464,87570000
output.cash,1153,467,87430000
output.cash,1154,470,87300000
output.cash,1155,473,87160000
output.cash,1156,476,87030000
output.cash,1157,479,86890000
output.cash,1158,482,86760000
output.cash,1159,485,86620000
output.cash,1160,488,86490000
output.cash,1161,491,86350000
output.cash,1162,494,86220000
output.cash,1163,497,86080000
output.cash,1164,500,85950000
output.cash,1165,503,85810000
output.cash,1166,506,85680000
output.cash,1167,509,85540000
output.cash,1168,512,85410000
output.cash,1169,515,85270000
output.cash,1170,518,85140000
output.cash,1171,521,85000000
output.cash,1172,524,84860000
output.cash,1173,527,84730000
output.cash,1174,530,84590000
output.cash,1175,533,84460000
output.cash,1176,536,84320000
output.cash,1177,539,84190000
output.cash,1178,542,84050000
output.cash,1179,545,83920000
output.cash,1180,548,83780000
output.cash,1181,551,83650000
output.cash,1182,554,83510000
output.cash,1183,557,83380000
output.cash,1184,560,83240000
output.cash,1185,563,83110000
output.cash,1186,566,82970000
output.cash,1187,569,82840000
output.cash,1188,572,82700000
output.cash,1189,575,82570000
output.cash,1190,578,82430000
output.cash,1191,581,82300000
output.cash,1192,584,82160000
output.cash,1193,587,82030000
output.cash,1194,590,81890000
output.cash,1195,593,81760000
output.cash,1196,596,81620000
output.cash,1197,599,81490000
output.cash,1198,602,81350000
output.cash,1199,605,81220000
output.cash,1200,608,81080000
output.cash,1201,611,80950000
output.cash,1202,614,80810000
output.cash,1203,617,80680000
output.cash,1204,620,80540000
output.cash,1205,623,80410000
output.cash,1206,626,80270000
output.cash,1207,629,80140000
output.cash,1208,632,80000000
output.cash,1209,635,79860000
output.cash,1210,638,79730000
output.cash,1211,641,79590000
output.cash,1212,644,79460000
output.cash,1213,647,79320000
output.cash,1214,650,79190000
output.cash,1215,653,79050000
output.cash,1216,656,78920000
output.cash,1217,659,78780000
output.cash,1218,662,78650000
output.cash,1219,665,78510000
output.cash,1220,668,78380000
output.cash,1221,671,78240000
output.cash,1222,674,78110000
output.cash,1223,677,77970000
output.cash,1224,680,77840000
output.cash,1225,683,77700000
output.cash,1226,686,77570000
output.cash,1227,689,77430000
output.cash,1228,692,77300000
output.cash,1229,695,77160000
output.cash,1230,698,77030000
output.cash,1231,701,76890000
output.cash,1232,704,76760000
output.cash,1233,707,76620000
output.cash,1234,710,76490000
output.cash,1235,713,76350000
output.cash,1236,716,76220000
output.cash,1237,719,76080000
output.cash,1238,722,75950000
output.cash,1239,725,75810000
output.cash,1240,728,75680000
output.cash,1241,731,75540000
output.cash,1242,734,75410000
output.cash,1243,737,75270000
output.cash,1244,740,75140000
output.cash,1245,743,75000000
output.cash,1246,746,74860000
output.cash,1247,749,74730000
output.cash,1248,752,74590000
output.cash,1249,755,74460000
output.cash,1250,758,74320000
output.cash,1251,761,74190000
output.cash,1252,764,74050000
output.cash,1253,767,73920000
output.cash,1254,770,73780000
output.cash,1255,773,73650000
output.cash,1256,776,73510000
output.cash,1257,779,73380000
output.cash,1258,782,73240000
output.cash,1259,785,73110000
output.cash,1260,788,72970000
output.cash,1261,791,72840000
output.cash,1262,794,72700000
output.cash,1263,797,72570000
output.cash,1264,800,72430000
output.cash,1265,803,72300000
output.cash,1266,806,72160000
output.cash,1267,809,72030000
output.cash,1268,812,71890000
output.cash,1269,815,71760000
output.cash,1270,818,71620000
output.cash,1271,821,71490000
output.cash,1272,824,71350000
output.cash,1273,827,71220000
output.cash,1274,830,71080000
output.cash,1275,833,70950000
output.cash,1276,836,70810000
output.cash,1277,839,70680000
output.cash,1278,842,70540000
output.cash,1279,845,70410000
output.cash,1280,848,70270000
output.cash,1281,851,70140000
output.cash,1282,854,70000000
output.cash,1283,857,69860000
output.cash,1284,860,69730000
output.cash,1285,863,69590000
output.cash,1286,866,69460000
output.cash,1287,869,69320000
output.cash,1288,872,69190000
output.cash,1289,875,69050000
output.cash,1290,878,68920000
output.cash,1291,881,68780000
output.cash,1292,884,68650000
output.cash,1293,887,68510000
output.cash,1294,890,68380000
output.cash,1295,893,68240000
output.cash,1296,896,68110000
output.cash,1297,899,67970000
output.cash,1298,902,67840000
output.cash,1299,905,67700000
output.cash,1300,908,67570000
output.cash,1301,911,67430000
output.cash,1302,914,67300000
output.cash,1303,917,67160000
output.cash,1304,920,67030000
output.cash,1305,923,66890000
output.cash,1306,926,66760000
output.cash,1307,929,66620000
output.cash,1308,932,66490000
output.cash,1309,935,66350000
output.cash,1310,938,66220000
output.cash,1311,941,66080000
output.cash,1312,944,65950000
output.cash,1313,947,65810000
output.cash,1314,950,65680000
output.cash,1315,953,65540000
output.cash,1316,956,65410000
output.cash,1317,959,65270000
output.cash,1318,962,65140000
output.cash,1319,965,65000000
output.cash,1320,968,64860000
output.cash,1321,971,64730000
output.cash,1322,974,64590000
output.cash,1323,977,64460000
output.cash,1324,980,64320000
output.cash,1325,983,64190000
output.cash,1326,986,64050000
output.cash,1327,989,63920000
output.cash,1328,992,63780000
output.cash,1329,995,63650000
output.cash,1330,998,63510000
output.cash,1331,1001,63380000
output.cash,1332,1004,63240000
output.cash,1333,1007,63110000
output.cash,1334,1010,62970000
output.cash,1335,1013,62840000
output.cash,1336,1016,62700000
output.cash,1337,1019,62570000
output.cash,1338,1022,62430000
output.cash,1339,1025,62300000
output.cash,1340,1028,62160000
output.cash,1341,1031,62030000
output.cash,1342,1034,61890000
output.cash,1343,1037,61760000
output.cash,1344,1040,61620000
output.cash,1345,1043,61490000
output.cash,1346,1046,61350000
output.cash,1347,1049,61220000
output.cash,1348,1052,61080000
output.cash,1349,1055,60950000
output.cash,1350,1058,60810000
output.cash,1351,1061,60680000
output.cash,1352,1064,60540000
output.cash,1353,1067,60410000
output.cash,1354,1070,60270000
output.cash,1355,1073,60140000
output.cash,1356,1076,60000000
output.cash,1357,1079,59860000
output.cash,1358,1082,59730000
output.cash,1359,1085,59590000
output.cash,1360,1088,59460000
output.cash,1361,1091,59320000
output.cash,1362,1094,59190000
output.cash,1363,1097,59050000
output.cash,1364,1100,58920000
output.cash,1365,1103,58780000
output.cash,1366,1106,58650000
output.cash,1367,1109,58510000
output.cash,1368,1112,58380000
output.cash,1369,1115,58240000
output.cash,1370,1118,58110000
output.cash,1371,1121,57970000
output.cash,1372,1124,57840000
output.cash,1373,1127,57700000
output.cash,1374,1130,57570000
output.cash,1375,1133,57430000
output.cash,1376,1136,57300000
output.cash,1377,1139,57160000
output.cash,1378,1142,57030000
output.cash,1379,1145,56890000
output.cash,1380,1148,56760000
output.cash,1381,1151,56620000
output.cash,1382,1154,56490000
output.cash,1383,1157,56350000
output.cash,1384,1160,56220000
output.cash,1385,1163,56080000
output.cash,1386,1166,55950000
output.cash,1387,1169,55810000
output.cash,1388,1172,55680000
output.cash,1389,1175,55540000
output.cash,1390,1178,55410000
output.cash,1391,1181,55270000
output.cash,1392,1184,55140000
output.cash,1393,1187,55000000
output.cash,1394,1190,54860000
output.cash,1395,1193,54730000
output.cash,1396,1196,54590000
output.cash,1397,1199,54460000
output.cash,1398,1202,54320000
output.cash,1399,1205,54190000
output.cash,1400,1208,54050000
output.cash,1401,1211,53920000
output.cash,1402,1214,53780000
output.cash,1403,1217,53650000
output.cash,1404,1220,53510000
output.cash,1405,1223,53380000
output.cash,1406,1226,53240000
output.cash,1407,1229,53110000
output.cash,1408,1232,52970000
output.cash,1409,1235,52840000
output.cash,1410,1238,52700000
output.cash,1411,1241,52570000
output.cash,1412,1244,52430000
output.cash,1413,1247,52300000
output.cash,1414,1250,52160000
output.cash,1415,1253,52030000
output.cash,1416,1256,51890000
output.cash,1417,1259,51760000
output.cash,1418,1262,51620000
output.cash,1419,1265,51490000
output.cash,1420,1268,51350000
output.cash,1421,1271,51220000
output.cash,1422,1274,51080000
output.cash,1423,1277,50950000
output.cash,1424,1280,50810000
output.cash,1425,1283,50680000
output.cash,1426,1286,50540000
output.cash,1427,1289,50410000
output.cash,1428,1292,50270000
output.cash,1429,1295,50140000
output.cash,1430,1298,50000000
output.cash,1431,1301,49860000
output.cash,1432,1304,49730000
output.cash,1433,1307,49590000
output.cash,1434,1310,49460000
output.cash,1435,1313,49320000
output.cash,1436,1316,49190000
output.cash,1437,1319,49050000
output.cash,1438,1322,48920000
output.cash,1439,1325,48780000
output.cash,1440,1328,48650000
output.cash,1441,1331,48510000
output.cash,1442,1334,48380000
output.cash,1443,1337,48240000
output.cash,1444,1340,48110000
output.cash,1445,1343,47970000
output.cash,1446,1346,47840000
output.cash,1447,1349,47700000
output.cash,1448,1352,47570000
output.cash,1449,1355,47430000
output.cash,1450,1358,47300000
output.cash,1451,1361,47160000
output.cash,1452,1364,47030000
output.cash,1453,1367,46890000
output.cash,1454,1370,46760000
output.cash,1455,1373,46620000
output.cash,1456,1376,46490000
output.cash,1457,1379,46350000
output.cash,1458,1382,46220000
output.cash,1459,1385,46080000
output.cash,1460,1388,45950000
output.cash,1461,1391,45810000
output.cash,1462,1394,45680000
output.cash,1463,1397,45540000
output.cash,1464,1400,45410000
output.cash,1465,1403,45270000
output.cash,1466,1406,45140000
output.cash,1467,1409,45000000
output.cash,1468,1412,44860000
output.cash,1469,1415,44730000
output.cash,1470,1418,44590000
output.cash,1471,1421,44460000
output.cash,1472,1424,44320000
output.cash,1473,1427,44190000
output.cash,1474,1430,44050000
output.cash,1475,1433,43920000
output.cash,1476,1436,43780000
output.cash,1477,1439,43650000
output.cash,1478,1442,43510000
output.cash,1479,1445,43380000
output.cash,1480,1448,43240000
output.cash,1481,1451,43110000
output.cash,1482,1454,42970000
output.cash,1483,1457,42840000
output.cash,1484,1460,42700000
output.cash,1485,1463,42570000
output.cash,1486,1466,42430000
output.cash,1487,1469,42300000
output.cash,1488,1472,42160000
output.cash,1489,1475,42030000
output.cash,1490,1478,41890000
output.cash,1491,1481,41760000
output.cash,1492,1484,41620000
output.cash,1493,1487,41490000
output.cash,1494,1490,41350000
output.cash,1495,1493,41220000
output.cash,1496,1496,41080000
output.cash,1497,1499,40950000
output.cash,1498,1502,40810000
output.cash,1499,1505,40680000
output.cash,1500,1508,40540000
output.cash,1501,1511,40410000
output.cash,1502,1514,40270000
output.cash,1503,1517,40140000
output.cash,1504,1520,40000000
output.cash,1505,1523,39860000
output.cash,1506,1526,39730000
output.cash,1507,1529,39590000
output.cash,1508,1532,39460000
output.cash,1509,1535,39320000
output.cash,1510,1538,39190000
output.cash,1511,1541,39050000
output.cash,1512,1544,38920000
output.cash,1513,1547,38780000
output.cash,1514,1550,38650000
output.cash,1515,1553,38510000
output.cash,1516,1556,38380000
output.cash,1517,1559,38240000
output.cash,1518,1562,38110000
output.cash,1519,1565,37970000
output.cash,1520,1568,37840000
output.cash,1521,1571,37700000
output.cash,1522,1574,37570000
output.cash,1523,1577,37430000
output.cash,1524,1580,37300000
output.cash,1525,1583,37160000
output.cash,1526,1586,37030000
output.cash,1527,1589,36890000
output.cash,1528,1592,36760000
output.cash,1529,1595,36620000
output.cash,1530,1598,36490000
output.cash,1531,1601,36350000
output.cash,1532,1604,36220000
output.cash,1533,1607,36080000
output.cash,1534,1610,35950000
output.cash,1535,1613,35810000
output.cash,1536,1616,35680000
output.cash,1537,1619,35540000
output.cash,1538,1622,35410000
output.cash,1539,1625,35270000
output.cash,1540,1628,35140000
output.cash,1541,1631,35000000
output.cash,1542,1634,34860000
output.cash,1543,1637,34730000
output.cash,1544,1640,34590000
output.cash,1545,1643,34460000
output.cash,1546,1646,34320000
output.cash,1547,1649,34190000
output.cash,1548,1652,34050000
output.cash,1549,1655,33920000
output.cash,1550,1658,33780000
output.cash,1551,1661,33650000
output.cash,1552,1664,33510000
output.cash,1553,1667,33380000
output.cash,1554,1670,33240000
output.cash,1555,1673,33110000
output.cash,1556,1676,32970000
output.cash,1557,1679,32840000
output.cash,1558,1682,32700000
output.cash,1559,1685,32570000
output.cash,1560,1688,32430000
output.cash,1561,1691,32300000
output.cash,1562,1694,32160000
output.cash,1563,1697,32030000
output.cash,1564,1700,31890000
output.cash,1565,1703,31760000
output.cash,1566,1706,31620000
output.cash,1567,1709,31490000
output.cash,1568,1712,31350000
output.cash,1569,1715,31220000
output.cash,1570,1718,31080000
output.cash,1571,1721,30950000
output.cash,1572,1724,30810000
output.cash,1573,1727,30680000
output.cash,1574,1730,30540000
output.cash,1575,1733,30410000
output.cash,1576,1736,30270000
output.cash,1577,1739,30140000
output.cash,1578,1742,30000000
output.cash,1579,1745,29860000
output.cash,1580,1748,29730000
output.cash,1581,1751,29590000
output.cash,1582,1754,29460000
output.cash,1583,1757,29320000
output.cash,1584,1760,29190000
output.cash,1585,1763,29050000
output.cash,1586,1766,28920000
output.cash,1587,1769,28780000
output.cash,1588,1772,28650000
output.cash,1589,1775,28510000
output.cash,1590,1778,28380000
output.cash,1591,1781,28240000
output.cash,1592,1784,28110000
output.cash,1593,1787,27970000
output.cash,1594,1790,27840000
output.cash,1595,1793,27700000
output.cash,1596,1796,27570000
output.cash,1597,1799,27430000
output.cash,1598,1802,27300000
output.cash,1599,1805,27160000
output.cash,1600,1808,27030000
output.cash,1601,1811,26890000
output.cash,1602,1814,26760000
output.cash,1603,1817,26620000
output.cash,1604,1820,26490000
output.cash,1605,1823,26350000
output.cash,1606,1826,26220000
output.cash,1607,1829,26080000
output.cash,1608,1832,25950000
output.cash,1609,1835,25810000
output.cash,1610,1838,25680000
output.cash,1611,1841,25540000
output.cash,1612,1844,25410000
output.cash,1613,1847,25270000
output.cash,1614,1850,25140000
output.cash,1615,1853,25000000
output.cash,1616,1856,24860000
output.cash,1617,1859,24730000
output.cash,1618,1862,24590000
output.cash,1619,1865,24460000
output.cash,1620,1868,24320000
output.cash,1621,1871,24190000
output.cash,1622,1874,24050000
output.cash,1623,1877,23920000
output.cash,1624,1880,23780000
output.cash,1625,1883,23650000
output.cash,1626,1886,23510000
output.cash,1627,1889,23380000
output.cash,1628,1892,23240000
output.cash,1629,1895,23110000
output.cash,1630,1898,22970000
output.cash,1631,1901,22840000
output.cash,1632,1904,22700000
output.cash,1633,1907,22570000
output.cash,1634,1910,22430000
output.cash,1635,1913,22300000
output.cash,1636,1916,22160000
output.cash,1637,1919,22030000
output.cash,1638,1922,21890000
output.cash,1639,1925,21760000
output.cash,1640,1928,21620000
output.cash,1641,1931,21490000
output.cash,1642,1934,21350000
output.cash,1643,1937,21220000
output.cash,1644,1940,21080000
output.cash,1645,1943,20950000
output.cash,1646,1946,20810000
output.cash,1647,1949,20680000
output.cash,1648,1952,20540000
output.cash,1649,1955,20410000
output.cash,1650,1958,20270000
output.cash,1651,1961,20140000
output.cash,1652,1964,20000000
output.cash,1653,1967,19860000
output.cash,1654,1970,19730000
output.cash,1655,1973,19590000
output.cash,1656,1976,19460000
output.cash,1657,1979,19320000
output.cash,1658,1982,19190000
output.cash,1659,1985,19050000
output.cash,1660,1988,18920000
output.cash,1661,1991,18780000
output.cash,1662,1994,18650000
output.cash,1663,1997,18510000
output.cash,1664,2000,18380000
output.cash,1665,2003,18240000
output.cash,1666,2006,18110000
output.cash,1667,2009,17970000
output.cash,1668,2012,17840000
output.cash,1669,2015,17700000
output.cash,1670,2018,17570000
output.cash,1671,2021,17430000
output.cash,1672,2024,17300000
output.cash,1673,2027,17160000
output.cash,1674,2030,17030000
output.cash,1675,2033,16890000
output.cash,1676,2036,16760000
output.cash,1677,2039,16620000
output.cash,1678,2042,16490000
output.cash,1679,2045,16350000
output.cash,1680,2048,16220000
output.cash,1681,2051,16080000
output.cash,1682,2054,15950000
output.cash,1683,2057,15810000
output.cash,1684,2060,15680000
output.cash,1685,2063,15540000
output.cash,1686,2066,15410000
output.cash,1687,2069,15270000
output.cash,1688,2072,15140000
output.cash,1689,2075,15000000
output.cash,1690,2078,14860000
output.cash,1691,2081,14730000
output.cash,1692,2084,14590000
output.cash,1693,2087,14460000
output.cash,1694,2090,14320000
output.cash,1695,2093,14190000
output.cash,1696,2096,14050000
output.cash,1697,2099,13920000
output.cash,1698,2102,13780000
output.cash,1699,2105,13650000
output.cash,1700,2108,13510000
output.cash,1701,2111,13380000
output.cash,1702,2114,13240000
output.cash,1703,2117,13110000
output.cash,1704,2120,12970000
output.cash,1705,2123,12840000
output.cash,1706,2126,12700000
output.cash,1707,2129,12570000
output.cash,1708,2132,12430000
output.cash,1709,2135,12300000
output.cash,1710,2138,12160000
output.cash,1711,2141,12030000
output.cash,1712,2144,11890000
output.cash,1713,2147,11760000
output.cash,1714,2150,11620000
output.cash,1715,2153,11490000
output.cash,1716,2156,11350000
output.cash,1717,2159,11220000
output.cash,1718,2162,11080000
output.cash,1719,2165,10950000
output.cash,1720,2168,10810000
output.cash,1721,2171,10680000
output.cash,1722,2174,10540000
output.cash,1723,2177,10410000
output.cash,1724,2180,10270000
output.cash,1725,2183,10140000
output.cash,1726,2186,10000000
output.cash,1727,2189,9865000
output.cash,1728,2192,9730000
output.cash,1729,2195,9595000
output.cash,1730,2198,9459000
output.cash,1731,2201,9324000
output.cash,1732,2204,9189000
output.cash,1733,2207,9054000
output.cash,1734,2210,8919000
output.cash,1735,2213,8784000
output.cash,1736,2216,8649000
output.cash,1737,2219,8514000
output.cash,1738,2222,8378000
output.cash,1739,2225,8243000
output.cash,1740,2228,8108000
output.cash,1741,2231,7973000
output.cash,1742,2234,7838000
output.cash,1743,2237,7703000
output.cash,1744,2240,7568000
output.cash,1745,2243,7432000
output.cash,1746,2246,7297000
output.cash,1747,2249,7162000
output.cash,1748,2252,7027000
output.cash,1749,2255,6892000
output.cash,1750,2258,6757000
output.cash,1751,2261,6622000
output.cash,1752,2264,6486000
output.cash,1753,2267,6351000
output.cash,1754,2270,6216000
output.cash,1755,2273,6081000
output.cash,1756,2276,5946000
output.cash,1757,2279,5811000
output.cash,1758,2282,5676000
output.cash,1759,2285,5541000
output.cash,1760,2288,5405000
output.cash,1761,2291,5270000
output.cash,1762,2294,5135000
output.cash,1763,2297,5000000
output.cash,1764,2300,4865000
output.cash,1765,2303,4730000
output.cash,1766,2306,4595000
output.cash,1767,2309,4459000
output.cash,1768,2312,4324000
output.cash,1769,2315,4189000
output.cash,1770,2318,4054000
output.cash,1771,2321,3919000
output.cash,1772,2324,3784000
output.cash,1773,2327,3649000
output.cash,1774,2330,3514000
output.cash,1775,2333,3378000
output.cash,1776,2336,3243000
output.cash,1777,2339,3108000
output.cash,1778,2342,2973000
output.cash,1779,2345,2838000
output.cash,1780,2348,2703000
output.cash,1781,2351,2568000
output.cash,1782,2354,2432000
output.cash,1783,2357,2297000
output.cash,1784,2360,2162000
output.cash,1785,2363,2027000
output.cash,1786,2366,1892000
output.cash,1787,2369,1757000
output.cash,1788,2372,1622000
output.cash,1789,2375,1486000
output.cash,1790,2378,1351000
output.cash,1791,2381,1216000
output.cash,1792,2384,1081000
output.cash,1793,2387,945900
output.cash,1794,2390,810800
output.cash,1795,2393,675700
output.cash,1796,2396,540500
output.cash,1797,2399,405400
output.cash,1798,2402,270300
output.cash,1799,2405,135100
output.cash,1800,2408,0
output.alpha,1,1,1300000000
output.alpha,2,1.01,1299000000
output.alpha,3,1.02,1299000000
output.alpha,4,1.03,1299000000
output.alpha,5,1.04,1299000000
output.alpha,6,1.05,1298000000
output.alpha,7,1.06,1298000000
output.alpha,8,1.07,1298000000
output.alpha,9,1.08,1297000000
output.alpha,10,1.09,1297000000
output.alpha,11,1.1,1297000000
output.alpha,12,1.11,1297000000
output.alpha,13,1.12,1296000000
output.alpha,14,1.13,1296000000
output.alpha,15,1.14,1296000000
output.alpha,16,1.15,1295000000
output.alpha,17,1.16,1295000000
output.alpha,18,1.17,1295000000
output.alpha,19,1.18,1295000000
output.alpha,20,1.19,1294000000
output.alpha,21,1.2,1294000000
output.alpha,22,1.21,1294000000
output.alpha,23,1.22,1293000000
output.alpha,24,1.23,1293000000
output.alpha,25,1.24,1293000000
output.alpha,26,1.25,1293000000
output.alpha,27,1.26,1292000000
output.alpha,28,1.27,1292000000
output.alpha,29,1.28,1292000000
output.alpha,30,1.29,1291000000
output.alpha,31,1.3,1291000000
output.alpha,32,1.31,1291000000
output.alpha,33,1.32,1291000000
output.alpha,34,1.33,1290000000
output.alpha,35,1.34,1290000000
output.alpha,36,1.35,1290000000
output.alpha,37,1.36,1289000000
output.alpha,38,1.37,1289000000
output.alpha,39,1.38,1289000000
output.alpha,40,1.39,1289000000
output.alpha,41,1.4,1288000000
output.alpha,42,1.41,1288000000
output.alpha,43,1.42,1288000000
output.alpha,44,1.43,1287000000
output.alpha,45,1.44,1287000000
output.alpha,46,1.45,1287000000
output.alpha,47,1.46,1287000000
output.alpha,48,1.47,1286000000
output.alpha,49,1.48,1286000000
output.alpha,50,1.49,1286000000
output.alpha,51,1.5,1285000000
output.alpha,52,1.51,1285000000
output.alpha,53,1.52,1285000000
output.alpha,54,1.53,1285000000
output.alpha,55,1.54,1284000000
output.alpha,56,1.55,1284000000
output.alpha,57,1.56,1284000000
output.alpha,58,1.57,1283000000
output.alpha,59,1.58,1283000000
output.alpha,60,1.59,1283000000
output.alpha,61,1.6,1283000000
output.alpha,62,1.61,1282000000
output.alpha,63,1.62,1282000000
output.alpha,64,1.63,1282000000
output.alpha,65,1.64,1281000000
output.alpha,66,1.65,1281000000
output.alpha,67,1.66,1281000000
output.alpha,68,1.67,1281000000
output.alpha,69,1.68,1280000000
output.alpha,70,1.69,1280000000
output.alpha,71,1.7,1280000000
output.alpha,72,1.71,1279000000
output.alpha,73,1.72,1279000000
output.alpha,74,1.73,1279000000
output.alpha,75,1.74,1279000000
output.alpha,76,1.75,1278000000
output.alpha,77,1.76,1278000000
output.alpha,78,1.77,1278000000
output.alpha,79,1.78,1277000000
output.alpha,80,1.79,1277000000
output.alpha,81,1.8,1277000000
output.alpha,82,1.81,1277000000
output.alpha,83,1.82,1276000000
output.alpha,84,1.83,1276000000
output.alpha,85,1.84,1276000000
output.alpha,86,1.85,1275000000
output.alpha,87,1.86,1275000000
output.alpha,88,1.87,1275000000
output.alpha,89,1.88,1275000000
output.alpha,90,1.89,1274000000
output.alpha,91,1.9,1274000000
output.alpha,92,1.91,1274000000
output.alpha,93,1.92,1273000000
output.alpha,94,1.93,1273000000
output.alpha,95,1.94,1273000000
output.alpha,96,1.95,1273000000
output.alpha,97,1.96,1272000000
output.alpha,98,1.97,1272000000
output.alpha,99,1.98,1272000000
output.alpha,100,1.99,1271000000
output.alpha,101,2,1271000000
output.alpha,102,2.01,1271000000
output.alpha,103,2.02,1271000000
output.alpha,104,2.03,1270000000
output.alpha,105,2.04,1270000000
output.alpha,106,2.05,1270000000
output.alpha,107,2.06,1269000000
output.alpha,108,2.07,1269000000
output.alpha,109,2.08,1269000000
output.alpha,110,2.09,1269000000
output.alpha,111,2.1,1268000000
output.alpha,112,2.11,1268000000
output.alpha,113,2.12,1268000000
output.alpha,114,2.13,1267000000
output.alpha,115,2.14,1267000000
output.alpha,116,2.15,1267000000
output.alpha,117,2.16,1267000000
output.alpha,118,2.17,1266000000
output.alpha,119,2.18,1266000000
output.alpha,120,2.19,1266000000
output.alpha,121,2.2,1265000000
output.alpha,122,2.21,1265000000
output.alpha,123,2.22,1265000000
output.alpha,124,2.23,1265000000
output.alpha,125,2.24,1264000000
output.alpha,126,2.25,1264000000
output.alpha,127,2.26,1264000000
output.alpha,128,2.27,1263000000
output.alpha,129,2.28,1263000000
output.alpha,130,2.29,1263000000
output.alpha,131,2.3,1263000000
output.alpha,132,2.31,1262000000
output.alpha,133,2.32,1262000000
output.alpha,134,2.33,1262000000
output.alpha,135,2.34,1261000000
output.alpha,136,2.35,1261000000
output.alpha,137,2.36,1261000000
output.alpha,138,2.37,1261000000
output.alpha,139,2.38,1260000000
output.alpha,140,2.39,1260000000
output.alpha,141,2.4,1260000000
output.alpha,142,2.41,1259000000
output.alpha,143,2.42,1259000000
output.alpha,144,2.43,1259000000
output.alpha,145,2.44,1259000000
output.alpha,146,2.45,1258000000
output.alpha,147,2.46,1258000000
output.alpha,148,2.47,1258000000
output.alpha,149,2.48,1257000000
output.alpha,150,2.49,1257000000
output.alpha,151,2.5,1257000000
output.alpha,152,2.51,1257000000
output.alpha,153,2.52,1256000000
output.alpha,154,2.53,1256000000
output.alpha,155,2.54,1256000000
output.alpha,156,2.55,1255000000
output.alpha,157,2.56,1255000000
output.alpha,158,2.57,1255000000
output.alpha,159,2.58,1255000000
output.alpha,160,2.59,1254000000
output.alpha,161,2.6,1254000000
output.alpha,162,2.61,1254000000
output.alpha,163,2.62,1253000000
output.alpha,164,2.63,1253000000
output.alpha,165,2.64,1253000000
output.alpha,166,2.65,1253000000
output.alpha,167,2.66,1252000000
output.alpha,168,2.67,1252000000
output.alpha,169,2.68,1252000000
output.alpha,170,2.69,1251000000
output.alpha,171,2.7,1251000000
output.alpha,172,2.71,1251000000
output.alpha,173,2.72,1251000000
output.alpha,174,2.73,1250000000
output.alpha,175,2.74,1250000000
output.alpha,176,2.75,1250000000
output.alpha,177,2.76,1249000000
output.alpha,178,2.77,1249000000
output.alpha,179,2.78,1249000000
output.alpha,180,2.79,1249000000
output.alpha,181,2.8,1248000000
output.alpha,182,2.81,1248000000
output.alpha,183,2.82,1248000000
output.alpha,184,2.83,1247000000
output.alpha,185,2.84,1247000000
output.alpha,186,2.85,1247000000
output.alpha,187,2.86,1247000000
output.alpha,188,2.87,1246000000
output.alpha,189,2.88,1246000000
output.alpha,190,2.89,1246000000
output.alpha,191,2.9,1245000000
output.alpha,192,2.91,1245000000
output.alpha,193,2.92,1245000000
output.alpha,194,2.93,1245000000
output.alpha,195,2.94,1244000000
output.alpha,196,2.95,1244000000
output.alpha,197,2.96,1244000000
output.alpha,198,2.97,1243000000
output.alpha,199,2.98,1243000000
output.alpha,200,2.99,1243000000
output.alpha,201,3,1243000000
output.alpha,202,3.01,1242000000
output.alpha,203,3.02,1242000000
output.alpha,204,3.03,1242000000
output.alpha,205,3.04,1241000000
output.alpha,206,3.05,1241000000
output.alpha,207,3.06,1241000000
output.alpha,208,3.07,1241000000
output.alpha,209,3.08,1240000000
output.alpha,210,3.09,1240000000
output.alpha,211,3.1,1240000000
output.alpha,212,3.11,1239000000
output.alpha,213,3.12,1239000000
output.alpha,214,3.13,1239000000
output.alpha,215,3.14,1239000000
output.alpha,216,3.15,1238000000
output.alpha,217,3.16,1238000000
output.alpha,218,3.17,1238000000
output.alpha,219,3.18,1237000000
output.alpha,220,3.19,1237000000
output.alpha,221,3.2,1237000000
output.alpha,222,3.21,1237000000
output.alpha,223,3.22,1236000000
output.alpha,224,3.23,1236000000
output.alpha,225,3.24,1236000000
output.alpha,226,3.25,1235000000
output.alpha,227,3.26,1235000000
output.alpha,228,3.27,1235000000
output.alpha,229,3.28,1235000000
output.alpha,230,3.29,1234000000
output.alpha,231,3.3,1234000000
output.alpha,232,3.31,1234000000
output.alpha,233,3.32,1233000000
output.alpha,234,3.33,1233000000
output.alpha,235,3.34,1233000000
output.alpha,236,3.35,1233000000
output.alpha,237,3.36,1232000000
output.alpha,238,3.37,1232000000
output.alpha,239,3.38,1232000000
output.alpha,240,3.39,1231000000
output.alpha,241,3.4,1231000000
output.alpha,242,3.41,1231000000
output.alpha,243,3.42,1231000000
output.alpha,244,3.43,1230000000
output.alpha,245,3.44,1230000000
output.alpha,246,3.45,1230000000
output.alpha,247,3.46,1229000000
output.alpha,248,3.47,1229000000
output.alpha,249,3.48,1229000000
output.alpha,250,3.49,1229000000
output.alpha,251,3.5,1228000000
output.alpha,252,3.51,1228000000
output.alpha,253,3.52,1228000000
output.alpha,254,3.53,1227000000
output.alpha,255,3.54,1227000000
output.alpha,256,3.55,1227000000
output.alpha,257,3.56,1227000000
output.alpha,258,3.57,1226000000
output.alpha,259,3.58,1226000000
output.alpha,260,3.59,1226000000
output.alpha,261,3.6,1225000000
output.alpha,262,3.61,1225000000
output.alpha,263,3.62,1225000000
output.alpha,264,3.63,1225000000
output.alpha,265,3.64,1224000000
output.alpha,266,3.65,1224000000
output.alpha,267,3.66,1224000000
output.alpha,268,3.67,1223000000
output.alpha,269,3.68,1223000000
output.alpha,270,3.69,1223000000
output.alpha,271,3.7,1223000000
output.alpha,272,3.71,1222000000
output.alpha,273,3.72,1222000000
output.alpha,274,3.73,1222000000
output.alpha,275,3.74,1221000000
output.alpha,276,3.75,1221000000
output.alpha,277,3.76,1221000000
output.alpha,278,3.77,1221000000
output.alpha,279,3.78,1220000000
output.alpha,280,3.79,1220000000
output.alpha,281,3.8,1220000000
output.alpha,282,3.81,1219000000
output.alpha,283,3.82,1219000000
output.alpha,284,3.83,1219000000
output.alpha,285,3.84,1219000000
output.alpha,286,3.85,1218000000
output.alpha,287,3.86,1218000000
output.alpha,288,3.87,1218000000
output.alpha,289,3.88,1217000000
output.alpha,290,3.89,1217000000
output.alpha,291,3.9,1217000000
output.alpha,292,3.91,1217000000
output.alpha,293,3.92,1216000000
output.alpha,294,3.93,1216000000
output.alpha,295,3.94,1216000000
output.alpha,296,3.95,1215000000
output.alpha,297,3.96,1215000000
output.alpha,298,3.97,1215000000
output.alpha,299,3.98,1215000000
output.alpha,300,3.99,1214000000
output.alpha,301,4,1214000000
output.alpha,302,4.01,1214000000
output.alpha,303,4.02,1213000000
output.alpha,304,4.03,1213000000
output.alpha,305,4.04,1213000000
output.alpha,306,4.05,1213000000
output.alpha,307,4.06,1212000000
output.alpha,308,4.07,1212000000
output.alpha,309,4.08,1212000000
output.alpha,310,4.09,1211000000
output.alpha,311,4.1,1211000000
output.alpha,312,4.11,1211000000
output.alpha,313,4.12,1211000000
output.alpha,314,4.13,1210000000
output.alpha,315,4.14,1210000000
output.alpha,316,4.15,1210000000
output.alpha,317,4.16,1209000000
output.alpha,318,4.17,1209000000
output.alpha,319,4.18,1209000000
output.alpha,320,4.19,1209000000
output.alpha,321,4.2,1208000000
output.alpha,322,4.21,1208000000
output.alpha,323,4.22,1208000000
output.alpha,324,4.23,1207000000
output.alpha,325,4.24,1207000000
output.alpha,326,4.25,1207000000
output.alpha,327,4.26,1207000000
output.alpha,328,4.27,1206000000
output.alpha,329,4.28,1206000000
output.alpha,330,4.29,1206000000
output.alpha,331,4.3,1205000000
output.alpha,332,4.31,1205000000
output.alpha,333,4.32,1205000000
output.alpha,334,4.33,1205000000
output.alpha,335,4.34,1204000000
output.alpha,336,4.35,1204000000
output.alpha,337,4.36,1204000000
output.alpha,338,4.37,1203000000
output.alpha,339,4.38,1203000000
output.alpha,340,4.39,1203000000
output.alpha,341,4.4,1203000000
output.alpha,342,4.41,1202000000
output.alpha,343,4.42,1202000000
output.alpha,344,4.43,1202000000
output.alpha,345,4.44,1201000000
output.alpha,346,4.45,1201000000
output.alpha,347,4.46,1201000000
output.alpha,348,4.47,1201000000
output.alpha,349,4.48,1200000000
output.alpha,350,4.49,1200000000
output.alpha,351,4.5,1200000000
output.alpha,352,4.51,1200000000
output.alpha,353,4.52,1200000000
output.alpha,354,4.53,1199000000
output.alpha,355,4.54,1199000000
output.alpha,356,4.55,1199000000
output.alpha,357,4.56,1199000000
output.alpha,358,4.57,1199000000
output.alpha,359,4.58,1199000000
output.alpha,360,4.59,1199000000
output.alpha,361,4.6,1199000000
output.alpha,362,4.61,1198000000
output.alpha,363,4.62,1198000000
output.alpha,364,4.63,1198000000
output.alpha,365,4.64,1198000000
output.alpha,366,4.65,1198000000
output.alpha,367,4.66,1198000000
output.alpha,368,4.67,1198000000
output.alpha,369,4.68,1197000000
output.alpha,370,4.69,1197000000
output.alpha,371,4.7,1197000000
output.alpha,372,4.71,1197000000
output.alpha,373,4.72,1197000000
output.alpha,374,4.73,1197000000
output.alpha,375,4.74,1197000000
output.alpha,376,4.75,1197000000
output.alpha,377,4.76,1196000000
output.alpha,378,4.77,1196000000
output.alpha,379,4.78,1196000000
output.alpha,380,4.79,1196000000
output.alpha,381,4.8,1196000000
output.alpha,382,4.81,1196000000
output.alpha,383,4.82,1196000000
output.alpha,384,4.83,1195000000
output.alpha,385,4.84,1195000000
output.alpha,386,4.85,1195000000
output.alpha,387,4.86,1195000000
output.alpha,388,4.87,1195000000
output.alpha,389,4.88,1195000000
output.alpha,390,4.89,1195000000
output.alpha,391,4.9,1195000000
output.alpha,392,4.91,1194000000
output.alpha,393,4.92,1194000000
output.alpha,394,4.93,1194000000
output.alpha,395,4.94,1194000000
output.alpha,396,4.95,1194000000
output.alpha,397,4.96,1194000000
output.alpha,398,4.97,1194000000
output.alpha,399,4.98,1193000000
output.alpha,400,4.99,1193000000
output.alpha,401,5,1193000000
output.alpha,402,5.01,1193000000
output.alpha,403,5.02,1193000000
output.alpha,404,5.03,1193000000
output.alpha,405,5.04,1193000000
output.alpha,406,5.05,1193000000
output.alpha,407,5.06,1192000000
output.alpha,408,5.07,1192000000
output.alpha,409,5.08,1192000000
output.alpha,410,5.09,1192000000
output.alpha,411,5.1,1192000000
output.alpha,412,5.11,1192000000
output.alpha,413,5.12,1192000000
output.alpha,414,5.13,1191000000
output.alpha,415,5.14,1191000000
output.alpha,416,5.15,1191000000
output.alpha,417,5.16,1191000000
output.alpha,418,5.17,1191000000
output.alpha,419,5.18,1191000000
output.alpha,420,5.19,1191000000
output.alpha,421,5.2,1191000000
output.alpha,422,5.21,1190000000
output.alpha,423,5.22,1190000000
output.alpha,424,5.23,1190000000
output.alpha,425,5.24,1190000000
output.alpha,426,5.25,1190000000
output.alpha,427,5.26,1190000000
output.alpha,428,5.27,1190000000
output.alpha,429,5.28,1189000000
output.alpha,430,5.29,1189000000
output.alpha,431,5.3,1189000000
output.alpha,432,5.31,1189000000
output.alpha,433,5.32,1189000000
output.alpha,434,5.33,1189000000
output.alpha,435,5.34,1189000000
output.alpha,436,5.35,1189000000
output.alpha,437,5.36,1188000000
output.alpha,438,5.37,1188000000
output.alpha,439,5.38,1188000000
output.alpha,440,5.39,1188000000
output.alpha,441,5.4,1188000000
output.alpha,442,5.41,1188000000
output.alpha,443,5.42,1188000000
output.alpha,444,5.43,1187000000
output.alpha,445,5.44,1187000000
output.alpha,446,5.45,1187000000
output.alpha,447,5.46,1187000000
output.alpha,448,5.47,1187000000
output.alpha,449,5.48,1187000000
output.alpha,450,5.49,1187000000
output.alpha,451,5.5,1187000000
output.alpha,452,5.51,1186000000
output.alpha,453,5.52,1186000000
output.alpha,454,5.53,1186000000
output.alpha,455,5.54,1186000000
output.alpha,456,5.55,1186000000
output.alpha,457,5.56,1186000000
output.alpha,458,5.57,1186000000
output.alpha,459,5.58,1185000000
output.alpha,460,5.59,1185000000
output.alpha,461,5.6,1185000000
output.alpha,462,5.61,1185000000
output.alpha,463,5.62,1185000000
output.alpha,464,5.63,1185000000
output.alpha,465,5.64,1185000000
output.alpha,466,5.65,1185000000
output.alpha,467,5.66,1184000000
output.alpha,468,5.67,1184000000
output.alpha,469,5.68,1184000000
output.alpha,470,5.69,1184000000
output.alpha,471,5.7,1184000000
output.alpha,472,5.71,1184000000
output.alpha,473,5.72,1184000000
output.alpha,474,5.73,1183000000
output.alpha,475,5.74,1183000000
output.alpha,476,5.75,1183000000
output.alpha,477,5.76,1183000000
output.alpha,478,5.77,1183000000
output.alpha,479,5.78,1183000000
output.alpha,480,5.79,1183000000
output.alpha,481,5.8,1183000000
output.alpha,482,5.81,1182000000
output.alpha,483,5.82,1182000000
output.alpha,484,5.83,1182000000
output.alpha,485,5.84,1182000000
output.alpha,486,5.85,1182000000
output.alpha,487,5.86,1182000000
output.alpha,488,5.87,1182000000
output.alpha,489,5.88,1181000000
output.alpha,490,5.89,1181000000
output.alpha,491,5.9,1181000000
output.alpha,492,5.91,1181000000
output.alpha,493,5.92,1181000000
output.alpha,494,5.93,1181000000
output.alpha,495,5.94,1181000000
output.alpha,496,5.95,1181000000
output.alpha,497,5.96,1180000000
output.alpha,498,5.97,1180000000
output.alpha,499,5.98,1180000000
output.alpha,500,5.99,1180000000
output.alpha,501,6,1180000000
output.alpha,502,6.01,1180000000
output.alpha,503,6.02,1180000000
output.alpha,504,6.03,1179000000
output.alpha,505,6.04,1179000000
output.alpha,506,6.05,1179000000
output.alpha,507,6.06,1179000000
output.alpha,508,6.07,1179000000
output.alpha,509,6.08,1179000000
output.alpha,510,6.09,1179000000
output.alpha,511,6.1,1179000000
output.alpha,512,6.11,1178000000
output.alpha,513,6.12,1178000000
output.alpha,514,6.13,1178000000
output.alpha,515,6.14,1178000000
output.alpha,516,6.15,1178000000
output.alpha,517,6.16,1178000000
output.alpha,518,6.17,1178000000
output.alpha,519,6.18,1177000000
output.alpha,520,6.19,1177000000
output.alpha,521,6.2,1177000000
output.alpha,522,6.21,1177000000
output.alpha,523,6.22,1177000000
output.alpha,524,6.23,1177000000
output.alpha,525,6.24,1177000000
output.alpha,526,6.25,1177000000
output.alpha,527,6.26,1176000000
output.alpha,528,6.27,1176000000
output.alpha,529,6.28,1176000000
output.alpha,530,6.29,1176000000
output.alpha,531,6.3,1176000000
output.alpha,532,6.31,1176000000
output.alpha,533,6.32,1176000000
output.alpha,534,6.33,1175000000
output.alpha,535,6.34,1175000000
output.alpha,536,6.35,1175000000
output.alpha,537,6.36,1175000000
output.alpha,538,6.37,1175000000
output.alpha,539,6.38,1175000000
output.alpha,540,6.39,1175000000
output.alpha,541,6.4,1175000000
output.alpha,542,6.41,1174000000
output.alpha,543,6.42,1174000000
output.alpha,544,6.43,1174000000
output.alpha,545,6.44,1174000000
output.alpha,546,6.45,1174000000
output.alpha,547,6.46,1174000000
output.alpha,548,6.47,1174000000
output.alpha,549,6.48,1173000000
output.alpha,550,6.49,1173000000
output.alpha,551,6.5,1173000000
output.alpha,552,6.51,1173000000
output.alpha,553,6.52,1173000000
output.alpha,554,6.53,1173000000
output.alpha,555,6.54,1173000000
output.alpha,556,6.55,1173000000
output.alpha,557,6.56,1172000000
output.alpha,558,6.57,1172000000
output.alpha,559,6.58,1172000000
output.alpha,560,6.59,1172000000
output.alpha,561,6.6,1172000000
output.alpha,562,6.61,1172000000
output.alpha,563,6.62,1172000000
output.alpha,564,6.63,1171000000
output.alpha,565,6.64,1171000000
output.alpha,566,6.65,1171000000
output.alpha,567,6.66,1171000000
output.alpha,568,6.67,1171000000
output.alpha,569,6.68,1171000000
output.alpha,570,6.69,1171000000
output.alpha,571,6.7,1171000000
output.alpha,572,6.71,1170000000
output.alpha,573,6.72,1170000000
output.alpha,574,6.73,1170000000
output.alpha,575,6.74,1170000000
output.alpha,576,6.75,1170000000
output.alpha,577,6.76,1170000000
output.alpha,578,6.77,1170000000
output.alpha,579,6.78,1169000000
output.alpha,580,6.79,1169000000
output.alpha,581,6.8,1169000000
output.alpha,582,6.81,1169000000
output.alpha,583,6.82,1169000000
output.alpha,584,6.83,1169000000
output.alpha,585,6.84,1169000000
output.alpha,586,6.85,1169000000
output.alpha,587,6.86,1168000000
output.alpha,588,6.87,1168000000
output.alpha,589,6.88,1168000000
output.alpha,590,6.89,1168000000
output.alpha,591,6.9,1168000000
output.alpha,592,6.91,1168000000
output.alpha,593,6.92,1168000000
output.alpha,594,6.93,1167000000
output.alpha,595,6.94,1167000000
output.alpha,596,6.95,1167000000
output.alpha,597,6.96,1167000000
output.alpha,598,6.97,1167000000
output.alpha,599,6.98,1167000000
output.alpha,600,6.99,1167000000
output.alpha,601,7,1167000000
output.alpha,602,7.01,1166000000
output.alpha,603,7.02,1166000000
output.alpha,604,7.03,1166000000
output.alpha,605,7.04,1166000000
output.alpha,606,7.05,1166000000
output.alpha,607,7.06,1166000000
output.alpha,608,7.07,1166000000
output.alpha,609,7.08,1165000000
output.alpha,610,7.09,1165000000
output.alpha,611,7.1,1165000000
output.alpha,612,7.11,1165000000
output.alpha,613,7.12,1165000000
output.alpha,614,7.13,1165000000
output.alpha,615,7.14,1165000000
output.alpha,616,7.15,1165000000
output.alpha,617,7.16,1164000000
output.alpha,618,7.17,1164000000
output.alpha,619,7.18,1164000000
output.alpha,620,7.19,1164000000
output.alpha,621,7.2,1164000000
output.alpha,622,7.21,1164000000
output.alpha,623,7.22,1164000000
output.alpha,624,7.23,1163000000
output.alpha,625,7.24,1163000000
output.alpha,626,7.25,1163000000
output.alpha,627,7.26,1163000000
output.alpha,628,7.27,1163000000
output.alpha,629,7.28,1163000000
output.alpha,630,7.29,1163000000
output.alpha,631,7.3,1163000000
output.alpha,632,7.31,1162000000
output.alpha,633,7.32,1162000000
output.alpha,634,7.33,1162000000
output.alpha,635,7.34,1162000000
output.alpha,636,7.35,1162000000
output.alpha,637,7.36,1162000000
output.alpha,638,7.37,1162000000
output.alpha,639,7.38,1161000000
output.alpha,640,7.39,1161000000
output.alpha,641,7.4,1161000000
output.alpha,642,7.41,1161000000
output.alpha,643,7.42,1161000000
output.alpha,644,7.43,1161000000
output.alpha,645,7.44,1161000000
output.alpha,646,7.45,1161000000
output.alpha,647,7.46,1160000000
output.alpha,648,7.47,1160000000
output.alpha,649,7.48,1160000000
output.alpha,650,7.49,1160000000
output.alpha,651,7.5,1160000000
output.alpha,652,7.51,1160000000
output.alpha,653,7.52,1160000000
output.alpha,654,7.53,1159000000
output.alpha,655,7.54,1159000000
output.alpha,656,7.55,1159000000
output.alpha,657,7.56,1159000000
output.alpha,658,7.57,1159000000
output.alpha,659,7.58,1159000000
output.alpha,660,7.59,1159000000
output.alpha,661,7.6,1159000000
output.alpha,662,7.61,1158000000
output.alpha,663,7.62,1158000000
output.alpha,664,7.63,1158000000
output.alpha,665,7.64,1158000000
output.alpha,666,7.65,1158000000
output.alpha,667,7.66,1158000000
output.alpha,668,7.67,1158000000
output.alpha,669,7.68,1157000000
output.alpha,670,7.69,1157000000
output.alpha,671,7.7,1157000000
output.alpha,672,7.71,1157000000
output.alpha,673,7.72,1157000000
output.alpha,674,7.73,1157000000
output.alpha,675,7.74,1157000000
output.alpha,676,7.75,1157000000
output.alpha,677,7.76,1156000000
output.alpha,678,7.77,1156000000
output.alpha,679,7.78,1156000000
output.alpha,680,7.79,1156000000
output.alpha,681,7.8,1156000000
output.alpha,682,7.81,1156000000
output.alpha,683,7.82,1156000000
output.alpha,684,7.83,1155000000
output.alpha,685,7.84,1155000000
output.alpha,686,7.85,1155000000
output.alpha,687,7.86,1155000000
output.alpha,688,7.87,1155000000
output.alpha,689,7.88,1155000000
output.alpha,690,7.89,1155000000
output.alpha,691,7.9,1155000000
output.alpha,692,7.91,1154000000
output.alpha,693,7.92,1154000000
output.alpha,694,7.93,1154000000
output.alpha,695,7.94,1154000000
output.alpha,696,7.95,1154000000
output.alpha,697,7.96,1154000000
output.alpha,698,7.97,1154000000
output.alpha,699,7.98,1153000000
output.alpha,700,7.99,1153000000
output.alpha,701,8,1153000000
output.alpha,702,8.01,1153000000
output.alpha,703,8.02,1153000000
output.alpha,704,8.03,1153000000
output.alpha,705,8.04,1153000000
output.alpha,706,8.05,1153000000
output.alpha,707,8.06,1152000000
output.alpha,708,8.07,1152000000
output.alpha,709,8.08,1152000000
output.alpha,710,8.09,1152000000
output.alpha,711,8.1,1152000000
output.alpha,712,8.11,1152000000
output.alpha,713,8.12,1152000000
output.alpha,714,8.13,1151000000
output.alpha,715,8.14,1151000000
output.alpha,716,8.15,1151000000
output.alpha,717,8.16,1151000000
output.alpha,718,8.17,1151000000
output.alpha,719,8.18,1151000000
output.alpha,720,8.19,1151000000
output.alpha,721,8.2,1151000000
output.alpha,722,8.21,1150000000
output.alpha,723,8.22,1150000000
output.alpha,724,8.23,1150000000
output.alpha,725,8.24,1150000000
output.alpha,726,8.25,1150000000
output.alpha,727,8.26,1150000000
output.alpha,728,8.27,1150000000
output.alpha,729,8.28,1149000000
output.alpha,730,8.29,1149000000
output.alpha,731,8.3,1149000000
output.alpha,732,8.31,1149000000
output.alpha,733,8.32,1149000000
output.alpha,734,8.33,1149000000
output.alpha,735,8.34,1149000000
output.alpha,736,8.35,1149000000
output.alpha,737,8.36,1148000000
output.alpha,738,8.37,1148000000
output.alpha,739,8.38,1148000000
output.alpha,740,8.39,1148000000
output.alpha,741,8.4,1148000000
output.alpha,742,8.41,1148000000
output.alpha,743,8.42,1148000000
output.alpha,744,8.43,1147000000
output.alpha,745,8.44,1147000000
output.alpha,746,8.45,1147000000
output.alpha,747,8.46,1147000000
output.alpha,748,8.47,1147000000
output.alpha,749,8.48,1147000000
output.alpha,750,8.49,1147000000
output.alpha,751,8.5,1147000000
output.alpha,752,8.51,1146000000
output.alpha,753,8.52,1146000000
output.alpha,754,8.53,1146000000
output.alpha,755,8.54,1146000000
output.alpha,756,8.55,1146000000
output.alpha,757,8.56,1146000000
output.alpha,758,8.57,1146000000
output.alpha,759,8.58,1145000000
output.alpha,760,8.59,1145000000
output.alpha,761,8.6,1145000000
output.alpha,762,8.61,1145000000
output.alpha,763,8.62,1145000000
output.alpha,764,8.63,1145000000
output.alpha,765,8.64,1145000000
output.alpha,766,8.65,1145000000
output.alpha,767,8.66,1144000000
output.alpha,768,8.67,1144000000
output.alpha,769,8.68,1144000000
output.alpha,770,8.69,1144000000
output.alpha,771,8.7,1144000000
output.alpha,772,8.71,1144000000
output.alpha,773,8.72,1144000000
output.alpha,774,8.73,1143000000
output.alpha,775,8.74,1143000000
output.alpha,776,8.75,1143000000
output.alpha,777,8.76,1143000000
output.alpha,778,8.77,1143000000
output.alpha,779,8.78,1143000000
output.alpha,780,8.79,1143000000
output.alpha,781,8.8,1143000000
output.alpha,782,8.81,1142000000
output.alpha,783,8.82,1142000000
output.alpha,784,8.83,1142000000
output.alpha,785,8.84,1142000000
output.alpha,786,8.85,1142000000
output.alpha,787,8.86,1142000000
output.alpha,788,8.87,1142000000
output.alpha,789,8.88,1141000000
output.alpha,790,8.89,1141000000
output.alpha,791,8.9,1141000000
output.alpha,792,8.91,1141000000
output.alpha,793,8.92,1141000000
output.alpha,794,8.93,1141000000
output.alpha,795,8.94,1141000000
output.alpha,796,8.95,1141000000
output.alpha,797,8.96,1140000000
output.alpha,798,8.97,1140000000
output.alpha,799,8.98,1140000000
output.alpha,800,8.99,1140000000
output.alpha,801,9,1140000000
output.alpha,802,9.01,1140000000
output.alpha,803,9.02,1140000000
output.alpha,804,9.03,1139000000
output.alpha,805,9.04,1139000000
output.alpha,806,9.05,1139000000,1139000000
output.alpha,807,9.06,1139000000,1139000000
output.alpha,808,9.07,1139000000,1139000000
output.alpha,809,9.08,1139000000,1139000000
output.alpha,810,9.09,1139000000,1139000000
output.alpha,811,9.1,1139000000,1139000000
output.alpha,812,9.11,1138000000,1139000000
output.alpha,813,9.12,1138000000,1139000000
output.alpha,814,9.13,1138000000,1139000000
output.alpha,815,9.14,1138000000,1139000000
output.alpha,816,9.15,1138000000,1139000000
output.alpha,817,9.16,1138000000,1139000000
output.alpha,818,9.17,1138000000,1139000000
output.alpha,819,9.18,1137000000,1139000000
output.alpha,820,9.19,1137000000,1139000000
output.alpha,821,9.2,1137000000,1139000000
output.alpha,822,9.21,1137000000,1139000000
output.alpha,823,9.22,1137000000,1139000000
output.alpha,824,9.23,1137000000,1139000000
output.alpha,825,9.24,1137000000,1139000000
output.alpha,826,9.25,1137000000,1139000000
output.alpha,827,9.26,1136000000,1139000000
output.alpha,828,9.27,1136000000,1139000000
output.alpha,829,9.28,1136000000,1139000000
output.alpha,830,9.29,1136000000,1139000000
output.alpha,831,9.3,1136000000,1139000000
output.alpha,832,9.31,1136000000,1139000000
output.alpha,833,9.32,1136000000,1139000000
output.alpha,834,9.33,1135000000,1139000000
output.alpha,835,9.34,1135000000,1139000000
output.alpha,836,9.35,1135000000,1139000000
output.alpha,837,9.36,1135000000,1139000000
output.alpha,838,9.37,1135000000,1139000000
output.alpha,839,9.38,1135000000,1139000000
output.alpha,840,9.39,1135000000,1139000000
output.alpha,841,9.4,1135000000,1139000000
output.alpha,842,9.41,1134000000,1139000000
output.alpha,843,9.42,1134000000,1139000000
output.alpha,844,9.43,1134000000,1139000000
output.alpha,845,9.44,1134000000,1139000000
output.alpha,846,9.45,1134000000,1139000000
output.alpha,847,9.46,1134000000,1139000000
output.alpha,848,9.47,1134000000,1139000000
output.alpha,849,9.48,1133000000,1139000000
output.alpha,850,9.49,1133000000,1139000000
output.alpha,851,9.5,1133000000,1139000000
output.alpha,852,9.51,1133000000,1139000000
output.alpha,853,9.52,1133000000,1139000000
output.alpha,854,9.53,1133000000,1139000000
output.alpha,855,9.54,1133000000,1139000000
output.alpha,856,9.55,1133000000,1139000000
output.alpha,857,9.56,1132000000,1139000000
output.alpha,858,9.57,1132000000,1139000000
output.alpha,859,9.58,1132000000,1139000000
output.alpha,860,9.59,1132000000,1139000000
output.alpha,861,9.6,1132000000,1139000000
output.alpha,862,9.61,1132000000,1139000000
output.alpha,863,9.62,1132000000,1139000000
output.alpha,864,9.63,1131000000,1139000000
output.alpha,865,9.64,1131000000,1139000000
output.alpha,866,9.65,1131000000,1139000000
output.alpha,867,9.66,1131000000,1139000000
output.alpha,868,9.67,1131000000,1139000000
output.alpha,869,9.68,1131000000,1139000000
output.alpha,870,9.69,1131000000,1139000000
output.alpha,871,9.7,1131000000,1139000000
output.alpha,872,9.71,1130000000,1139000000
output.alpha,873,9.72,1130000000,1139000000
output.alpha,874,9.73,1130000000,1139000000
output.alpha,875,9.74,1130000000,1139000000
output.alpha,876,9.75,1130000000,1139000000
output.alpha,877,9.76,1130000000,1139000000
output.alpha,878,9.77,1130000000,1139000000
output.alpha,879,9.78,1129000000,1139000000
output.alpha,880,9.79,1129000000,1139000000
output.alpha,881,9.8,1129000000,1139000000
output.alpha,882,9.81,1129000000,1139000000
output.alpha,883,9.82,1129000000,1139000000
output.alpha,884,9.83,1129000000,1139000000
output.alpha,885,9.84,1129000000,1139000000
output.alpha,886,9.85,1129000000,1139000000
output.alpha,887,9.86,1128000000,1139000000
output.alpha,888,9.87,1128000000,1139000000
output.alpha,889,9.88,1128000000,1139000000
output.alpha,890,9.89,1128000000,1139000000
output.alpha,891,9.9,1128000000,1139000000
output.alpha,892,9.91,1128000000,1139000000
output.alpha,893,9.92,1128000000,1139000000
output.alpha,894,9.93,1127000000,1139000000
output.alpha,895,9.94,1127000000,1139000000
output.alpha,896,9.95,1127000000,1139000000
output.alpha,897,9.96,1127000000,1139000000
output.alpha,898,9.97,1127000000,1139000000
output.alpha,899,9.98,1127000000,1139000000
output.alpha,900,9.99,1127000000,1139000000
output.alpha,901,10,1127000000,1139000000
output.alpha,902,10.01,1126000000,1139000000
output.alpha,903,10.02,1126000000,1139000000
output.alpha,904,10.03,1126000000,1139000000
output.alpha,905,10.04,1126000000,1139000000
output.alpha,906,10.05,1126000000,1139000000
output.alpha,907,10.06,1126000000,1139000000
output.alpha,908,10.07,1126000000,1139000000
output.alpha,909,10.08,1125000000,1139000000
output.alpha,910,10.09,1125000000,1139000000
output.alpha,911,10.1,1125000000,1139000000
output.alpha,912,10.11,1125000000,1139000000
output.alpha,913,10.12,1125000000,1139000000
output.alpha,914,10.13,1125000000,1139000000
output.alpha,915,10.14,1125000000,1139000000
output.alpha,916,10.15,1125000000,1139000000
output.alpha,917,10.16,1124000000,1139000000
output.alpha,918,10.17,1124000000,1139000000
output.alpha,919,10.18,1124000000,1139000000
output.alpha,920,10.19,1124000000,1139000000
output.alpha,921,10.2,1124000000,1139000000
output.alpha,922,10.21,1124000000,1139000000
output.alpha,923,10.22,1124000000,1139000000
output.alpha,924,10.23,1123000000,1139000000
output.alpha,925,10.24,1123000000,1139000000
output.alpha,926,10.25,1123000000,1139000000
output.alpha,927,10.26,1123000000,1139000000
output.alpha,928,10.27,1123000000,1139000000
output.alpha,929,10.28,1123000000,1139000000
output.alpha,930,10.29,1123000000,1139000000
output.alpha,931,10.3,1123000000,1139000000
output.alpha,932,10.31,1122000000,1139000000
output.alpha,933,10.32,1122000000,1139000000
output.alpha,934,10.33,1122000000,1139000000
output.alpha,935,10.34,1122000000,1139000000
output.alpha,936,10.35,1122000000,1139000000
output.alpha,937,10.36,1122000000,1139000000
output.alpha,938,10.37,1122000000,1139000000
output.alpha,939,10.38,1121000000,1139000000
output.alpha,940,10.39,1121000000,1139000000
output.alpha,941,10.4,1121000000,1139000000
output.alpha,942,10.41,1121000000,1139000000
output.alpha,943,10.42,1121000000,1139000000
output.alpha,944,10.43,1121000000,1139000000
output.alpha,945,10.44,1121000000,1139000000
output.alpha,946,10.45,1121000000,1139000000
output.alpha,947,10.46,1120000000,1139000000
output.alpha,948,10.47,1120000000,1139000000
output.alpha,949,10.48,1120000000,1139000000
output.alpha,950,10.49,1120000000,1139000000
output.alpha,951,10.5,1120000000,1139000000
output.alpha,952,10.51,1120000000,1139000000
output.alpha,953,10.52,1120000000,1139000000
output.alpha,954,10.53,1119000000,1139000000
output.alpha,955,10.54,1119000000,1139000000
output.alpha,956,10.55,1119000000,1139000000
output.alpha,957,10.56,1119000000,1139000000
output.alpha,958,10.57,1119000000,1139000000
output.alpha,959,10.58,1119000000,1139000000
output.alpha,960,10.59,1119000000,1139000000
output.alpha,961,10.6,1119000000,1139000000
output.alpha,962,10.61,1118000000,1139000000
output.alpha,963,10.62,1118000000,1139000000
output.alpha,964,10.63,1118000000,1139000000
output.alpha,965,10.64,1118000000,1139000000
output.alpha,966,10.65,1118000000,1139000000
output.alpha,967,10.66,1118000000,1139000000
output.alpha,968,10.67,1118000000,1139000000
output.alpha,969,10.68,1117000000,1139000000
output.alpha,970,10.69,1117000000,1139000000
output.alpha,971,10.7,1117000000,1139000000
output.alpha,972,10.71,1117000000,1139000000
output.alpha,973,10.72,1117000000,1139000000
output.alpha,974,10.73,1117000000,1139000000
output.alpha,975,10.74,1117000000,1139000000
output.alpha,976,10.75,1117000000,1139000000
output.alpha,977,10.76,1116000000,1139000000
output.alpha,978,10.77,1116000000,1139000000
output.alpha,979,10.78,1116000000,1139000000
output.alpha,980,10.79,1116000000,1139000000
output.alpha,981,10.8,1116000000,1139000000
output.alpha,982,10.81,1116000000,1139000000
output.alpha,983,10.82,1116000000,1139000000
output.alpha,984,10.83,1115000000,1139000000
output.alpha,985,10.84,1115000000,1139000000
output.alpha,986,10.85,1115000000,1139000000
output.alpha,987,10.86,1115000000,1139000000
output.alpha,988,10.87,1115000000,1139000000
output.alpha,989,10.88,1115000000,1139000000
output.alpha,990,10.89,1115000000,1139000000
output.alpha,991,10.9,1115000000,1139000000
output.alpha,992,10.91,1114000000,1139000000
output.alpha,993,10.92,1114000000,1139000000
output.alpha,994,10.93,1114000000,1139000000
output.alpha,995,10.94,1114000000,1139000000
output.alpha,996,10.95,1114000000,1139000000
output.alpha,997,10.96,1114000000,1139000000
output.alpha,998,10.97,1114000000,1139000000
output.alpha,999,10.98,1113000000,1139000000
output.alpha,1000,10.99,1113000000,1139000000
output.alpha,1001,11,1113000000
output.alpha,1002,14,1113000000
output.alpha,1003,17,1113000000
output.alpha,1004,20,1113000000
output.alpha,1005,23,1113000000
output.alpha,1006,26,1113000000
output.alpha,1007,29,1112000000
output.alpha,1008,32,1112000000
output.alpha,1009,35,1112000000
output.alpha,1010,38,1112000000
output.alpha,1011,41,1112000000
output.alpha,1012,44,1112000000
output.alpha,1013,47,1112000000
output.alpha,1014,50,1111000000
output.alpha,1015,53,1111000000
output.alpha,1016,56,1111000000
output.alpha,1017,59,1111000000
output.alpha,1018,62,1111000000
output.alpha,1019,65,1111000000
output.alpha,1020,68,1111000000
output.alpha,1021,71,1111000000
output.alpha,1022,74,1110000000
output.alpha,1023,77,1110000000
output.alpha,1024,80,1110000000
output.alpha,1025,83,1110000000
output.alpha,1026,86,1110000000
output.alpha,1027,89,1110000000
output.alpha,1028,92,1110000000
output.alpha,1029,95,1109000000
output.alpha,1030,98,1109000000
output.alpha,1031,101,1109000000
output.alpha,1032,104,1109000000
output.alpha,1033,107,1109000000
output.alpha,1034,110,1109000000
output.alpha,1035,113,1109000000
output.alpha,1036,116,1109000000
output.alpha,1037,119,1108000000
output.alpha,1038,122,1108000000
output.alpha,1039,125,1108000000
output.alpha,1040,128,1108000000
output.alpha,1041,131,1108000000
output.alpha,1042,134,1108000000
output.alpha,1043,137,1108000000
output.alpha,1044,140,1107000000
output.alpha,1045,143,1107000000
output.alpha,1046,146,1107000000
output.alpha,1047,149,1107000000
output.alpha,1048,152,1107000000
output.alpha,1049,155,1107000000
output.alpha,1050,158,1107000000
output.alpha,1051,161,1107000000
output.alpha,1052,164,1106000000
output.alpha,1053,167,1106000000
output.alpha,1054,170,1106000000
output.alpha,1055,173,1106000000
output.alpha,1056,176,1106000000
output.alpha,1057,179,1106000000
output.alpha,1058,182,1106000000
output.alpha,1059,185,1105000000
output.alpha,1060,188,1105000000
output.alpha,1061,191,1105000000
output.alpha,1062,194,1105000000
output.alpha,1063,197,1105000000
output.alpha,1064,200,1105000000
output.alpha,1065,203,1105000000
output.alpha,1066,206,1105000000
output.alpha,1067,209,1104000000
output.alpha,1068,212,1104000000
output.alpha,1069,215,1104000000
output.alpha,1070,218,1104000000
output.alpha,1071,221,1104000000
output.alpha,1072,224,1104000000
output.alpha,1073,227,1104000000
output.alpha,1074,230,1103000000
output.alpha,1075,233,1103000000
output.alpha,1076,236,1103000000
output.alpha,1077,239,1103000000
output.alpha,1078,242,1103000000
output.alpha,1079,245,1103000000
output.alpha,1080,248,1103000000
output.alpha,1081,251,1103000000
output.alpha,1082,254,1102000000
output.alpha,1083,257,1102000000
output.alpha,1084,260,1102000000
output.alpha,1085,263,1102000000
output.alpha,1086,266,1102000000
output.alpha,1087,269,1102000000
output.alpha,1088,272,1102000000
output.alpha,1089,275,1101000000
output.alpha,1090,278,1101000000
output.alpha,1091,281,1101000000
output.alpha,1092,284,1101000000
output.alpha,1093,287,1101000000
output.alpha,1094,290,1101000000
output.alpha,1095,293,1101000000
output.alpha,1096,296,1101000000
output.alpha,1097,299,1100000000
output.alpha,1098,302,1100000000
output.alpha,1099,305,1100000000
output.alpha,1100,308,1100000000
output.alpha,1101,311,1098000000
output.alpha,1102,314,1096000000
output.alpha,1103,317,1094000000
output.alpha,1104,320,1092000000
output.alpha,1105,323,1090000000
output.alpha,1106,326,1088000000
output.alpha,1107,329,1086000000
output.alpha,1108,332,1084000000
output.alpha,1109,335,1082000000
output.alpha,1110,338,1080000000
output.alpha,1111,341,1078000000
output.alpha,1112,344,1076000000
output.alpha,1113,347,1074000000
output.alpha,1114,350,1072000000
output.alpha,1115,353,1070000000
output.alpha,1116,356,1068000000
output.alpha,1117,359,1066000000
output.alpha,1118,362,1064000000
output.alpha,1119,365,1062000000
output.alpha,1120,368,1060000000
output.alpha,1121,371,1058000000
output.alpha,1122,374,1056000000
output.alpha,1123,377,1054000000
output.alpha,1124,380,1052000000
output.alpha,1125,383,1050000000
output.alpha,1126,386,1048000000
output.alpha,1127,389,1046000000
output.alpha,1128,392,1044000000
output.alpha,1129,395,1042000000
output.alpha,1130,398,1040000000
output.alpha,1131,401,1038000000
output.alpha,1132,404,1036000000
output.alpha,1133,407,1034000000
output.alpha,1134,410,1032000000
output.alpha,1135,413,1030000000
output.alpha,1136,416,1028000000
output.alpha,1137,419,1026000000
output.alpha,1138,422,1024000000
output.alpha,1139,425,1022000000
output.alpha,1140,428,1020000000
output.alpha,1141,431,1018000000
output.alpha,1142,434,1016000000
output.alpha,1143,437,1014000000
output.alpha,1144,440,1012000000
output.alpha,1145,443,1010000000
output.alpha,1146,446,1008000000
output.alpha,1147,449,1006000000
output.alpha,1148,452,1004000000
output.alpha,1149,455,1002000000
output.alpha,1150,458,1000000000
output.alpha,1151,461,998000000
output.alpha,1152,464,996000000
output.alpha,1153,467,994000000
output.alpha,1154,470,992000000
output.alpha,1155,473,990000000
output.alpha,1156,476,988000000
output.alpha,1157,479,986000000
output.alpha,1158,482,984000000
output.alpha,1159,485,982000000
output.alpha,1160,488,980000000
output.alpha,1161,491,978000000
output.alpha,1162,494,976000000
output.alpha,1163,497,974000000
output.alpha,1164,500,972000000
output.alpha,1165,503,970000000
output.alpha,1166,506,968000000
output.alpha,1167,509,966000000
output.alpha,1168,512,964000000
output.alpha,1169,515,962000000
output.alpha,1170,518,960000000
output.alpha,1171,521,958000000
output.alpha,1172,524,956000000
output.alpha,1173,527,954000000
output.alpha,1174,530,952000000
output.alpha,1175,533,950000000
output.alpha,1176,536,948000000
output.alpha,1177,539,946000000
output.alpha,1178,542,944000000
output.alpha,1179,545,942000000
output.alpha,1180,548,940000000
output.alpha,1181,551,938000000
output.alpha,1182,554,936000000
output.alpha,1183,557,934000000
output.alpha,1184,560,932000000
output.alpha,1185,563,930000000
output.alpha,1186,566,928000000
output.alpha,1187,569,926000000
output.alpha,1188,572,924000000
output.alpha,1189,575,922000000
output.alpha,1190,578,920000000
output.alpha,1191,581,918000000
output.alpha,1192,584,916000000
output.alpha,1193,587,914000000
output.alpha,1194,590,912000000
output.alpha,1195,593,910000000
output.alpha,1196,596,908000000
output.alpha,1197,599,906000000
output.alpha,1198,602,904000000
output.alpha,1199,605,902000000
output.alpha,1200,608,900000000
output.alpha,1201,611,898000000
output.alpha,1202,614,896000000
output.alpha,1203,617,894000000
output.alpha,1204,620,892000000
output.alpha,1205,623,890000000
output.alpha,1206,626,888000000
output.alpha,1207,629,886000000
output.alpha,1208,632,884000000
output.alpha,1209,635,882000000
output.alpha,1210,638,880000000
output.alpha,1211,641,878000000
output.alpha,1212,644,876000000
output.alpha,1213,647,874000000
output.alpha,1214,650,872000000
output.alpha,1215,653,870000000
output.alpha,1216,656,868000000
output.alpha,1217,659,866000000
output.alpha,1218,662,864000000
output.alpha,1219,665,862000000
output.alpha,1220,668,860000000
output.alpha,1221,671,858000000
output.alpha,1222,674,856000000
output.alpha,1223,677,854000000
output.alpha,1224,680,852000000
output.alpha,1225,683,850000000
output.alpha,1226,686,848000000
output.alpha,1227,689,846000000
output.alpha,1228,692,844000000
output.alpha,1229,695,842000000
output.alpha,1230,698,840000000
output.alpha,1231,701,838000000
output.alpha,1232,704,836000000
output.alpha,1233,707,834000000
output.alpha,1234,710,832000000
output.alpha,1235,713,830000000
output.alpha,1236,716,828000000
output.alpha,1237,719,826000000
output.alpha,1238,722,824000000
output.alpha,1239,725,822000000
output.alpha,1240,728,820000000
output.alpha,1241,731,818000000
output.alpha,1242,734,816000000
output.alpha,1243,737,814000000
output.alpha,1244,740,812000000
output.alpha,1245,743,810000000
output.alpha,1246,746,808000000
output.alpha,1247,749,806000000
output.alpha,1248,752,804000000
output.alpha,1249,755,802000000
output.alpha,1250,758,800000000
output.alpha,1251,761,798000000
output.alpha,1252,764,796000000
output.alpha,1253,767,794000000
output.alpha,1254,770,792000000
output.alpha,1255,773,790000000
output.alpha,1256,776,788000000
output.alpha,1257,779,786000000
output.alpha,1258,782,784000000
output.alpha,1259,785,782000000
output.alpha,1260,788,780000000
output.alpha,1261,791,778000000
output.alpha,1262,794,776000000
output.alpha,1263,797,774000000
output.alpha,1264,800,772000000
output.alpha,1265,803,770000000
output.alpha,1266,806,768000000
output.alpha,1267,809,766000000
output.alpha,1268,812,764000000
output.alpha,1269,815,762000000
output.alpha,1270,818,760000000
output.alpha,1271,821,758000000
output.alpha,1272,824,756000000
output.alpha,1273,827,754000000
output.alpha,1274,830,752000000
output.alpha,1275,833,750000000
output.alpha,1276,836,748000000
output.alpha,1277,839,746000000
output.alpha,1278,842,744000000
output.alpha,1279,845,742000000
output.alpha,1280,848,740000000
output.alpha,1281,851,738000000
output.alpha,1282,854,736000000
output.alpha,1283,857,734000000
output.alpha,1284,860,732000000
output.alpha,1285,863,730000000
output.alpha,1286,866,728000000
output.alpha,1287,869,726000000
output.alpha,1288,872,724000000
output.alpha,1289,875,722000000
output.alpha,1290,878,720000000
output.alpha,1291,881,718000000
output.alpha,1292,884,716000000
output.alpha,1293,887,714000000
output.alpha,1294,890,712000000
output.alpha,1295,893,710000000
output.alpha,1296,896,708000000
output.alpha,1297,899,706000000
output.alpha,1298,902,704000000
output.alpha,1299,905,702000000
output.alpha,1300,908,700000000
output.alpha,1301,911,698000000
output.alpha,1302,914,696000000
output.alpha,1303,917,694000000
output.alpha,1304,920,692000000
output.alpha,1305,923,690000000
output.alpha,1306,926,688000000
output.alpha,1307,929,686000000
output.alpha,1308,932,684000000
output.alpha,1309,935,682000000
output.alpha,1310,938,680000000
output.alpha,1311,941,678000000
output.alpha,1312,944,676000000
output.alpha,1313,947,674000000
output.alpha,1314,950,672000000
output.alpha,1315,953,670000000
output.alpha,1316,956,668000000
output.alpha,1317,959,666000000
output.alpha,1318,962,664000000
output.alpha,1319,965,662000000
output.alpha,1320,968,660000000
output.alpha,1321,971,658000000
output.alpha,1322,974,656000000
output.alpha,1323,977,654000000
output.alpha,1324,980,652000000
output.alpha,1325,983,650000000
output.alpha,1326,986,648000000
output.alpha,1327,989,646000000
output.alpha,1328,992,644000000
output.alpha,1329,995,642000000
output.alpha,1330,998,640000000
output.alpha,1331,1001,638000000
output.alpha,1332,1004,636000000
output.alpha,1333,1007,634000000
output.alpha,1334,1010,632000000
output.alpha,1335,1013,630000000
output.alpha,1336,1016,628000000
output.alpha,1337,1019,626000000
output.alpha,1338,1022,624000000
output.alpha,1339,1025,622000000
output.alpha,1340,1028,620000000
output.alpha,1341,1031,618000000
output.alpha,1342,1034,616000000
output.alpha,1343,1037,614000000
output.alpha,1344,1040,612000000
output.alpha,1345,1043,610000000
output.alpha,1346,1046,608000000
output.alpha,1347,1049,606000000
output.alpha,1348,1052,604000000
output.alpha,1349,1055,602000000
output.alpha,1350,1058,600000000
output.alpha,1351,1061,598000000
output.alpha,1352,1064,596000000
output.alpha,1353,1067,594000000
output.alpha,1354,1070,592000000
output.alpha,1355,1073,590000000
output.alpha,1356,1076,588000000
output.alpha,1357,1079,586000000
output.alpha,1358,1082,584000000
output.alpha,1359,1085,582000000
output.alpha,1360,1088,580000000
output.alpha,1361,1091,578000000
output.alpha,1362,1094,576000000
output.alpha,1363,1097,574000000
output.alpha,1364,1100,572000000
output.alpha,1365,1103,570000000
output.alpha,1366,1106,568000000
output.alpha,1367,1109,566000000
output.alpha,1368,1112,564000000
output.alpha,1369,1115,562000000
output.alpha,1370,1118,560000000
output.alpha,1371,1121,558000000
output.alpha,1372,1124,556000000
output.alpha,1373,1127,554000000
output.alpha,1374,1130,552000000
output.alpha,1375,1133,550000000
output.alpha,1376,1136,548000000
output.alpha,1377,1139,546000000
output.alpha,1378,1142,544000000
output.alpha,1379,1145,542000000
output.alpha,1380,1148,540000000
output.alpha,1381,1151,538000000
output.alpha,1382,1154,536000000
output.alpha,1383,1157,534000000
output.alpha,1384,1160,532000000
output.alpha,1385,1163,530000000
output.alpha,1386,1166,528000000
output.alpha,1387,1169,526000000
output.alpha,1388,1172,524000000
output.alpha,1389,1175,522000000
output.alpha,1390,1178,520000000
output.alpha,1391,1181,518000000
output.alpha,1392,1184,516000000
output.alpha,1393,1187,514000000
output.alpha,1394,1190,512000000
output.alpha,1395,1193,510000000
output.alpha,1396,1196,508000000
output.alpha,1397,1199,506000000
output.alpha,1398,1202,504000000
output.alpha,1399,1205,502000000
output.alpha,1400,1208,500000000
output.alpha,1401,1211,499000000
output.alpha,1402,1214,498000000
output.alpha,1403,1217,497000000
output.alpha,1404,1220,496000000
output.alpha,1405,1223,495000000
output.alpha,1406,1226,494000000
output.alpha,1407,1229,493000000
output.alpha,1408,1232,492000000
output.alpha,1409,1235,491000000
output.alpha,1410,1238,490000000
output.alpha,1411,1241,489000000
output.alpha,1412,1244,488000000
output.alpha,1413,1247,487000000
output.alpha,1414,1250,486000000
output.alpha,1415,1253,485000000
output.alpha,1416,1256,484000000
output.alpha,1417,1259,483000000
output.alpha,1418,1262,482000000
output.alpha,1419,1265,481000000
output.alpha,1420,1268,480000000
output.alpha,1421,1271,479000000
output.alpha,1422,1274,478000000
output.alpha,1423,1277,477000000
output.alpha,1424,1280,476000000
output.alpha,1425,1283,475000000
output.alpha,1426,1286,474000000
output.alpha,1427,1289,473000000
output.alpha,1428,1292,472000000
output.alpha,1429,1295,471000000
output.alpha,1430,1298,470000000
output.alpha,1431,1301,469000000
output.alpha,1432,1304,468000000
output.alpha,1433,1307,467000000
output.alpha,1434,1310,466000000
output.alpha,1435,1313,465000000
output.alpha,1436,1316,464000000
output.alpha,1437,1319,463000000
output.alpha,1438,1322,462000000
output.alpha,1439,1325,461000000
output.alpha,1440,1328,460000000
output.alpha,1441,1331,459000000
output.alpha,1442,1334,458000000
output.alpha,1443,1337,457000000
output.alpha,1444,1340,456000000
output.alpha,1445,1343,455000000
output.alpha,1446,1346,454000000
output.alpha,1447,1349,453000000
output.alpha,1448,1352,452000000
output.alpha,1449,1355,451000000
output.alpha,1450,1358,450000000
output.alpha,1451,1361,449000000
output.alpha,1452,1364,448000000
output.alpha,1453,1367,447000000
output.alpha,1454,1370,446000000
output.alpha,1455,1373,445000000
output.alpha,1456,1376,444000000
output.alpha,1457,1379,443000000
output.alpha,1458,1382,442000000
output.alpha,1459,1385,441000000
output.alpha,1460,1388,440000000
output.alpha,1461,1391,439000000
output.alpha,1462,1394,438000000
output.alpha,1463,1397,437000000
output.alpha,1464,1400,436000000
output.alpha,1465,1403,435000000
output.alpha,1466,1406,434000000
output.alpha,1467,1409,433000000
output.alpha,1468,1412,432000000
output.alpha,1469,1415,431000000
output.alpha,1470,1418,430000000
output.alpha,1471,1421,429000000
output.alpha,1472,1424,428000000
output.alpha,1473,1427,427000000
output.alpha,1474,1430,426000000
output.alpha,1475,1433,425000000
output.alpha,1476,1436,424000000
output.alpha,1477,1439,423000000
output.alpha,1478,1442,422000000
output.alpha,1479,1445,421000000
output.alpha,1480,1448,420000000
output.alpha,1481,1451,419000000
output.alpha,1482,1454,418000000
output.alpha,1483,1457,417000000
output.alpha,1484,1460,416000000
output.alpha,1485,1463,415000000
output.alpha,1486,1466,414000000
output.alpha,1487,1469,413000000
output.alpha,1488,1472,412000000
output.alpha,1489,1475,411000000
output.alpha,1490,1478,410000000
output.alpha,1491,1481,409000000
output.alpha,1492,1484,408000000
output.alpha,1493,1487,407000000
output.alpha,1494,1490,406000000
output.alpha,1495,1493,405000000
output.alpha,1496,1496,404000000
output.alpha,1497,1499,403000000
output.alpha,1498,1502,402000000
output.alpha,1499,1505,401000000
output.alpha,1500,1508,400000000
output.alpha,1501,1511,399000000
output.alpha,1502,1514,398000000
output.alpha,1503,1517,397000000
output.alpha,1504,1520,396000000
output.alpha,1505,1523,395000000
output.alpha,1506,1526,394000000
output.alpha,1507,1529,393000000
output.alpha,1508,1532,392000000
output.alpha,1509,1535,391000000
output.alpha,1510,1538,390000000
output.alpha,1511,1541,389000000
output.alpha,1512,1544,388000000
output.alpha,1513,1547,387000000
output.alpha,1514,1550,386000000
output.alpha,1515,1553,385000000
output.alpha,1516,1556,384000000
output.alpha,1517,1559,383000000
output.alpha,1518,1562,382000000
output.alpha,1519,1565,381000000
output.alpha,1520,1568,380000000
output.alpha,1521,1571,379000000
output.alpha,1522,1574,378000000
output.alpha,1523,1577,377000000
output.alpha,1524,1580,376000000
output.alpha,1525,1583,375000000
output.alpha,1526,1586,374000000
output.alpha,1527,1589,373000000
output.alpha,1528,1592,372000000
output.alpha,1529,1595,371000000
output.alpha,1530,1598,370000000
output.alpha,1531,1601,369000000
output.alpha,1532,1604,368000000
output.alpha,1533,1607,367000000
output.alpha,1534,1610,366000000
output.alpha,1535,1613,365000000
output.alpha,1536,1616,364000000
output.alpha,1537,1619,363000000
output.alpha,1538,1622,362000000
output.alpha,1539,1625,361000000
output.alpha,1540,1628,360000000
output.alpha,1541,1631,359000000
output.alpha,1542,1634,358000000
output.alpha,1543,1637,357000000
output.alpha,1544,1640,356000000
output.alpha,1545,1643,355000000
output.alpha,1546,1646,354000000
output.alpha,1547,1649,353000000
output.alpha,1548,1652,352000000
output.alpha,1549,1655,351000000
output.alpha,1550,1658,350000000
output.alpha,1551,1661,349000000
output.alpha,1552,1664,348000000
output.alpha,1553,1667,347000000
output.alpha,1554,1670,346000000
output.alpha,1555,1673,345000000
output.alpha,1556,1676,344000000
output.alpha,1557,1679,343000000
output.alpha,1558,1682,342000000
output.alpha,1559,1685,341000000
output.alpha,1560,1688,340000000
output.alpha,1561,1691,339000000
output.alpha,1562,1694,338000000
output.alpha,1563,1697,337000000
output.alpha,1564,1700,336000000
output.alpha,1565,1703,335000000
output.alpha,1566,1706,334000000
output.alpha,1567,1709,333000000
output.alpha,1568,1712,332000000
output.alpha,1569,1715,331000000
output.alpha,1570,1718,330000000
output.alpha,1571,1721,329000000
output.alpha,1572,1724,328000000
output.alpha,1573,1727,327000000
output.alpha,1574,1730,326000000
output.alpha,1575,1733,325000000
output.alpha,1576,1736,324000000
output.alpha,1577,1739,323000000
output.alpha,1578,1742,322000000
output.alpha,1579,1745,321000000
output.alpha,1580,1748,320000000
output.alpha,1581,1751,319000000
output.alpha,1582,1754,318000000
output.alpha,1583,1757,317000000
output.alpha,1584,1760,316000000
output.alpha,1585,1763,315000000
output.alpha,1586,1766,314000000
output.alpha,1587,1769,313000000
output.alpha,1588,1772,312000000
output.alpha,1589,1775,311000000
output.alpha,1590,1778,310000000
output.alpha,1591,1781,309000000
output.alpha,1592,1784,308000000
output.alpha,1593,1787,307000000
output.alpha,1594,1790,306000000
output.alpha,1595,1793,305000000
output.alpha,1596,1796,304000000
output.alpha,1597,1799,303000000
output.alpha,1598,1802,302000000
output.alpha,1599,1805,301000000
output.alpha,1600,1808,300000000
output.alpha,1601,1811,299000000
output.alpha,1602,1814,298000000
output.alpha,1603,1817,297000000
output.alpha,1604,1820,296000000
output.alpha,1605,1823,295000000
output.alpha,1606,1826,294000000
output.alpha,1607,1829,293000000
output.alpha,1608,1832,292000000
output.alpha,1609,1835,291000000
output.alpha,1610,1838,290000000
output.alpha,1611,1841,289000000
output.alpha,1612,1844,288000000
output.alpha,1613,1847,287000000
output.alpha,1614,1850,286000000
output.alpha,1615,1853,285000000
output.alpha,1616,1856,284000000
output.alpha,1617,1859,283000000
output.alpha,1618,1862,282000000
output.alpha,1619,1865,281000000
output.alpha,1620,1868,280000000
output.alpha,1621,1871,279000000
output.alpha,1622,1874,278000000
output.alpha,1623,1877,277000000
output.alpha,1624,1880,276000000
output.alpha,1625,1883,275000000
output.alpha,1626,1886,274000000
output.alpha,1627,1889,273000000
output.alpha,1628,1892,272000000
output.alpha,1629,1895,271000000
output.alpha,1630,1898,270000000
output.alpha,1631,1901,269000000
output.alpha,1632,1904,268000000
output.alpha,1633,1907,267000000
output.alpha,1634,1910,266000000
output.alpha,1635,1913,265000000
output.alpha,1636,1916,264000000
output.alpha,1637,1919,263000000
output.alpha,1638,1922,262000000
output.alpha,1639,1925,261000000
output.alpha,1640,1928,260000000
output.alpha,1641,1931,259000000
output.alpha,1642,1934,258000000
output.alpha,1643,1937,257000000
output.alpha,1644,1940,256000000
output.alpha,1645,1943,255000000
output.alpha,1646,1946,254000000
output.alpha,1647,1949,253000000
output.alpha,1648,1952,252000000
output.alpha,1649,1955,251000000
output.alpha,1650,1958,250000000
output.alpha,1651,1961,249000000
output.alpha,1652,1964,248000000
output.alpha,1653,1967,247000000
output.alpha,1654,1970,246000000
output.alpha,1655,1973,245000000
output.alpha,1656,1976,244000000
output.alpha,1657,1979,243000000
output.alpha,1658,1982,242000000
output.alpha,1659,1985,241000000
output.alpha,1660,1988,240000000
output.alpha,1661,1991,239000000
output.alpha,1662,1994,238000000
output.alpha,1663,1997,237000000
output.alpha,1664,2000,236000000
output.alpha,1665,2003,235000000
output.alpha,1666,2006,234000000
output.alpha,1667,2009,233000000
output.alpha,1668,2012,232000000
output.alpha,1669,2015,231000000
output.alpha,1670,2018,230000000
output.alpha,1671,2021,229000000
output.alpha,1672,2024,228000000
output.alpha,1673,2027,227000000
output.alpha,1674,2030,226000000
output.alpha,1675,2033,225000000
output.alpha,1676,2036,224000000
output.alpha,1677,2039,223000000
output.alpha,1678,2042,222000000
output.alpha,1679,2045,221000000
output.alpha,1680,2048,220000000
output.alpha,1681,2051,219000000
output.alpha,1682,2054,218000000
output.alpha,1683,2057,217000000
output.alpha,1684,2060,216000000
output.alpha,1685,2063,215000000
output.alpha,1686,2066,214000000
output.alpha,1687,2069,213000000
output.alpha,1688,2072,212000000
output.alpha,1689,2075,211000000
output.alpha,1690,2078,210000000
output.alpha,1691,2081,209000000
output.alpha,1692,2084,208000000
output.alpha,1693,2087,207000000
output.alpha,1694,2090,206000000
output.alpha,1695,2093,205000000
output.alpha,1696,2096,204000000
output.alpha,1697,2099,203000000
output.alpha,1698,2102,202000000
output.alpha,1699,2105,201000000
output.alpha,1700,2108,200000000
output.alpha,1701,2111,199000000
output.alpha,1702,2114,198000000
output.alpha,1703,2117,197000000
output.alpha,1704,2120,196000000
output.alpha,1705,2123,195000000
output.alpha,1706,2126,194000000
output.alpha,1707,2129,193000000
output.alpha,1708,2132,192000000
output.alpha,1709,2135,191000000
output.alpha,1710,2138,190000000
output.alpha,1711,2141,189000000
output.alpha,1712,2144,188000000
output.alpha,1713,2147,187000000
output.alpha,1714,2150,186000000
output.alpha,1715,2153,185000000
output.alpha,1716,2156,184000000
output.alpha,1717,2159,183000000
output.alpha,1718,2162,182000000
output.alpha,1719,2165,181000000
output.alpha,1720,2168,180000000
output.alpha,1721,2171,179000000
output.alpha,1722,2174,178000000
output.alpha,1723,2177,177000000
output.alpha,1724,2180,176000000
output.alpha,1725,2183,175000000
output.alpha,1726,2186,174000000
output.alpha,1727,2189,173000000
output.alpha,1728,2192,172000000
output.alpha,1729,2195,171000000
output.alpha,1730,2198,170000000
output.alpha,1731,2201,169000000
output.alpha,1732,2204,168000000
output.alpha,1733,2207,167000000
output.alpha,1734,2210,166000000
output.alpha,1735,2213,165000000
output.alpha,1736,2216,164000000
output.alpha,1737,2219,163000000
output.alpha,1738,2222,162000000
output.alpha,1739,2225,161000000
output.alpha,1740,2228,160000000
output.alpha,1741,2231,159000000
output.alpha,1742,2234,158000000
output.alpha,1743,2237,157000000
output.alpha,1744,2240,156000000
output.alpha,1745,2243,155000000
output.alpha,1746,2246,154000000
output.alpha,1747,2249,153000000
output.alpha,1748,2252,152000000
output.alpha,1749,2255,151000000
output.alpha,1750,2258,150000000
output.alpha,1751,2261,149000000
output.alpha,1752,2264,148000000
output.alpha,1753,2267,147000000
output.alpha,1754,2270,146000000
output.alpha,1755,2273,145000000
output.alpha,1756,2276,144000000
output.alpha,1757,2279,143000000
output.alpha,1758,2282,142000000
output.alpha,1759,2285,141000000
output.alpha,1760,2288,140000000
output.alpha,1761,2291,139000000
output.alpha,1762,2294,138000000
output.alpha,1763,2297,137000000
output.alpha,1764,2300,136000000
output.alpha,1765,2303,135000000
output.alpha,1766,2306,134000000
output.alpha,1767,2309,133000000
output.alpha,1768,2312,132000000
output.alpha,1769,2315,131000000
output.alpha,1770,2318,130000000
output.alpha,1771,2321,129000000
output.alpha,1772,2324,128000000
output.alpha,1773,2327,127000000
output.alpha,1774,2330,126000000
output.alpha,1775,2333,125000000
output.alpha,1776,2336,124000000
output.alpha,1777,2339,123000000
output.alpha,1778,2342,122000000
output.alpha,1779,2345,121000000
output.alpha,1780,2348,120000000
output.alpha,1781,2351,119000000
output.alpha,1782,2354,118000000
output.alpha,1783,2357,117000000
output.alpha,1784,2360,116000000
output.alpha,1785,2363,115000000
output.alpha,1786,2366,114000000
output.alpha,1787,2369,113000000
output.alpha,1788,2372,112000000
output.alpha,1789,2375,111000000
output.alpha,1790,2378,110000000
output.alpha,1791,2381,109000000
output.alpha,1792,2384,108000000
output.alpha,1793,2387,107000000
output.alpha,1794,2390,106000000
output.alpha,1795,2393,105000000
output.alpha,1796,2396,104000000
output.alpha,1797,2399,103000000
output.alpha,1798,2402,102000000
output.alpha,1799,2405,101000000
output.alpha,1800,2408,100000000
output.beta,1,1,1300000000
output.beta,2,1.01,1299000000
output.beta,3,1.02,1299000000
output.beta,4,1.03,1298000000
output.beta,5,1.04,1298000000
output.beta,6,1.05,1297000000
output.beta,7,1.06,1297000000
output.beta,8,1.07,1296000000
output.beta,9,1.08,1296000000
output.beta,10,1.09,1295000000
output.beta,11,1.1,1295000000
output.beta,12,1.11,1294000000
output.beta,13,1.12,1294000000
output.beta,14,1.13,1293000000
output.beta,15,1.14,1293000000
output.beta,16,1.15,1292000000
output.beta,17,1.16,1292000000
output.beta,18,1.17,1291000000
output.beta,19,1.18,1291000000
output.beta,20,1.19,1290000000
output.beta,21,1.2,1290000000
output.beta,22,1.21,1289000000
output.beta,23,1.22,1289000000
output.beta,24,1.23,1288000000
output.beta,25,1.24,1288000000
output.beta,26,1.25,1287000000
output.beta,27,1.26,1287000000
output.beta,28,1.27,1286000000
output.beta,29,1.28,1286000000
output.beta,30,1.29,1285000000
output.beta,31,1.3,1285000000
output.beta,32,1.31,1284000000
output.beta,33,1.32,1284000000
output.beta,34,1.33,1283000000
output.beta,35,1.34,1283000000
output.beta,36,1.35,1282000000
output.beta,37,1.36,1282000000
output.beta,38,1.37,1281000000
output.beta,39,1.38,1281000000
output.beta,40,1.39,1280000000
output.beta,41,1.4,1280000000
output.beta,42,1.41,1279000000
output.beta,43,1.42,1279000000
output.beta,44,1.43,1278000000
output.beta,45,1.44,1278000000
output.beta,46,1.45,1277000000
output.beta,47,1.46,1277000000
output.beta,48,1.47,1276000000
output.beta,49,1.48,1276000000
output.beta,50,1.49,1275000000
output.beta,51,1.5,1275000000
output.beta,52,1.51,1274000000
output.beta,53,1.52,1274000000
output.beta,54,1.53,1273000000
output.beta,55,1.54,1273000000
output.beta,56,1.55,1272000000
output.beta,57,1.56,1272000000
output.beta,58,1.57,1271000000
output.beta,59,1.58,1271000000
output.beta,60,1.59,1270000000
output.beta,61,1.6,1270000000
output.beta,62,1.61,1269000000
output.beta,63,1.62,1269000000
output.beta,64,1.63,1268000000
output.beta,65,1.64,1268000000
output.beta,66,1.65,1267000000
output.beta,67,1.66,1267000000
output.beta,68,1.67,1266000000
output.beta,69,1.68,1266000000
output.beta,70,1.69,1265000000
output.beta,71,1.7,1265000000
output.beta,72,1.71,1264000000
output.beta,73,1.72,1264000000
output.beta,74,1.73,1263000000
output.beta,75,1.74,1263000000
output.beta,76,1.75,1262000000
output.beta,77,1.76,1262000000
output.beta,78,1.77,1261000000
output.beta,79,1.78,1261000000
output.beta,80,1.79,1260000000
output.beta,81,1.8,1260000000
output.beta,82,1.81,1259000000
output.beta,83,1.82,1259000000
output.beta,84,1.83,1258000000
output.beta,85,1.84,1258000000
output.beta,86,1.85,1257000000
output.beta,87,1.86,1257000000
output.beta,88,1.87,1256000000
output.beta,89,1.88,1256000000
output.beta,90,1.89,1255000000
output.beta,91,1.9,1255000000
output.beta,92,1.91,1254000000
output.beta,93,1.92,1254000000
output.beta,94,1.93,1253000000
output.beta,95,1.94,1253000000
output.beta,96,1.95,1252000000
output.beta,97,1.96,1252000000
output.beta,98,1.97,1251000000
output.beta,99,1.98,1251000000
output.beta,100,1.99,1250000000
output.beta,101,2,1250000000
output.beta,102,2.01,1249000000
output.beta,103,2.02,1249000000
output.beta,104,2.03,1248000000
output.beta,105,2.04,1248000000
output.beta,106,2.05,1247000000
output.beta,107,2.06,1247000000
output.beta,108,2.07,1246000000
output.beta,109,2.08,1246000000
output.beta,110,2.09,1245000000
output.beta,111,2.1,1245000000
output.beta,112,2.11,1244000000
output.beta,113,2.12,1244000000
output.beta,114,2.13,1243000000
output.beta,115,2.14,1243000000
output.beta,116,2.15,1242000000
output.beta,117,2.16,1242000000
output.beta,118,2.17,1241000000
output.beta,119,2.18,1241000000
output.beta,120,2.19,1240000000
output.beta,121,2.2,1240000000
output.beta,122,2.21,1239000000
output.beta,123,2.22,1239000000
output.beta,124,2.23,1238000000
output.beta,125,2.24,1238000000
output.beta,126,2.25,1237000000
output.beta,127,2.26,1237000000
output.beta,128,2.27,1236000000
output.beta,129,2.28,1236000000
output.beta,130,2.29,1235000000
output.beta,131,2.3,1235000000
output.beta,132,2.31,1234000000
output.beta,133,2.32,1234000000
output.beta,134,2.33,1233000000
output.beta,135,2.34,1233000000
output.beta,136,2.35,1232000000
output.beta,137,2.36,1232000000
output.beta,138,2.37,1231000000
output.beta,139,2.38,1231000000
output.beta,140,2.39,1230000000
output.beta,141,2.4,1230000000
output.beta,142,2.41,1229000000
output.beta,143,2.42,1229000000
output.beta,144,2.43,1228000000
output.beta,145,2.44,1228000000
output.beta,146,2.45,1227000000
output.beta,147,2.46,1227000000
output.beta,148,2.47,1226000000
output.beta,149,2.48,1226000000
output.beta,150,2.49,1225000000
output.beta,151,2.5,1225000000
output.beta,152,2.51,1224000000
output.beta,153,2.52,1224000000
output.beta,154,2.53,1223000000
output.beta,155,2.54,1223000000
output.beta,156,2.55,1222000000
output.beta,157,2.56,1222000000
output.beta,158,2.57,1221000000
output.beta,159,2.58,1221000000
output.beta,160,2.59,1220000000
output.beta,161,2.6,1220000000
output.beta,162,2.61,1219000000
output.beta,163,2.62,1219000000
output.beta,164,2.63,1218000000
output.beta,165,2.64,1218000000
output.beta,166,2.65,1217000000
output.beta,167,2.66,1217000000
output.beta,168,2.67,1216000000
output.beta,169,2.68,1216000000
output.beta,170,2.69,1215000000
output.beta,171,2.7,1215000000
output.beta,172,2.71,1214000000
output.beta,173,2.72,1214000000
output.beta,174,2.73,1213000000
output.beta,175,2.74,1213000000
output.beta,176,2.75,1212000000
output.beta,177,2.76,1212000000
output.beta,178,2.77,1211000000
output.beta,179,2.78,1211000000
output.beta,180,2.79,1210000000
output.beta,181,2.8,1210000000
output.beta,182,2.81,1209000000
output.beta,183,2.82,1209000000
output.beta,184,2.83,1208000000
output.beta,185,2.84,1208000000
output.beta,186,2.85,1207000000
output.beta,187,2.86,1207000000
output.beta,188,2.87,1206000000
output.beta,189,2.88,1206000000
output.beta,190,2.89,1205000000
output.beta,191,2.9,1205000000
output.beta,192,2.91,1204000000
output.beta,193,2.92,1204000000
output.beta,194,2.93,1203000000
output.beta,195,2.94,1203000000
output.beta,196,2.95,1202000000
output.beta,197,2.96,1202000000
output.beta,198,2.97,1201000000
output.beta,199,2.98,1201000000
output.beta,200,2.99,1200000000
output.beta,201,3,1200000000
output.beta,202,3.01,1199000000
output.beta,203,3.02,1199000000
output.beta,204,3.03,1198000000
output.beta,205,3.04,1198000000
output.beta,206,3.05,1197000000
output.beta,207,3.06,1197000000
output.beta,208,3.07,1196000000
output.beta,209,3.08,1196000000
output.beta,210,3.09,1195000000
output.beta,211,3.1,1195000000
output.beta,212,3.11,1194000000
output.beta,213,3.12,1194000000
output.beta,214,3.13,1193000000
output.beta,215,3.14,1193000000
output.beta,216,3.15,1192000000
output.beta,217,3.16,1192000000
output.beta,218,3.17,1191000000
output.beta,219,3.18,1191000000
output.beta,220,3.19,1190000000
output.beta,221,3.2,1190000000
output.beta,222,3.21,1189000000
output.beta,223,3.22,1189000000
output.beta,224,3.23,1188000000
output.beta,225,3.24,1188000000
output.beta,226,3.25,1187000000
output.beta,227,3.26,1187000000
output.beta,228,3.27,1186000000
output.beta,229,3.28,1186000000
output.beta,230,3.29,1185000000
output.beta,231,3.3,1185000000
output.beta,232,3.31,1184000000
output.beta,233,3.32,1184000000
output.beta,234,3.33,1183000000
output.beta,235,3.34,1183000000
output.beta,236,3.35,1182000000
output.beta,237,3.36,1182000000
output.beta,238,3.37,1181000000
output.beta,239,3.38,1181000000
output.beta,240,3.39,1180000000
output.beta,241,3.4,1180000000
output.beta,242,3.41,1179000000
output.beta,243,3.42,1179000000
output.beta,244,3.43,1178000000
output.beta,245,3.44,1178000000
output.beta,246,3.45,1177000000
output.beta,247,3.46,1177000000
output.beta,248,3.47,1176000000
output.beta,249,3.48,1176000000
output.beta,250,3.49,1175000000
output.beta,251,3.5,1175000000
output.beta,252,3.51,1174000000
output.beta,253,3.52,1174000000
output.beta,254,3.53,1173000000
output.beta,255,3.54,1173000000
output.beta,256,3.55,1172000000
output.beta,257,3.56,1172000000
output.beta,258,3.57,1171000000
output.beta,259,3.58,1171000000
output.beta,260,3.59,1170000000
output.beta,261,3.6,1170000000
output.beta,262,3.61,1169000000
output.beta,263,3.62,1169000000
output.beta,264,3.63,1168000000
output.beta,265,3.64,1168000000
output.beta,266,3.65,1167000000
output.beta,267,3.66,1167000000
output.beta,268,3.67,1166000000
output.beta,269,3.68,1166000000
output.beta,270,3.69,1165000000
output.beta,271,3.7,1165000000
output.beta,272,3.71,1164000000
output.beta,273,3.72,1164000000
output.beta,274,3.73,1163000000
output.beta,275,3.74,1163000000
output.beta,276,3.75,1162000000
output.beta,277,3.76,1162000000
output.beta,278,3.77,1161000000
output.beta,279,3.78,1161000000
output.beta,280,3.79,1160000000
output.beta,281,3.8,1160000000
output.beta,282,3.81,1159000000
output.beta,283,3.82,1159000000
output.beta,284,3.83,1158000000
output.beta,285,3.84,1158000000
output.beta,286,3.85,1157000000
output.beta,287,3.86,1157000000
output.beta,288,3.87,1156000000
output.beta,289,3.88,1156000000
output.beta,290,3.89,1155000000
output.beta,291,3.9,1155000000
output.beta,292,3.91,1154000000
output.beta,293,3.92,1154000000
output.beta,294,3.93,1153000000
output.beta,295,3.94,1153000000
output.beta,296,3.95,1152000000
output.beta,297,3.96,1152000000
output.beta,298,3.97,1151000000
output.beta,299,3.98,1151000000
output.beta,300,3.99,1150000000
output.beta,301,4,1150000000
output.beta,302,4.01,1149000000
output.beta,303,4.02,1149000000
output.beta,304,4.03,1148000000
output.beta,305,4.04,1148000000
output.beta,306,4.05,1147000000
output.beta,307,4.06,1147000000
output.beta,308,4.07,1146000000
output.beta,309,4.08,1146000000
output.beta,310,4.09,1145000000
output.beta,311,4.1,1145000000
output.beta,312,4.11,1144000000
output.beta,313,4.12,1144000000
output.beta,314,4.13,1143000000
output.beta,315,4.14,1143000000
output.beta,316,4.15,1142000000
output.beta,317,4.16,1142000000
output.beta,318,4.17,1141000000
output.beta,319,4.18,1141000000
output.beta,320,4.19,1140000000
output.beta,321,4.2,1140000000
output.beta,322,4.21,1139000000
output.beta,323,4.22,1139000000
output.beta,324,4.23,1138000000
output.beta,325,4.24,1138000000
output.beta,326,4.25,1137000000
output.beta,327,4.26,1137000000
output.beta,328,4.27,1136000000
output.beta,329,4.28,1136000000
output.beta,330,4.29,1135000000
output.beta,331,4.3,1135000000
output.beta,332,4.31,1134000000
output.beta,333,4.32,1134000000
output.beta,334,4.33,1133000000
output.beta,335,4.34,1133000000
output.beta,336,4.35,1132000000
output.beta,337,4.36,1132000000
output.beta,338,4.37,1131000000
output.beta,339,4.38,1131000000
output.beta,340,4.39,1130000000
output.beta,341,4.4,1130000000
output.beta,342,4.41,1129000000
output.beta,343,4.42,1129000000
output.beta,344,4.43,1128000000
output.beta,345,4.44,1128000000
output.beta,346,4.45,1127000000
output.beta,347,4.46,1127000000
output.beta,348,4.47,1126000000
output.beta,349,4.48,1126000000
output.beta,350,4.49,1125000000
output.beta,351,4.5,1125000000
output.beta,352,4.51,1124000000
output.beta,353,4.52,1124000000
output.beta,354,4.53,1123000000
output.beta,355,4.54,1123000000
output.beta,356,4.55,1122000000
output.beta,357,4.56,1122000000
output.beta,358,4.57,1121000000
output.beta,359,4.58,1121000000
output.beta,360,4.59,1120000000
output.beta,361,4.6,1120000000
output.beta,362,4.61,1119000000
output.beta,363,4.62,1119000000
output.beta,364,4.63,1118000000
output.beta,365,4.64,1118000000
output.beta,366,4.65,1117000000
output.beta,367,4.66,1117000000
output.beta,368,4.67,1116000000
output.beta,369,4.68,1116000000
output.beta,370,4.69,1115000000
output.beta,371,4.7,1115000000
output.beta,372,4.71,1114000000
output.beta,373,4.72,1114000000
output.beta,374,4.73,1113000000
output.beta,375,4.74,1113000000
output.beta,376,4.75,1112000000
output.beta,377,4.76,1112000000
output.beta,378,4.77,1111000000
output.beta,379,4.78,1111000000
output.beta,380,4.79,1110000000
output.beta,381,4.8,1110000000
output.beta,382,4.81,1109000000
output.beta,383,4.82,1109000000
output.beta,384,4.83,1108000000
output.beta,385,4.84,1108000000
output.beta,386,4.85,1107000000
output.beta,387,4.86,1107000000
output.beta,388,4.87,1106000000
output.beta,389,4.88,1106000000
output.beta,390,4.89,1105000000
output.beta,391,4.9,1105000000
output.beta,392,4.91,1104000000
output.beta,393,4.92,1104000000
output.beta,394,4.93,1103000000
output.beta,395,4.94,1103000000
output.beta,396,4.95,1102000000
output.beta,397,4.96,1102000000
output.beta,398,4.97,1101000000
output.beta,399,4.98,1101000000
output.beta,400,4.99,1100000000
output.beta,401,5,1099000000
output.beta,402,5.01,1098000000
output.beta,403,5.02,1098000000
output.beta,404,5.03,1097000000
output.beta,405,5.04,1096000000
output.beta,406,5.05,1095000000
output.beta,407,5.06,1094000000
output.beta,408,5.07,1094000000
output.beta,409,5.08,1093000000
output.beta,410,5.09,1092000000
output.beta,411,5.1,1091000000
output.beta,412,5.11,1090000000
output.beta,413,5.12,1090000000
output.beta,414,5.13,1089000000
output.beta,415,5.14,1088000000
output.beta,416,5.15,1087000000
output.beta,417,5.16,1086000000
output.beta,418,5.17,1086000000
output.beta,419,5.18,1085000000
output.beta,420,5.19,1084000000
output.beta,421,5.2,1083000000
output.beta,422,5.21,1082000000
output.beta,423,5.22,1082000000
output.beta,424,5.23,1081000000
output.beta,425,5.24,1080000000
output.beta,426,5.25,1079000000
output.beta,427,5.26,1078000000
output.beta,428,5.27,1078000000
output.beta,429,5.28,1077000000
output.beta,430,5.29,1076000000
output.beta,431,5.3,1075000000
output.beta,432,5.31,1074000000
output.beta,433,5.32,1074000000
output.beta,434,5.33,1073000000
output.beta,435,5.34,1072000000
output.beta,436,5.35,1071000000
output.beta,437,5.36,1070000000
output.beta,438,5.37,1070000000
output.beta,439,5.38,1069000000
output.beta,440,5.39,1068000000
output.beta,441,5.4,1067000000
output.beta,442,5.41,1066000000
output.beta,443,5.42,1066000000
output.beta,444,5.43,1065000000
output.beta,445,5.44,1064000000
output.beta,446,5.45,1063000000
output.beta,447,5.46,1062000000
output.beta,448,5.47,1062000000
output.beta,449,5.48,1061000000
output.beta,450,5.49,1060000000
output.beta,451,5.5,1059000000
output.beta,452,5.51,1058000000
output.beta,453,5.52,1058000000
output.beta,454,5.53,1057000000
output.beta,455,5.54,1056000000
output.beta,456,5.55,1055000000
output.beta,457,5.56,1054000000
output.beta,458,5.57,1054000000
output.beta,459,5.58,1053000000
output.beta,460,5.59,1052000000
output.beta,461,5.6,1051000000
output.beta,462,5.61,1050000000
output.beta,463,5.62,1050000000
output.beta,464,5.63,1049000000
output.beta,465,5.64,1048000000
output.beta,466,5.65,1047000000
output.beta,467,5.66,1046000000
output.beta,468,5.67,1046000000
output.beta,469,5.68,1045000000
output.beta,470,5.69,1044000000
output.beta,471,5.7,1043000000
output.beta,472,5.71,1042000000
output.beta,473,5.72,1042000000
output.beta,474,5.73,1041000000
output.beta,475,5.74,1040000000
output.beta,476,5.75,1039000000
output.beta,477,5.76,1038000000
output.beta,478,5.77,1038000000
output.beta,479,5.78,1037000000
output.beta,480,5.79,1036000000
output.beta,481,5.8,1035000000
output.beta,482,5.81,1034000000
output.beta,483,5.82,1034000000
output.beta,484,5.83,1033000000
output.beta,485,5.84,1032000000
output.beta,486,5.85,1031000000
output.beta,487,5.86,1030000000
output.beta,488,5.87,1030000000
output.beta,489,5.88,1029000000
output.beta,490,5.89,1028000000
output.beta,491,5.9,1027000000
output.beta,492,5.91,1026000000
output.beta,493,5.92,1026000000
output.beta,494,5.93,1025000000
output.beta,495,5.94,1024000000
output.beta,496,5.95,1023000000
output.beta,497,5.96,1022000000
output.beta,498,5.97,1022000000
output.beta,499,5.98,1021000000
output.beta,500,5.99,1020000000
output.beta,501,6,1019000000
output.beta,502,6.01,1018000000
output.beta,503,6.02,1018000000
output.beta,504,6.03,1017000000
output.beta,505,6.04,1016000000
output.beta,506,6.05,1015000000
output.beta,507,6.06,1014000000
output.beta,508,6.07,1014000000
output.beta,509,6.08,1013000000
output.beta,510,6.09,1012000000
output.beta,511,6.1,1011000000
output.beta,512,6.11,1010000000
output.beta,513,6.12,1010000000
output.beta,514,6.13,1009000000
output.beta,515,6.14,1008000000
output.beta,516,6.15,1007000000
output.beta,517,6.16,1006000000
output.beta,518,6.17,1006000000
output.beta,519,6.18,1005000000
output.beta,520,6.19,1004000000
output.beta,521,6.2,1003000000
output.beta,522,6.21,1002000000
output.beta,523,6.22,1002000000
output.beta,524,6.23,1001000000
output.beta,525,6.24,1000000000
output.beta,526,6.25,998700000
output.beta,527,6.26,997300000
output.beta,528,6.27,996000000
output.beta,529,6.28,994700000
output.beta,530,6.29,993300000
output.beta,531,6.3,992000000
output.beta,532,6.31,990700000
output.beta,533,6.32,989300000
output.beta,534,6.33,988000000
output.beta,535,6.34,986700000
output.beta,536,6.35,985300000
output.beta,537,6.36,984000000
output.beta,538,6.37,982700000
output.beta,539,6.38,981300000
output.beta,540,6.39,980000000
output.beta,541,6.4,978700000
output.beta,542,6.41,977300000
output.beta,543,6.42,976000000
output.beta,544,6.43,974700000
output.beta,545,6.44,973300000
output.beta,546,6.45,972000000
output.beta,547,6.46,970700000
output.beta,548,6.47,969300000
output.beta,549,6.48,968000000
output.beta,550,6.49,966700000
output.beta,551,6.5,965300000
output.beta,552,6.51,964000000
output.beta,553,6.52,962700000
output.beta,554,6.53,961300000
output.beta,555,6.54,960000000
output.beta,556,6.55,958700000
output.beta,557,6.56,957300000
output.beta,558,6.57,956000000
output.beta,559,6.58,954700000
output.beta,560,6.59,953300000
output.beta,561,6.6,952000000
output.beta,562,6.61,950700000
output.beta,563,6.62,949300000
output.beta,564,6.63,948000000
output.beta,565,6.64,946700000
output.beta,566,6.65,945300000
output.beta,567,6.66,944000000
output.beta,568,6.67,942700000
output.beta,569,6.68,941300000
output.beta,570,6.69,940000000
output.beta,571,6.7,938700000
output.beta,572,6.71,937300000
output.beta,573,6.72,936000000
output.beta,574,6.73,934700000
output.beta,575,6.74,933300000
output.beta,576,6.75,932000000
output.beta,577,6.76,930700000
output.beta,578,6.77,929300000
output.beta,579,6.78,928000000
output.beta,580,6.79,926700000
output.beta,581,6.8,925300000
output.beta,582,6.81,924000000
output.beta,583,6.82,922700000
output.beta,584,6.83,921300000
output.beta,585,6.84,920000000
output.beta,586,6.85,918700000
output.beta,587,6.86,917300000
output.beta,588,6.87,916000000
output.beta,589,6.88,914700000
output.beta,590,6.89,913300000
output.beta,591,6.9,912000000
output.beta,592,6.91,910700000
output.beta,593,6.92,909300000
output.beta,594,6.93,908000000
output.beta,595,6.94,906700000
output.beta,596,6.95,905300000
output.beta,597,6.96,904000000
output.beta,598,6.97,902700000
output.beta,599,6.98,901300000
output.beta,600,6.99,900000000
output.beta,601,7,898700000
output.beta,602,7.01,897300000
output.beta,603,7.02,896000000
output.beta,604,7.03,894700000
output.beta,605,7.04,893300000
output.beta,606,7.05,892000000
output.beta,607,7.06,890700000
output.beta,608,7.07,889300000
output.beta,609,7.08,888000000
output.beta,610,7.09,886700000
output.beta,611,7.1,885300000
output.beta,612,7.11,884000000
output.beta,613,7.12,882700000
output.beta,614,7.13,881300000
output.beta,615,7.14,880000000
output.beta,616,7.15,878700000
output.beta,617,7.16,877300000
output.beta,618,7.17,876000000
output.beta,619,7.18,874700000
output.beta,620,7.19,873300000
output.beta,621,7.2,872000000
output.beta,622,7.21,870700000
output.beta,623,7.22,869300000
output.beta,624,7.23,868000000
output.beta,625,7.24,866700000
output.beta,626,7.25,865300000
output.beta,627,7.26,864000000
output.beta,628,7.27,862700000
output.beta,629,7.28,861300000
output.beta,630,7.29,860000000
output.beta,631,7.3,858700000
output.beta,632,7.31,857300000
output.beta,633,7.32,856000000
output.beta,634,7.33,854700000
output.beta,635,7.34,853300000
output.beta,636,7.35,852000000
output.beta,637,7.36,850700000
output.beta,638,7.37,849300000
output.beta,639,7.38,848000000
output.beta,640,7.39,846700000
output.beta,641,7.4,845300000
output.beta,642,7.41,844000000
output.beta,643,7.42,842700000
output.beta,644,7.43,841300000
output.beta,645,7.44,840000000
output.beta,646,7.45,838700000
output.beta,647,7.46,837300000
output.beta,648,7.47,836000000
output.beta,649,7.48,834700000
output.beta,650,7.49,833300000
output.beta,651,7.5,832000000
output.beta,652,7.51,830700000
output.beta,653,7.52,829300000
output.beta,654,7.53,828000000
output.beta,655,7.54,826700000
output.beta,656,7.55,825300000
output.beta,657,7.56,824000000
output.beta,658,7.57,822700000
output.beta,659,7.58,821300000
output.beta,660,7.59,820000000
output.beta,661,7.6,818700000
output.beta,662,7.61,817300000
output.beta,663,7.62,816000000
output.beta,664,7.63,814700000
output.beta,665,7.64,813300000
output.beta,666,7.65,812000000
output.beta,667,7.66,810700000
output.beta,668,7.67,809300000
output.beta,669,7.68,808000000
output.beta,670,7.69,806700000
output.beta,671,7.7,805300000
output.beta,672,7.71,804000000
output.beta,673,7.72,802700000
output.beta,674,7.73,801300000
output.beta,675,7.74,800000000
output.beta,676,7.75,798700000
output.beta,677,7.76,797300000
output.beta,678,7.77,796000000
output.beta,679,7.78,794700000
output.beta,680,7.79,793300000
output.beta,681,7.8,792000000
output.beta,682,7.81,790700000
output.beta,683,7.82,789300000
output.beta,684,7.83,788000000
output.beta,685,7.84,786700000
output.beta,686,7.85,785300000
output.beta,687,7.86,784000000
output.beta,688,7.87,782700000
output.beta,689,7.88,781300000
output.beta,690,7.89,780000000
output.beta,691,7.9,778700000
output.beta,692,7.91,777300000
output.beta,693,7.92,776000000
output.beta,694,7.93,774700000
output.beta,695,7.94,773300000
output.beta,696,7.95,772000000
output.beta,697,7.96,770700000
output.beta,698,7.97,769300000
output.beta,699,7.98,768000000
output.beta,700,7.99,766700000
output.beta,701,8,765300000
output.beta,702,8.01,764000000
output.beta,703,8.02,762700000
output.beta,704,8.03,761300000
output.beta,705,8.04,760000000
output.beta,706,8.05,758700000
output.beta,707,8.06,757300000
output.beta,708,8.07,756000000
output.beta,709,8.08,754700000
output.beta,710,8.09,753300000
output.beta,711,8.1,752000000
output.beta,712,8.11,750700000
output.beta,713,8.12,749300000
output.beta,714,8.13,748000000
output.beta,715,8.14,746700000
output.beta,716,8.15,745300000
output.beta,717,8.16,744000000
output.beta,718,8.17,742700000
output.beta,719,8.18,741300000
output.beta,720,8.19,740000000
output.beta,721,8.2,738700000
output.beta,722,8.21,737300000
output.beta,723,8.22,736000000
output.beta,724,8.23,734700000
output.beta,725,8.24,733300000
output.beta,726,8.25,732000000
output.beta,727,8.26,730700000
output.beta,728,8.27,729300000
output.beta,729,8.28,728000000
output.beta,730,8.29,726700000
output.beta,731,8.3,725300000
output.beta,732,8.31,724000000
output.beta,733,8.32,722700000
output.beta,734,8.33,721300000
output.beta,735,8.34,720000000
output.beta,736,8.35,718700000
output.beta,737,8.36,717300000
output.beta,738,8.37,716000000
output.beta,739,8.38,714700000
output.beta,740,8.39,713300000
output.beta,741,8.4,712000000
output.beta,742,8.41,710700000
output.beta,743,8.42,709300000
output.beta,744,8.43,708000000
output.beta,745,8.44,706700000
output.beta,746,8.45,705300000
output.beta,747,8.46,704000000
output.beta,748,8.47,702700000
output.beta,749,8.48,701300000
output.beta,750,8.49,700000000
output.beta,751,8.5,698700000
output.beta,752,8.51,697300000
output.beta,753,8.52,696000000
output.beta,754,8.53,694700000
output.beta,755,8.54,693300000
output.beta,756,8.55,692000000
output.beta,757,8.56,690700000
output.beta,758,8.57,689300000
output.beta,759,8.58,688000000
output.beta,760,8.59,686700000
output.beta,761,8.6,685300000
output.beta,762,8.61,684000000
output.beta,763,8.62,682700000
output.beta,764,8.63,681300000
output.beta,765,8.64,680000000
output.beta,766,8.65,678700000
output.beta,767,8.66,677300000
output.beta,768,8.67,676000000
output.beta,769,8.68,674700000
output.beta,770,8.69,673300000
output.beta,771,8.7,672000000
output.beta,772,8.71,670700000
output.beta,773,8.72,669300000
output.beta,774,8.73,668000000
output.beta,775,8.74,666700000
output.beta,776,8.75,665300000
output.beta,777,8.76,664000000
output.beta,778,8.77,662700000
output.beta,779,8.78,661300000
output.beta,780,8.79,660000000
output.beta,781,8.8,658700000
output.beta,782,8.81,657300000
output.beta,783,8.82,656000000
output.beta,784,8.83,654700000
output.beta,785,8.84,653300000
output.beta,786,8.85,652000000
output.beta,787,8.86,650700000
output.beta,788,8.87,649300000
output.beta,789,8.88,648000000
output.beta,790,8.89,646700000
output.beta,791,8.9,645300000
output.beta,792,8.91,644000000
output.beta,793,8.92,642700000
output.beta,794,8.93,641300000
output.beta,795,8.94,640000000
output.beta,796,8.95,638700000
output.beta,797,8.96,637300000
output.beta,798,8.97,636000000
output.beta,799,8.98,634700000
output.beta,800,8.99,633300000
output.beta,801,9,632000000
output.beta,802,9.01,630700000
output.beta,803,9.02,629300000
output.beta,804,9.03,628000000
output.beta,805,9.04,626700000
output.beta,806,9.05,625300000,625300000
output.beta,807,9.06,624000000,625300000
output.beta,808,9.07,622700000,625300000
output.beta,809,9.08,621300000,625300000
output.beta,810,9.09,620000000,625300000
output.beta,811,9.1,618700000,625300000
output.beta,812,9.11,617300000,625300000
output.beta,813,9.12,616000000,625300000
output.beta,814,9.13,614700000,625300000
output.beta,815,9.14,613300000,625300000
output.beta,816,9.15,612000000,625300000
output.beta,817,9.16,610700000,625300000
output.beta,818,9.17,609300000,625300000
output.beta,819,9.18,608000000,625300000
output.beta,820,9.19,606700000,625300000
output.beta,821,9.2,605300000,625300000
output.beta,822,9.21,604000000,625300000
output.beta,823,9.22,602700000,625300000
output.beta,824,9.23,601300000,625300000
output.beta,825,9.24,600000000,625300000
output.beta,826,9.25,598000000,625300000
output.beta,827,9.26,596000000,625300000
output.beta,828,9.27,594000000,625300000
output.beta,829,9.28,592000000,625300000
output.beta,830,9.29,590000000,625300000
output.beta,831,9.3,588000000,625300000
output.beta,832,9.31,586000000,625300000
output.beta,833,9.32,584000000,625300000
output.beta,834,9.33,582000000,625300000
output.beta,835,9.34,580000000,625300000
output.beta,836,9.35,578000000,625300000
output.beta,837,9.36,576000000,625300000
output.beta,838,9.37,574000000,625300000
output.beta,839,9.38,572000000,625300000
output.beta,840,9.39,570000000,625300000
output.beta,841,9.4,568000000,625300000
output.beta,842,9.41,566000000,625300000
output.beta,843,9.42,564000000,625300000
output.beta,844,9.43,562000000,625300000
output.beta,845,9.44,560000000,625300000
output.beta,846,9.45,558000000,625300000
output.beta,847,9.46,556000000,625300000
output.beta,848,9.47,554000000,625300000
output.beta,849,9.48,552000000,625300000
output.beta,850,9.49,550000000,625300000
output.beta,851,9.5,548000000,625300000
output.beta,852,9.51,546000000,625300000
output.beta,853,9.52,544000000,625300000
output.beta,854,9.53,542000000,625300000
output.beta,855,9.54,540000000,625300000
output.beta,856,9.55,538000000,625300000
output.beta,857,9.56,536000000,625300000
output.beta,858,9.57,534000000,625300000
output.beta,859,9.58,532000000,625300000
output.beta,860,9.59,530000000,625300000
output.beta,861,9.6,528000000,625300000
output.beta,862,9.61,526000000,625300000
output.beta,863,9.62,524000000,625300000
output.beta,864,9.63,522000000,625300000
output.beta,865,9.64,520000000,625300000
output.beta,866,9.65,518000000,625300000
output.beta,867,9.66,516000000,625300000
output.beta,868,9.67,514000000,625300000
output.beta,869,9.68,512000000,625300000
output.beta,870,9.69,510000000,625300000
output.beta,871,9.7,508000000,625300000
output.beta,872,9.71,506000000,625300000
output.beta,873,9.72,504000000,625300000
output.beta,874,9.73,502000000,625300000
output.beta,875,9.74,500000000,625300000
output.beta,876,9.75,498700000,625300000
output.beta,877,9.76,497300000,625300000
output.beta,878,9.77,496000000,625300000
output.beta,879,9.78,494700000,625300000
output.beta,880,9.79,493300000,625300000
output.beta,881,9.8,492000000,625300000
output.beta,882,9.81,490700000,625300000
output.beta,883,9.82,489300000,625300000
output.beta,884,9.83,488000000,625300000
output.beta,885,9.84,486700000,625300000
output.beta,886,9.85,485300000,625300000
output.beta,887,9.86,484000000,625300000
output.beta,888,9.87,482700000,625300000
output.beta,889,9.88,481300000,625300000
output.beta,890,9.89,480000000,625300000
output.beta,891,9.9,478700000,625300000
output.beta,892,9.91,477300000,625300000
output.beta,893,9.92,476000000,625300000
output.beta,894,9.93,474700000,625300000
output.beta,895,9.94,473300000,625300000
output.beta,896,9.95,472000000,625300000
output.beta,897,9.96,470700000,625300000
output.beta,898,9.97,469300000,625300000
output.beta,899,9.98,468000000,625300000
output.beta,900,9.99,466700000,625300000
output.beta,901,10,465300000,625300000
output.beta,902,10.01,464000000,625300000
output.beta,903,10.02,462700000,625300000
output.beta,904,10.03,461300000,625300000
output.beta,905,10.04,460000000,625300000
output.beta,906,10.05,458700000,625300000
output.beta,907,10.06,457300000,625300000
output.beta,908,10.07,456000000,625300000
output.beta,909,10.08,454700000,625300000
output.beta,910,10.09,453300000,625300000
output.beta,911,10.1,452000000,625300000
output.beta,912,10.11,450700000,625300000
output.beta,913,10.12,449300000,625300000
output.beta,914,10.13,448000000,625300000
output.beta,915,10.14,446700000,625300000
output.beta,916,10.15,445300000,625300000
output.beta,917,10.16,444000000,625300000
output.beta,918,10.17,442700000,625300000
output.beta,919,10.18,441300000,625300000
output.beta,920,10.19,440000000,625300000
output.beta,921,10.2,438700000,625300000
output.beta,922,10.21,437300000,625300000
output.beta,923,10.22,436000000,625300000
output.beta,924,10.23,434700000,625300000
output.beta,925,10.24,433300000,625300000
output.beta,926,10.25,432000000,625300000
output.beta,927,10.26,430700000,625300000
output.beta,928,10.27,429300000,625300000
output.beta,929,10.28,428000000,625300000
output.beta,930,10.29,426700000,625300000
output.beta,931,10.3,425300000,625300000
output.beta,932,10.31,424000000,625300000
output.beta,933,10.32,422700000,625300000
output.beta,934,10.33,421300000,625300000
output.beta,935,10.34,420000000,625300000
output.beta,936,10.35,418700000,625300000
output.beta,937,10.36,417300000,625300000
output.beta,938,10.37,416000000,625300000
output.beta,939,10.38,414700000,625300000
output.beta,940,10.39,413300000,625300000
output.beta,941,10.4,412000000,625300000
output.beta,942,10.41,410700000,625300000
output.beta,943,10.42,409300000,625300000
output.beta,944,10.43,408000000,625300000
output.beta,945,10.44,406700000,625300000
output.beta,946,10.45,405300000,625300000
output.beta,947,10.46,404000000,625300000
output.beta,948,10.47,402700000,625300000
output.beta,949,10.48,401300000,625300000
output.beta,950,10.49,400000000,625300000
output.beta,951,10.5,398900000,625300000
output.beta,952,10.51,397800000,625300000
output.beta,953,10.52,396700000,625300000
output.beta,954,10.53,395600000,625300000
output.beta,955,10.54,394400000,625300000
output.beta,956,10.55,393300000,625300000
output.beta,957,10.56,392200000,625300000
output.beta,958,10.57,391100000,625300000
output.beta,959,10.58,390000000,625300000
output.beta,960,10.59,388900000,625300000
output.beta,961,10.6,387800000,625300000
output.beta,962,10.61,386700000,625300000
output.beta,963,10.62,385600000,625300000
output.beta,964,10.63,384400000,625300000
output.beta,965,10.64,383300000,625300000
output.beta,966,10.65,382200000,625300000
output.beta,967,10.66,381100000,625300000
output.beta,968,10.67,380000000,625300000
output.beta,969,10.68,378900000,625300000
output.beta,970,10.69,377800000,625300000
output.beta,971,10.7,376700000,625300000
output.beta,972,10.71,375600000,625300000
output.beta,973,10.72,374400000,625300000
output.beta,974,10.73,373300000,625300000
output.beta,975,10.74,372200000,625300000
output.beta,976,10.75,371100000,625300000
output.beta,977,10.76,370000000,625300000
output.beta,978,10.77,368900000,625300000
output.beta,979,10.78,367800000,625300000
output.beta,980,10.79,366700000,625300000
output.beta,981,10.8,365600000,625300000
output.beta,982,10.81,364400000,625300000
output.beta,983,10.82,363300000,625300000
output.beta,984,10.83,362200000,625300000
output.beta,985,10.84,361100000,625300000
output.beta,986,10.85,360000000,625300000
output.beta,987,10.86,358900000,625300000
output.beta,988,10.87,357800000,625300000
output.beta,989,10.88,356700000,625300000
output.beta,990,10.89,355600000,625300000
output.beta,991,10.9,354400000,625300000
output.beta,992,10.91,353300000,625300000
output.beta,993,10.92,352200000,625300000
output.beta,994,10.93,351100000,625300000
output.beta,995,10.94,350000000,625300000
output.beta,996,10.95,348900000,625300000
output.beta,997,10.96,347800000,625300000
output.beta,998,10.97,346700000,625300000
output.beta,999,10.98,345600000,625300000
output.beta,1000,10.99,344400000,625300000
output.beta,1001,11,343300000
output.beta,1002,14,342200000
output.beta,1003,17,341100000
output.beta,1004,20,340000000
output.beta,1005,23,338900000
output.beta,1006,26,337800000
output.beta,1007,29,336700000
output.beta,1008,32,335600000
output.beta,1009,35,334400000
output.beta,1010,38,333300000
output.beta,1011,41,332200000
output.beta,1012,44,331100000
output.beta,1013,47,330000000
output.beta,1014,50,328900000
output.beta,1015,53,327800000
output.beta,1016,56,326700000
output.beta,1017,59,325600000
output.beta,1018,62,324400000
output.beta,1019,65,323300000
output.beta,1020,68,322200000
output.beta,1021,71,321100000
output.beta,1022,74,320000000
output.beta,1023,77,318900000
output.beta,1024,80,317800000
output.beta,1025,83,316700000
output.beta,1026,86,315600000
output.beta,1027,89,314400000
output.beta,1028,92,313300000
output.beta,1029,95,312200000
output.beta,1030,98,311100000
output.beta,1031,101,310000000
output.beta,1032,104,308900000
output.beta,1033,107,307800000
output.beta,1034,110,306700000
output.beta,1035,113,305600000
output.beta,1036,116,304400000
output.beta,1037,119,303300000
output.beta,1038,122,302200000
output.beta,1039,125,301100000
output.beta,1040,128,300000000
output.beta,1041,131,290000000
output.beta,1042,134,280000000
output.beta,1043,137,270000000
output.beta,1044,140,260000000
output.beta,1045,143,250000000
output.beta,1046,146,240000000
output.beta,1047,149,230000000
output.beta,1048,152,220000000
output.beta,1049,155,210000000
output.beta,1050,158,200000000
output.beta,1051,161,190000000
output.beta,1052,164,180000000
output.beta,1053,167,170000000
output.beta,1054,170,160000000
output.beta,1055,173,150000000
output.beta,1056,176,140000000
output.beta,1057,179,130000000
output.beta,1058,182,120000000
output.beta,1059,185,110000000
output.beta,1060,188,100000000
output.beta,1061,191,99860000
output.beta,1062,194,99730000
output.beta,1063,197,99590000
output.beta,1064,200,99460000
output.beta,1065,203,99320000
output.beta,1066,206,99190000
output.beta,1067,209,99050000
output.beta,1068,212,98920000
output.beta,1069,215,98780000
output.beta,1070,218,98650000
output.beta,1071,221,98510000
output.beta,1072,224,98380000
output.beta,1073,227,98240000
output.beta,1074,230,98110000
output.beta,1075,233,97970000
output.beta,1076,236,97840000
output.beta,1077,239,97700000
output.beta,1078,242,97570000
output.beta,1079,245,97430000
output.beta,1080,248,97300000
output.beta,1081,251,97160000
output.beta,1082,254,97030000
output.beta,1083,257,96890000
output.beta,1084,260,96760000
output.beta,1085,263,96620000
output.beta,1086,266,96490000
output.beta,1087,269,96350000
output.beta,1088,272,96220000
output.beta,1089,275,96080000
output.beta,1090,278,95950000
output.beta,1091,281,95810000
output.beta,1092,284,95680000
output.beta,1093,287,95540000
output.beta,1094,290,95410000
output.beta,1095,293,95270000
output.beta,1096,296,95140000
output.beta,1097,299,95000000
output.beta,1098,302,94860000
output.beta,1099,305,94730000
output.beta,1100,308,94590000
output.beta,1101,311,94460000
output.beta,1102,314,94320000
output.beta,1103,317,94190000
output.beta,1104,320,94050000
output.beta,1105,323,93920000
output.beta,1106,326,93780000
output.beta,1107,329,93650000
output.beta,1108,332,93510000
output.beta,1109,335,93380000
output.beta,1110,338,93240000
output.beta,1111,341,93110000
output.beta,1112,344,92970000
output.beta,1113,347,92840000
output.beta,1114,350,92700000
output.beta,1115,353,92570000
output.beta,1116,356,92430000
output.beta,1117,359,92300000
output.beta,1118,362,92160000
output.beta,1119,365,92030000
output.beta,1120,368,91890000
output.beta,1121,371,91760000
output.beta,1122,374,91620000
output.beta,1123,377,91490000
output.beta,1124,380,91350000
output.beta,1125,383,91220000
output.beta,1126,386,91080000
output.beta,1127,389,90950000
output.beta,1128,392,90810000
output.beta,1129,395,90680000
output.beta,1130,398,90540000
output.beta,1131,401,90410000
output.beta,1132,404,90270000
output.beta,1133,407,90140000
output.beta,1134,410,90000000
output.beta,1135,413,89860000
output.beta,1136,416,89730000
output.beta,1137,419,89590000
output.beta,1138,422,89460000
output.beta,1139,425,89320000
output.beta,1140,428,89190000
output.beta,1141,431,89050000
output.beta,1142,434,88920000
output.beta,1143,437,88780000
output.beta,1144,440,88650000
output.beta,1145,443,88510000
output.beta,1146,446,88380000
output.beta,1147,449,88240000
output.beta,1148,452,88110000
output.beta,1149,455,87970000
output.beta,1150,458,87840000
output.beta,1151,461,87700000
output.beta,1152,464,87570000
output.beta,1153,467,87430000
output.beta,1154,470,87300000
output.beta,1155,473,87160000
output.beta,1156,476,87030000
output.beta,1157,479,86890000
output.beta,1158,482,86760000
output.beta,1159,485,86620000
output.beta,1160,488,86490000
output.beta,1161,491,86350000
output.beta,1162,494,86220000
output.beta,1163,497,86080000
output.beta,1164,500,85950000
output.beta,1165,503,85810000
output.beta,1166,506,85680000
output.beta,1167,509,85540000
output.beta,1168,512,85410000
output.beta,1169,515,85270000
output.beta,1170,518,85140000
output.beta,1171,521,85000000
output.beta,1172,524,84860000
output.beta,1173,527,84730000
output.beta,1174,530,84590000
output.beta,1175,533,84460000
output.beta,1176,536,84320000
output.beta,1177,539,84190000
output.beta,1178,542,84050000
output.beta,1179,545,83920000
output.beta,1180,548,83780000
output.beta,1181,551,83650000
output.beta,1182,554,83510000
output.beta,1183,557,83380000
output.beta,1184,560,83240000
output.beta,1185,563,83110000
output.beta,1186,566,82970000
output.beta,1187,569,82840000
output.beta,1188,572,82700000
output.beta,1189,575,82570000
output.beta,1190,578,82430000
output.beta,1191,581,82300000
output.beta,1192,584,82160000
output.beta,1193,587,82030000
output.beta,1194,590,81890000
output.beta,1195,593,81760000
output.beta,1196,596,81620000
output.beta,1197,599,81490000
output.beta,1198,602,81350000
output.beta,1199,605,81220000
output.beta,1200,608,81080000
output.beta,1201,611,80950000
output.beta,1202,614,80810000
output.beta,1203,617,80680000
output.beta,1204,620,80540000
output.beta,1205,623,80410000
output.beta,1206,626,80270000
output.beta,1207,629,80140000
output.beta,1208,632,80000000
output.beta,1209,635,79860000
output.beta,1210,638,79730000
output.beta,1211,641,79590000
output.beta,1212,644,79460000
output.beta,1213,647,79320000
output.beta,1214,650,79190000
output.beta,1215,653,79050000
output.beta,1216,656,78920000
output.beta,1217,659,78780000
output.beta,1218,662,78650000
output.beta,1219,665,78510000
output.beta,1220,668,78380000
output.beta,1221,671,78240000
output.beta,1222,674,78110000
output.beta,1223,677,77970000
output.beta,1224,680,77840000
output.beta,1225,683,77700000
output.beta,1226,686,77570000
output.beta,1227,689,77430000
output.beta,1228,692,77300000
output.beta,1229,695,77160000
output.beta,1230,698,77030000
output.beta,1231,701,76890000
output.beta,1232,704,76760000
output.beta,1233,707,76620000
output.beta,1234,710,76490000
output.beta,1235,713,76350000
output.beta,1236,716,76220000
output.beta,1237,719,76080000
output.beta,1238,722,75950000
output.beta,1239,725,75810000
output.beta,1240,728,75680000
output.beta,1241,731,75540000
output.beta,1242,734,75410000
output.beta,1243,737,75270000
output.beta,1244,740,75140000
output.beta,1245,743,75000000
output.beta,1246,746,74860000
output.beta,1247,749,74730000
output.beta,1248,752,74590000
output.beta,1249,755,74460000
output.beta,1250,758,74320000
output.beta,1251,761,74190000
output.beta,1252,764,74050000
output.beta,1253,767,73920000
output.beta,1254,770,73780000
output.beta,1255,773,73650000
output.beta,1256,776,73510000
output.beta,1257,779,73380000
output.beta,1258,782,73240000
output.beta,1259,785,73110000
output.beta,1260,788,72970000
output.beta,1261,791,72840000
output.beta,1262,794,72700000
output.beta,1263,797,72570000
output.beta,1264,800,72430000
output.beta,1265,803,72300000
output.beta,1266,806,72160000
output.beta,1267,809,72030000
output.beta,1268,812,71890000
output.beta,1269,815,71760000
output.beta,1270,818,71620000
output.beta,1271,821,71490000
output.beta,1272,824,71350000
output.beta,1273,827,71220000
output.beta,1274,830,71080000
output.beta,1275,833,70950000
output.beta,1276,836,70810000
output.beta,1277,839,70680000
output.beta,1278,842,70540000
output.beta,1279,845,70410000
output.beta,1280,848,70270000
output.beta,1281,851,70140000
output.beta,1282,854,70000000
output.beta,1283,857,69860000
output.beta,1284,860,69730000
output.beta,1285,863,69590000
output.beta,1286,866,69460000
output.beta,1287,869,69320000
output.beta,1288,872,69190000
output.beta,1289,875,69050000
output.beta,1290,878,68920000
output.beta,1291,881,68780000
output.beta,1292,884,68650000
output.beta,1293,887,68510000
output.beta,1294,890,68380000
output.beta,1295,893,68240000
output.beta,1296,896,68110000
output.beta,1297,899,67970000
output.beta,1298,902,67840000
output.beta,1299,905,67700000
output.beta,1300,908,67570000
output.beta,1301,911,67430000
output.beta,1302,914,67300000
output.beta,1303,917,67160000
output.beta,1304,920,67030000
output.beta,1305,923,66890000
output.beta,1306,926,66760000
output.beta,1307,929,66620000
output.beta,1308,932,66490000
output.beta,1309,935,66350000
output.beta,1310,938,66220000
output.beta,1311,941,66080000
output.beta,1312,944,65950000
output.beta,1313,947,65810000
output.beta,1314,950,65680000
output.beta,1315,953,65540000
output.beta,1316,956,65410000
output.beta,1317,959,65270000
output.beta,1318,962,65140000
output.beta,1319,965,65000000
output.beta,1320,968,64860000
output.beta,1321,971,64730000
output.beta,1322,974,64590000
output.beta,1323,977,64460000
output.beta,1324,980,64320000
output.beta,1325,983,64190000
output.beta,1326,986,64050000
output.beta,1327,989,63920000
output.beta,1328,992,63780000
output.beta,1329,995,63650000
output.beta,1330,998,63510000
output.beta,1331,1001,63380000
output.beta,1332,1004,63240000
output.beta,1333,1007,63110000
output.beta,1334,1010,62970000
output.beta,1335,1013,62840000
output.beta,1336,1016,62700000
output.beta,1337,1019,62570000
output.beta,1338,1022,62430000
output.beta,1339,1025,62300000
output.beta,1340,1028,62160000
output.beta,1341,1031,62030000
output.beta,1342,1034,61890000
output.beta,1343,1037,61760000
output.beta,1344,1040,61620000
output.beta,1345,1043,61490000
output.beta,1346,1046,61350000
output.beta,1347,1049,61220000
output.beta,1348,1052,61080000
output.beta,1349,1055,60950000
output.beta,1350,1058,60810000
output.beta,1351,1061,60680000
output.beta,1352,1064,60540000
output.beta,1353,1067,60410000
output.beta,1354,1070,60270000
output.beta,1355,1073,60140000
output.beta,1356,1076,60000000
output.beta,1357,1079,59860000
output.beta,1358,1082,59730000
output.beta,1359,1085,59590000
output.beta,1360,1088,59460000
output.beta,1361,1091,59320000
output.beta,1362,1094,59190000
output.beta,1363,1097,59050000
output.beta,1364,1100,58920000
output.beta,1365,1103,58780000
output.beta,1366,1106,58650000
output.beta,1367,1109,58510000
output.beta,1368,1112,58380000
output.beta,1369,1115,58240000
output.beta,1370,1118,58110000
output.beta,1371,1121,57970000
output.beta,1372,1124,57840000
output.beta,1373,1127,57700000
output.beta,1374,1130,57570000
output.beta,1375,1133,57430000
output.beta,1376,1136,57300000
output.beta,1377,1139,57160000
output.beta,1378,1142,57030000
output.beta,1379,1145,56890000
output.beta,1380,1148,56760000
output.beta,1381,1151,56620000
output.beta,1382,1154,56490000
output.beta,1383,1157,56350000
output.beta,1384,1160,56220000
output.beta,1385,1163,56080000
output.beta,1386,1166,55950000
output.beta,1387,1169,55810000
output.beta,1388,1172,55680000
output.beta,1389,1175,55540000
output.beta,1390,1178,55410000
output.beta,1391,1181,55270000
output.beta,1392,1184,55140000
output.beta,1393,1187,55000000
output.beta,1394,1190,54860000
output.beta,1395,1193,54730000
output.beta,1396,1196,54590000
output.beta,1397,1199,54460000
output.beta,1398,1202,54320000
output.beta,1399,1205,54190000
output.beta,1400,1208,54050000
output.beta,1401,1211,53920000
output.beta,1402,1214,53780000
output.beta,1403,1217,53650000
output.beta,1404,1220,53510000
output.beta,1405,1223,53380000
output.beta,1406,1226,53240000
output.beta,1407,1229,53110000
output.beta,1408,1232,52970000
output.beta,1409,1235,52840000
output.beta,1410,1238,52700000
output.beta,1411,1241,52570000
output.beta,1412,1244,52430000
output.beta,1413,1247,52300000
output.beta,1414,1250,52160000
output.beta,1415,1253,52030000
output.beta,1416,1256,51890000
output.beta,1417,1259,51760000
output.beta,1418,1262,51620000
output.beta,1419,1265,51490000
output.beta,1420,1268,51350000
output.beta,1421,1271,51220000
output.beta,1422,1274,51080000
output.beta,1423,1277,50950000
output.beta,1424,1280,50810000
output.beta,1425,1283,50680000
output.beta,1426,1286,50540000
output.beta,1427,1289,50410000
output.beta,1428,1292,50270000
output.beta,1429,1295,50140000
output.beta,1430,1298,50000000
output.beta,1431,1301,49860000
output.beta,1432,1304,49730000
output.beta,1433,1307,49590000
output.beta,1434,1310,49460000
output.beta,1435,1313,49320000
output.beta,1436,1316,49190000
output.beta,1437,1319,49050000
output.beta,1438,1322,48920000
output.beta,1439,1325,48780000
output.beta,1440,1328,48650000
output.beta,1441,1331,48510000
output.beta,1442,1334,48380000
output.beta,1443,1337,48240000
output.beta,1444,1340,48110000
output.beta,1445,1343,47970000
output.beta,1446,1346,47840000
output.beta,1447,1349,47700000
output.beta,1448,1352,47570000
output.beta,1449,1355,47430000
output.beta,1450,1358,47300000
output.beta,1451,1361,47160000
output.beta,1452,1364,47030000
output.beta,1453,1367,46890000
output.beta,1454,1370,46760000
output.beta,1455,1373,46620000
output.beta,1456,1376,46490000
output.beta,1457,1379,46350000
output.beta,1458,1382,46220000
output.beta,1459,1385,46080000
output.beta,1460,1388,45950000
output.beta,1461,1391,45810000
output.beta,1462,1394,45680000
output.beta,1463,1397,45540000
output.beta,1464,1400,45410000
output.beta,1465,1403,45270000
output.beta,1466,1406,45140000
output.beta,1467,1409,45000000
output.beta,1468,1412,44860000
output.beta,1469,1415,44730000
output.beta,1470,1418,44590000
output.beta,1471,1421,44460000
output.beta,1472,1424,44320000
output.beta,1473,1427,44190000
output.beta,1474,1430,44050000
output.beta,1475,1433,43920000
output.beta,1476,1436,43780000
output.beta,1477,1439,43650000
output.beta,1478,1442,43510000
output.beta,1479,1445,43380000
output.beta,1480,1448,43240000
output.beta,1481,1451,43110000
output.beta,1482,1454,42970000
output.beta,1483,1457,42840000
output.beta,1484,1460,42700000
output.beta,1485,1463,42570000
output.beta,1486,1466,42430000
output.beta,1487,1469,42300000
output.beta,1488,1472,42160000
output.beta,1489,1475,42030000
output.beta,1490,1478,41890000
output.beta,1491,1481,41760000
output.beta,1492,1484,41620000
output.beta,1493,1487,41490000
output.beta,1494,1490,41350000
output.beta,1495,1493,41220000
output.beta,1496,1496,41080000
output.beta,1497,1499,40950000
output.beta,1498,1502,40810000
output.beta,1499,1505,40680000
output.beta,1500,1508,40540000
output.beta,1501,1511,40410000
output.beta,1502,1514,40270000
output.beta,1503,1517,40140000
output.beta,1504,1520,40000000
output.beta,1505,1523,39860000
output.beta,1506,1526,39730000
output.beta,1507,1529,39590000
output.beta,1508,1532,39460000
output.beta,1509,1535,39320000
output.beta,1510,1538,39190000
output.beta,1511,1541,39050000
output.beta,1512,1544,38920000
output.beta,1513,1547,38780000
output.beta,1514,1550,38650000
output.beta,1515,1553,38510000
output.beta,1516,1556,38380000
output.beta,1517,1559,38240000
output.beta,1518,1562,38110000
output.beta,1519,1565,37970000
output.beta,1520,1568,37840000
output.beta,1521,1571,37700000
output.beta,1522,1574,37570000
output.beta,1523,1577,37430000
output.beta,1524,1580,37300000
output.beta,1525,1583,37160000
output.beta,1526,1586,37030000
output.beta,1527,1589,36890000
output.beta,1528,1592,36760000
output.beta,1529,1595,36620000
output.beta,1530,1598,36490000
output.beta,1531,1601,36350000
output.beta,1532,1604,36220000
output.beta,1533,1607,36080000
output.beta,1534,1610,35950000
output.beta,1535,1613,35810000
output.beta,1536,1616,35680000
output.beta,1537,1619,35540000
output.beta,1538,1622,35410000
output.beta,1539,1625,35270000
output.beta,1540,1628,35140000
output.beta,1541,1631,35000000
output.beta,1542,1634,34860000
output.beta,1543,1637,34730000
output.beta,1544,1640,34590000
output.beta,1545,1643,34460000
output.beta,1546,1646,34320000
output.beta,1547,1649,34190000
output.beta,1548,1652,34050000
output.beta,1549,1655,33920000
output.beta,1550,1658,33780000
output.beta,1551,1661,33650000
output.beta,1552,1664,33510000
output.beta,1553,1667,33380000
output.beta,1554,1670,33240000
output.beta,1555,1673,33110000
output.beta,1556,1676,32970000
output.beta,1557,1679,32840000
output.beta,1558,1682,32700000
output.beta,1559,1685,32570000
output.beta,1560,1688,32430000
output.beta,1561,1691,32300000
output.beta,1562,1694,32160000
output.beta,1563,1697,32030000
output.beta,1564,1700,31890000
output.beta,1565,1703,31760000
output.beta,1566,1706,31620000
output.beta,1567,1709,31490000
output.beta,1568,1712,31350000
output.beta,1569,1715,31220000
output.beta,1570,1718,31080000
output.beta,1571,1721,30950000
output.beta,1572,1724,30810000
output.beta,1573,1727,30680000
output.beta,1574,1730,30540000
output.beta,1575,1733,30410000
output.beta,1576,1736,30270000
output.beta,1577,1739,30140000
output.beta,1578,1742,30000000
output.beta,1579,1745,29860000
output.beta,1580,1748,29730000
output.beta,1581,1751,29590000
output.beta,1582,1754,29460000
output.beta,1583,1757,29320000
output.beta,1584,1760,29190000
output.beta,1585,1763,29050000
output.beta,1586,1766,28920000
output.beta,1587,1769,28780000
output.beta,1588,1772,28650000
output.beta,1589,1775,28510000
output.beta,1590,1778,28380000
output.beta,1591,1781,28240000
output.beta,1592,1784,28110000
output.beta,1593,1787,27970000
output.beta,1594,1790,27840000
output.beta,1595,1793,27700000
output.beta,1596,1796,27570000
output.beta,1597,1799,27430000
output.beta,1598,1802,27300000
output.beta,1599,1805,27160000
output.beta,1600,1808,27030000
output.beta,1601,1811,26890000
output.beta,1602,1814,26760000
output.beta,1603,1817,26620000
output.beta,1604,1820,26490000
output.beta,1605,1823,26350000
output.beta,1606,1826,26220000
output.beta,1607,1829,26080000
output.beta,1608,1832,25950000
output.beta,1609,1835,25810000
output.beta,1610,1838,25680000
output.beta,1611,1841,25540000
output.beta,1612,1844,25410000
output.beta,1613,1847,25270000
output.beta,1614,1850,25140000
output.beta,1615,1853,25000000
output.beta,1616,1856,24860000
output.beta,1617,1859,24730000
output.beta,1618,1862,24590000
output.beta,1619,1865,24460000
output.beta,1620,1868,24320000
output.beta,1621,1871,24190000
output.beta,1622,1874,24050000
output.beta,1623,1877,23920000
output.beta,1624,1880,23780000
output.beta,1625,1883,23650000
output.beta,1626,1886,23510000
output.beta,1627,1889,23380000
output.beta,1628,1892,23240000
output.beta,1629,1895,23110000
output.beta,1630,1898,22970000
output.beta,1631,1901,22840000
output.beta,1632,1904,22700000
output.beta,1633,1907,22570000
output.beta,1634,1910,22430000
output.beta,1635,1913,22300000
output.beta,1636,1916,22160000
output.beta,1637,1919,22030000
output.beta,1638,1922,21890000
output.beta,1639,1925,21760000
output.beta,1640,1928,21620000
output.beta,1641,1931,21490000
output.beta,1642,1934,21350000
output.beta,1643,1937,21220000
output.beta,1644,1940,21080000
output.beta,1645,1943,20950000
output.beta,1646,1946,20810000
output.beta,1647,1949,20680000
output.beta,1648,1952,20540000
output.beta,1649,1955,20410000
output.beta,1650,1958,20270000
output.beta,1651,1961,20140000
output.beta,1652,1964,20000000
output.beta,1653,1967,19860000
output.beta,1654,1970,19730000
output.beta,1655,1973,19590000
output.beta,1656,1976,19460000
output.beta,1657,1979,19320000
output.beta,1658,1982,19190000
output.beta,1659,1985,19050000
output.beta,1660,1988,18920000
output.beta,1661,1991,18780000
output.beta,1662,1994,18650000
output.beta,1663,1997,18510000
output.beta,1664,2000,18380000
output.beta,1665,2003,18240000
output.beta,1666,2006,18110000
output.beta,1667,2009,17970000
output.beta,1668,2012,17840000
output.beta,1669,2015,17700000
output.beta,1670,2018,17570000
output.beta,1671,2021,17430000
output.beta,1672,2024,17300000
output.beta,1673,2027,17160000
output.beta,1674,2030,17030000
output.beta,1675,2033,16890000
output.beta,1676,2036,16760000
output.beta,1677,2039,16620000
output.beta,1678,2042,16490000
output.beta,1679,2045,16350000
output.beta,1680,2048,16220000
output.beta,1681,2051,16080000
output.beta,1682,2054,15950000
output.beta,1683,2057,15810000
output.beta,1684,2060,15680000
output.beta,1685,2063,15540000
output.beta,1686,2066,15410000
output.beta,1687,2069,15270000
output.beta,1688,2072,15140000
output.beta,1689,2075,15000000
output.beta,1690,2078,14860000
output.beta,1691,2081,14730000
output.beta,1692,2084,14590000
output.beta,1693,2087,14460000
output.beta,1694,2090,14320000
output.beta,1695,2093,14190000
output.beta,1696,2096,14050000
output.beta,1697,2099,13920000
output.beta,1698,2102,13780000
output.beta,1699,2105,13650000
output.beta,1700,2108,13510000
output.beta,1701,2111,13380000
output.beta,1702,2114,13240000
output.beta,1703,2117,13110000
output.beta,1704,2120,12970000
output.beta,1705,2123,12840000
output.beta,1706,2126,12700000
output.beta,1707,2129,12570000
output.beta,1708,2132,12430000
output.beta,1709,2135,12300000
output.beta,1710,2138,12160000
output.beta,1711,2141,12030000
output.beta,1712,2144,11890000
output.beta,1713,2147,11760000
output.beta,1714,2150,11620000
output.beta,1715,2153,11490000
output.beta,1716,2156,11350000
output.beta,1717,2159,11220000
output.beta,1718,2162,11080000
output.beta,1719,2165,10950000
output.beta,1720,2168,10810000
output.beta,1721,2171,10680000
output.beta,1722,2174,10540000
output.beta,1723,2177,10410000
output.beta,1724,2180,10270000
output.beta,1725,2183,10140000
output.beta,1726,2186,10000000
output.beta,1727,2189,9865000
output.beta,1728,2192,9730000
output.beta,1729,2195,9595000
output.beta,1730,2198,9459000
output.beta,1731,2201,9324000
output.beta,1732,2204,9189000
output.beta,1733,2207,9054000
output.beta,1734,2210,8919000
output.beta,1735,2213,8784000
output.beta,1736,2216,8649000
output.beta,1737,2219,8514000
output.beta,1738,2222,8378000
output.beta,1739,2225,8243000
output.beta,1740,2228,8108000
output.beta,1741,2231,7973000
output.beta,1742,2234,7838000
output.beta,1743,2237,7703000
output.beta,1744,2240,7568000
output.beta,1745,2243,7432000
output.beta,1746,2246,7297000
output.beta,1747,2249,7162000
output.beta,1748,2252,7027000
output.beta,1749,2255,6892000
output.beta,1750,2258,6757000
output.beta,1751,2261,6622000
output.beta,1752,2264,6486000
output.beta,1753,2267,6351000
output.beta,1754,2270,6216000
output.beta,1755,2273,6081000
output.beta,1756,2276,5946000
output.beta,1757,2279,5811000
output.beta,1758,2282,5676000
output.beta,1759,2285,5541000
output.beta,1760,2288,5405000
output.beta,1761,2291,5270000
output.beta,1762,2294,5135000
output.beta,1763,2297,5000000
output.beta,1764,2300,4865000
output.beta,1765,2303,4730000
output.beta,1766,2306,4595000
output.beta,1767,2309,4459000
output.beta,1768,2312,4324000
output.beta,1769,2315,4189000
output.beta,1770,2318,4054000
output.beta,1771,2321,3919000
output.beta,1772,2324,3784000
output.beta,1773,2327,3649000
output.beta,1774,2330,3514000
output.beta,1775,2333,3378000
output.beta,1776,2336,3243000
output.beta,1777,2339,3108000
output.beta,1778,2342,2973000
output.beta,1779,2345,2838000
output.beta,1780,2348,2703000
output.beta,1781,2351,2568000
output.beta,1782,2354,2432000
output.beta,1783,2357,2297000
output.beta,1784,2360,2162000
output.beta,1785,2363,2027000
output.beta,1786,2366,1892000
output.beta,1787,2369,1757000
output.beta,1788,2372,1622000
output.beta,1789,2375,1486000
output.beta,1790,2378,1351000
output.beta,1791,2381,1216000
output.beta,1792,2384,1081000
output.beta,1793,2387,945900
output.beta,1794,2390,810800
output.beta,1795,2393,675700
output.beta,1796,2396,540500
output.beta,1797,2399,405400
output.beta,1798,2402,270300
output.beta,1799,2405,135100
output.beta,1800,2408,0
output.ceti,1,1,1300000000
output.ceti,2,1.01,1299000000
output.ceti,3,1.02,1299000000
output.ceti,4,1.03,1298000000
output.ceti,5,1.04,1298000000
output.ceti,6,1.05,1297000000
output.ceti,7,1.06,1297000000
output.ceti,8,1.07,1296000000
output.ceti,9,1.08,1296000000
output.ceti,10,1.09,1295000000
output.ceti,11,1.1,1295000000
output.ceti,12,1.11,1294000000
output.ceti,13,1.12,1294000000
output.ceti,14,1.13,1293000000
output.ceti,15,1.14,1293000000
output.ceti,16,1.15,1292000000
output.ceti,17,1.16,1292000000
output.ceti,18,1.17,1291000000
output.ceti,19,1.18,1291000000
output.ceti,20,1.19,1290000000
output.ceti,21,1.2,1290000000
output.ceti,22,1.21,1289000000
output.ceti,23,1.22,1289000000
output.ceti,24,1.23,1288000000
output.ceti,25,1.24,1288000000
output.ceti,26,1.25,1287000000
output.ceti,27,1.26,1287000000
output.ceti,28,1.27,1286000000
output.ceti,29,1.28,1286000000
output.ceti,30,1.29,1285000000
output.ceti,31,1.3,1285000000
output.ceti,32,1.31,1284000000
output.ceti,33,1.32,1284000000
output.ceti,34,1.33,1283000000
output.ceti,35,1.34,1283000000
output.ceti,36,1.35,1282000000
output.ceti,37,1.36,1282000000
output.ceti,38,1.37,1281000000
output.ceti,39,1.38,1281000000
output.ceti,40,1.39,1280000000
output.ceti,41,1.4,1280000000
output.ceti,42,1.41,1279000000
output.ceti,43,1.42,1279000000
output.ceti,44,1.43,1278000000
output.ceti,45,1.44,1278000000
output.ceti,46,1.45,1277000000
output.ceti,47,1.46,1277000000
output.ceti,48,1.47,1276000000
output.ceti,49,1.48,1276000000
output.ceti,50,1.49,1275000000
output.ceti,51,1.5,1275000000
output.ceti,52,1.51,1274000000
output.ceti,53,1.52,1274000000
output.ceti,54,1.53,1273000000
output.ceti,55,1.54,1273000000
output.ceti,56,1.55,1272000000
output.ceti,57,1.56,1272000000
output.ceti,58,1.57,1271000000
output.ceti,59,1.58,1271000000
output.ceti,60,1.59,1270000000
output.ceti,61,1.6,1270000000
output.ceti,62,1.61,1269000000
output.ceti,63,1.62,1269000000
output.ceti,64,1.63,1268000000
output.ceti,65,1.64,1268000000
output.ceti,66,1.65,1267000000
output.ceti,67,1.66,1267000000
output.ceti,68,1.67,1266000000
output.ceti,69,1.68,1266000000
output.ceti,70,1.69,1265000000
output.ceti,71,1.7,1265000000
output.ceti,72,1.71,1264000000
output.ceti,73,1.72,1264000000
output.ceti,74,1.73,1263000000
output.ceti,75,1.74,1263000000
output.ceti,76,1.75,1262000000
output.ceti,77,1.76,1262000000
output.ceti,78,1.77,1261000000
output.ceti,79,1.78,1261000000
output.ceti,80,1.79,1260000000
output.ceti,81,1.8,1260000000
output.ceti,82,1.81,1259000000
output.ceti,83,1.82,1259000000
output.ceti,84,1.83,1258000000
output.ceti,85,1.84,1258000000
output.ceti,86,1.85,1257000000
output.ceti,87,1.86,1257000000
output.ceti,88,1.87,1256000000
output.ceti,89,1.88,1256000000
output.ceti,90,1.89,1255000000
output.ceti,91,1.9,1255000000
output.ceti,92,1.91,1254000000
output.ceti,93,1.92,1254000000
output.ceti,94,1.93,1253000000
output.ceti,95,1.94,1253000000
output.ceti,96,1.95,1252000000
output.ceti,97,1.96,1252000000
output.ceti,98,1.97,1251000000
output.ceti,99,1.98,1251000000
output.ceti,100,1.99,1250000000
output.ceti,101,2,1250000000
output.ceti,102,2.01,1249000000
output.ceti,103,2.02,1249000000
output.ceti,104,2.03,1248000000
output.ceti,105,2.04,1248000000
output.ceti,106,2.05,1247000000
output.ceti,107,2.06,1247000000
output.ceti,108,2.07,1246000000
output.ceti,109,2.08,1246000000
output.ceti,110,2.09,1245000000
output.ceti,111,2.1,1245000000
output.ceti,112,2.11,1244000000
output.ceti,113,2.12,1244000000
output.ceti,114,2.13,1243000000
output.ceti,115,2.14,1243000000
output.ceti,116,2.15,1242000000
output.ceti,117,2.16,1242000000
output.ceti,118,2.17,1241000000
output.ceti,119,2.18,1241000000
output.ceti,120,2.19,1240000000
output.ceti,121,2.2,1240000000
output.ceti,122,2.21,1239000000
output.ceti,123,2.22,1239000000
output.ceti,124,2.23,1238000000
output.ceti,125,2.24,1238000000
output.ceti,126,2.25,1237000000
output.ceti,127,2.26,1237000000
output.ceti,128,2.27,1236000000
output.ceti,129,2.28,1236000000
output.ceti,130,2.29,1235000000
output.ceti,131,2.3,1235000000
output.ceti,132,2.31,1234000000
output.ceti,133,2.32,1234000000
output.ceti,134,2.33,1233000000
output.ceti,135,2.34,1233000000
output.ceti,136,2.35,1232000000
output.ceti,137,2.36,1232000000
output.ceti,138,2.37,1231000000
output.ceti,139,2.38,1231000000
output.ceti,140,2.39,1230000000
output.ceti,141,2.4,1230000000
output.ceti,142,2.41,1229000000
output.ceti,143,2.42,1229000000
output.ceti,144,2.43,1228000000
output.ceti,145,2.44,1228000000
output.ceti,146,2.45,1227000000
output.ceti,147,2.46,1227000000
output.ceti,148,2.47,1226000000
output.ceti,149,2.48,1226000000
output.ceti,150,2.49,1225000000
output.ceti,151,2.5,1225000000
output.ceti,152,2.51,1224000000
output.ceti,153,2.52,1224000000
output.ceti,154,2.53,1223000000
output.ceti,155,2.54,1223000000
output.ceti,156,2.55,1222000000
output.ceti,157,2.56,1222000000
output.ceti,158,2.57,1221000000
output.ceti,159,2.58,1221000000
output.ceti,160,2.59,1220000000
output.ceti,161,2.6,1220000000
output.ceti,162,2.61,1219000000
output.ceti,163,2.62,1219000000
output.ceti,164,2.63,1218000000
output.ceti,165,2.64,1218000000
output.ceti,166,2.65,1217000000
output.ceti,167,2.66,1217000000
output.ceti,168,2.67,1216000000
output.ceti,169,2.68,1216000000
output.ceti,170,2.69,1215000000
output.ceti,171,2.7,1215000000
output.ceti,172,2.71,1214000000
output.ceti,173,2.72,1214000000
output.ceti,174,2.73,1213000000
output.ceti,175,2.74,1213000000
output.ceti,176,2.75,1212000000
output.ceti,177,2.76,1212000000
output.ceti,178,2.77,1211000000
output.ceti,179,2.78,1211000000
output.ceti,180,2.79,1210000000
output.ceti,181,2.8,1210000000
output.ceti,182,2.81,1209000000
output.ceti,183,2.82,1209000000
output.ceti,184,2.83,1208000000
output.ceti,185,2.84,1208000000
output.ceti,186,2.85,1207000000
output.ceti,187,2.86,1207000000
output.ceti,188,2.87,1206000000
output.ceti,189,2.88,1206000000
output.ceti,190,2.89,1205000000
output.ceti,191,2.9,1205000000
output.ceti,192,2.91,1204000000
output.ceti,193,2.92,1204000000
output.ceti,194,2.93,1203000000
output.ceti,195,2.94,1203000000
output.ceti,196,2.95,1202000000
output.ceti,197,2.96,1202000000
output.ceti,198,2.97,1201000000
output.ceti,199,2.98,1201000000
output.ceti,200,2.99,1200000000
output.ceti,201,3,1096000000
output.ceti,202,3.01,1092000000
output.ceti,203,3.02,1088000000
output.ceti,204,3.03,1084000000
output.ceti,205,3.04,1080000000
output.ceti,206,3.05,1076000000
output.ceti,207,3.06,1072000000
output.ceti,208,3.07,1068000000
output.ceti,209,3.08,1064000000
output.ceti,210,3.09,1060000000
output.ceti,211,3.1,1056000000
output.ceti,212,3.11,1052000000
output.ceti,213,3.12,1048000000
output.ceti,214,3.13,1044000000
output.ceti,215,3.14,1040000000
output.ceti,216,3.15,1036000000
output.ceti,217,3.16,1032000000
output.ceti,218,3.17,1028000000
output.ceti,219,3.18,1024000000
output.ceti,220,3.19,1020000000
output.ceti,221,3.2,1016000000
output.ceti,222,3.21,1012000000
output.ceti,223,3.22,1008000000
output.ceti,224,3.23,1004000000
output.ceti,225,3.24,1000000000
output.ceti,226,3.25,998000000
output.ceti,227,3.26,996000000
output.ceti,228,3.27,994000000
output.ceti,229,3.28,992000000
output.ceti,230,3.29,990000000
output.ceti,231,3.3,988000000
output.ceti,232,3.31,986000000
output.ceti,233,3.32,984000000
output.ceti,234,3.33,982000000
output.ceti,235,3.34,980000000
output.ceti,236,3.35,978000000
output.ceti,237,3.36,976000000
output.ceti,238,3.37,974000000
output.ceti,239,3.38,972000000
output.ceti,240,3.39,970000000
output.ceti,241,3.4,968000000
output.ceti,242,3.41,966000000
output.ceti,243,3.42,964000000
output.ceti,244,3.43,962000000
output.ceti,245,3.44,960000000
output.ceti,246,3.45,958000000
output.ceti,247,3.46,956000000
output.ceti,248,3.47,954000000
output.ceti,249,3.48,952000000
output.ceti,250,3.49,950000000
output.ceti,251,3.5,948000000
output.ceti,252,3.51,946000000
output.ceti,253,3.52,944000000
output.ceti,254,3.53,942000000
output.ceti,255,3.54,940000000
output.ceti,256,3.55,938000000
output.ceti,257,3.56,936000000
output.ceti,258,3.57,934000000
output.ceti,259,3.58,932000000
output.ceti,260,3.59,930000000
output.ceti,261,3.6,928000000
output.ceti,262,3.61,926000000
output.ceti,263,3.62,924000000
output.ceti,264,3.63,922000000
output.ceti,265,3.64,920000000
output.ceti,266,3.65,918000000
output.ceti,267,3.66,916000000
output.ceti,268,3.67,914000000
output.ceti,269,3.68,912000000
output.ceti,270,3.69,910000000
output.ceti,271,3.7,908000000
output.ceti,272,3.71,906000000
output.ceti,273,3.72,904000000
output.ceti,274,3.73,902000000
output.ceti,275,3.74,900000000
output.ceti,276,3.75,898000000
output.ceti,277,3.76,896000000
output.ceti,278,3.77,894000000
output.ceti,279,3.78,892000000
output.ceti,280,3.79,890000000
output.ceti,281,3.8,888000000
output.ceti,282,3.81,886000000
output.ceti,283,3.82,884000000
output.ceti,284,3.83,882000000
output.ceti,285,3.84,880000000
output.ceti,286,3.85,878000000
output.ceti,287,3.86,876000000
output.ceti,288,3.87,874000000
output.ceti,289,3.88,872000000
output.ceti,290,3.89,870000000
output.ceti,291,3.9,868000000
output.ceti,292,3.91,866000000
output.ceti,293,3.92,864000000
output.ceti,294,3.93,862000000
output.ceti,295,3.94,860000000
output.ceti,296,3.95,858000000
output.ceti,297,3.96,856000000
output.ceti,298,3.97,854000000
output.ceti,299,3.98,852000000
output.ceti,300,3.99,850000000
output.ceti,301,4,848000000
output.ceti,302,4.01,846000000
output.ceti,303,4.02,844000000
output.ceti,304,4.03,842000000
output.ceti,305,4.04,840000000
output.ceti,306,4.05,838000000
output.ceti,307,4.06,836000000
output.ceti,308,4.07,834000000
output.ceti,309,4.08,832000000
output.ceti,310,4.09,830000000
output.ceti,311,4.1,828000000
output.ceti,312,4.11,826000000
output.ceti,313,4.12,824000000
output.ceti,314,4.13,822000000
output.ceti,315,4.14,820000000
output.ceti,316,4.15,818000000
output.ceti,317,4.16,816000000
output.ceti,318,4.17,814000000
output.ceti,319,4.18,812000000
output.ceti,320,4.19,810000000
output.ceti,321,4.2,808000000
output.ceti,322,4.21,806000000
output.ceti,323,4.22,804000000
output.ceti,324,4.23,802000000
output.ceti,325,4.24,800000000
output.ceti,326,4.25,796000000
output.ceti,327,4.26,792000000
output.ceti,328,4.27,788000000
output.ceti,329,4.28,784000000
output.ceti,330,4.29,780000000
output.ceti,331,4.3,776000000
output.ceti,332,4.31,772000000
output.ceti,333,4.32,768000000
output.ceti,334,4.33,764000000
output.ceti,335,4.34,760000000
output.ceti,336,4.35,756000000
output.ceti,337,4.36,752000000
output.ceti,338,4.37,748000000
output.ceti,339,4.38,744000000
output.ceti,340,4.39,740000000
output.ceti,341,4.4,736000000
output.ceti,342,4.41,732000000
output.ceti,343,4.42,728000000
output.ceti,344,4.43,724000000
output.ceti,345,4.44,720000000
output.ceti,346,4.45,716000000
output.ceti,347,4.46,712000000
output.ceti,348,4.47,708000000
output.ceti,349,4.48,704000000
output.ceti,350,4.49,700000000
output.ceti,351,4.5,698000000
output.ceti,352,4.51,696000000
output.ceti,353,4.52,694000000
output.ceti,354,4.53,692000000
output.ceti,355,4.54,690000000
output.ceti,356,4.55,688000000
output.ceti,357,4.56,686000000
output.ceti,358,4.57,684000000
output.ceti,359,4.58,682000000
output.ceti,360,4.59,680000000
output.ceti,361,4.6,678000000
output.ceti,362,4.61,676000000
output.ceti,363,4.62,674000000
output.ceti,364,4.63,672000000
output.ceti,365,4.64,670000000
output.ceti,366,4.65,668000000
output.ceti,367,4.66,666000000
output.ceti,368,4.67,664000000
output.ceti,369,4.68,662000000
output.ceti,370,4.69,660000000
output.ceti,371,4.7,658000000
output.ceti,372,4.71,656000000
output.ceti,373,4.72,654000000
output.ceti,374,4.73,652000000
output.ceti,375,4.74,650000000
output.ceti,376,4.75,648000000
output.ceti,377,4.76,646000000
output.ceti,378,4.77,644000000
output.ceti,379,4.78,642000000
output.ceti,380,4.79,640000000
output.ceti,381,4.8,638000000
output.ceti,382,4.81,636000000
output.ceti,383,4.82,634000000
output.ceti,384,4.83,632000000
output.ceti,385,4.84,630000000
output.ceti,386,4.85,628000000
output.ceti,387,4.86,626000000
output.ceti,388,4.87,624000000
output.ceti,389,4.88,622000000
output.ceti,390,4.89,620000000
output.ceti,391,4.9,618000000
output.ceti,392,4.91,616000000
output.ceti,393,4.92,614000000
output.ceti,394,4.93,612000000
output.ceti,395,4.94,610000000
output.ceti,396,4.95,608000000
output.ceti,397,4.96,606000000
output.ceti,398,4.97,604000000
output.ceti,399,4.98,602000000
output.ceti,400,4.99,600000000
output.ceti,401,5,596000000
output.ceti,402,5.01,592000000
output.ceti,403,5.02,588000000
output.ceti,404,5.03,584000000
output.ceti,405,5.04,580000000
output.ceti,406,5.05,576000000
output.ceti,407,5.06,572000000
output.ceti,408,5.07,568000000
output.ceti,409,5.08,564000000
output.ceti,410,5.09,560000000
output.ceti,411,5.1,556000000
output.ceti,412,5.11,552000000
output.ceti,413,5.12,548000000
output.ceti,414,5.13,544000000
output.ceti,415,5.14,540000000
output.ceti,416,5.15,536000000
output.ceti,417,5.16,532000000
output.ceti,418,5.17,528000000
output.ceti,419,5.18,524000000
output.ceti,420,5.19,520000000
output.ceti,421,5.2,516000000
output.ceti,422,5.21,512000000
output.ceti,423,5.22,508000000
output.ceti,424,5.23,504000000
output.ceti,425,5.24,500000000
output.ceti,426,5.25,499800000
output.ceti,427,5.26,499600000
output.ceti,428,5.27,499400000
output.ceti,429,5.28,499200000
output.ceti,430,5.29,499000000
output.ceti,431,5.3,498900000
output.ceti,432,5.31,498700000
output.ceti,433,5.32,498500000
output.ceti,434,5.33,498300000
output.ceti,435,5.34,498100000
output.ceti,436,5.35,497900000
output.ceti,437,5.36,497700000
output.ceti,438,5.37,497500000
output.ceti,439,5.38,497300000
output.ceti,440,5.39,497100000
output.ceti,441,5.4,497000000
output.ceti,442,5.41,496800000
output.ceti,443,5.42,496600000
output.ceti,444,5.43,496400000
output.ceti,445,5.44,496200000
output.ceti,446,5.45,496000000
output.ceti,447,5.46,495800000
output.ceti,448,5.47,495600000
output.ceti,449,5.48,495400000
output.ceti,450,5.49,495200000
output.ceti,451,5.5,495000000
output.ceti,452,5.51,494900000
output.ceti,453,5.52,494700000
output.ceti,454,5.53,494500000
output.ceti,455,5.54,494300000
output.ceti,456,5.55,494100000
output.ceti,457,5.56,493900000
output.ceti,458,5.57,493700000
output.ceti,459,5.58,493500000
output.ceti,460,5.59,493300000
output.ceti,461,5.6,493100000
output.ceti,462,5.61,493000000
output.ceti,463,5.62,492800000
output.ceti,464,5.63,492600000
output.ceti,465,5.64,492400000
output.ceti,466,5.65,492200000
output.ceti,467,5.66,492000000
output.ceti,468,5.67,491800000
output.ceti,469,5.68,491600000
output.ceti,470,5.69,491400000
output.ceti,471,5.7,491200000
output.ceti,472,5.71,491000000
output.ceti,473,5.72,490900000
output.ceti,474,5.73,490700000
output.ceti,475,5.74,490500000
output.ceti,476,5.75,490300000
output.ceti,477,5.76,490100000
output.ceti,478,5.77,489900000
output.ceti,479,5.78,489700000
output.ceti,480,5.79,489500000
output.ceti,481,5.8,489300000
output.ceti,482,5.81,489100000
output.ceti,483,5.82,489000000
output.ceti,484,5.83,488800000
output.ceti,485,5.84,488600000
output.ceti,486,5.85,488400000
output.ceti,487,5.86,488200000
output.ceti,488,5.87,488000000
output.ceti,489,5.88,487800000
output.ceti,490,5.89,487600000
output.ceti,491,5.9,487400000
output.ceti,492,5.91,487200000
output.ceti,493,5.92,487000000
output.ceti,494,5.93,486900000
output.ceti,495,5.94,486700000
output.ceti,496,5.95,486500000
output.ceti,497,5.96,486300000
output.ceti,498,5.97,486100000
output.ceti,499,5.98,485900000
output.ceti,500,5.99,485700000
output.ceti,501,6,485500000
output.ceti,502,6.01,485300000
output.ceti,503,6.02,485100000
output.ceti,504,6.03,485000000
output.ceti,505,6.04,484800000
output.ceti,506,6.05,484600000
output.ceti,507,6.06,484400000
output.ceti,508,6.07,484200000
output.ceti,509,6.08,484000000
output.ceti,510,6.09,483800000
output.ceti,511,6.1,483600000
output.ceti,512,6.11,483400000
output.ceti,513,6.12,483200000
output.ceti,514,6.13,483000000
output.ceti,515,6.14,482900000
output.ceti,516,6.15,482700000
output.ceti,517,6.16,482500000
output.ceti,518,6.17,482300000
output.ceti,519,6.18,482100000
output.ceti,520,6.19,481900000
output.ceti,521,6.2,481700000
output.ceti,522,6.21,481500000
output.ceti,523,6.22,481300000
output.ceti,524,6.23,481100000
output.ceti,525,6.24,481000000
output.ceti,526,6.25,480800000
output.ceti,527,6.26,480600000
output.ceti,528,6.27,480400000
output.ceti,529,6.28,480200000
output.ceti,530,6.29,480000000
output.ceti,531,6.3,479800000
output.ceti,532,6.31,479600000
output.ceti,533,6.32,479400000
output.ceti,534,6.33,479200000
output.ceti,535,6.34,479000000
output.ceti,536,6.35,478900000
output.ceti,537,6.36,478700000
output.ceti,538,6.37,478500000
output.ceti,539,6.38,478300000
output.ceti,540,6.39,478100000
output.ceti,541,6.4,477900000
output.ceti,542,6.41,477700000
output.ceti,543,6.42,477500000
output.ceti,544,6.43,477300000
output.ceti,545,6.44,477100000
output.ceti,546,6.45,477000000
output.ceti,547,6.46,476800000
output.ceti,548,6.47,476600000
output.ceti,549,6.48,476400000
output.ceti,550,6.49,476200000
output.ceti,551,6.5,476000000
output.ceti,552,6.51,475800000
output.ceti,553,6.52,475600000
output.ceti,554,6.53,475400000
output.ceti,555,6.54,475200000
output.ceti,556,6.55,475000000
output.ceti,557,6.56,474900000
output.ceti,558,6.57,474700000
output.ceti,559,6.58,474500000
output.ceti,560,6.59,474300000
output.ceti,561,6.6,474100000
output.ceti,562,6.61,473900000
output.ceti,563,6.62,473700000
output.ceti,564,6.63,473500000
output.ceti,565,6.64,473300000
output.ceti,566,6.65,473100000
output.ceti,567,6.66,473000000
output.ceti,568,6.67,472800000
output.ceti,569,6.68,472600000
output.ceti,570,6.69,472400000
output.ceti,571,6.7,472200000
output.ceti,572,6.71,472000000
output.ceti,573,6.72,471800000
output.ceti,574,6.73,471600000
output.ceti,575,6.74,471400000
output.ceti,576,6.75,471200000
output.ceti,577,6.76,471000000
output.ceti,578,6.77,470900000
output.ceti,579,6.78,470700000
output.ceti,580,6.79,470500000
output.ceti,581,6.8,470300000
output.ceti,582,6.81,470100000
output.ceti,583,6.82,469900000
output.ceti,584,6.83,469700000
output.ceti,585,6.84,469500000
output.ceti,586,6.85,469300000
output.ceti,587,6.86,469100000
output.ceti,588,6.87,469000000
output.ceti,589,6.88,468800000
output.ceti,590,6.89,468600000
output.ceti,591,6.9,468400000
output.ceti,592,6.91,468200000
output.ceti,593,6.92,468000000
output.ceti,594,6.93,467800000
output.ceti,595,6.94,467600000
output.ceti,596,6.95,467400000
output.ceti,597,6.96,467200000
output.ceti,598,6.97,467000000
output.ceti,599,6.98,466900000
output.ceti,600,6.99,466700000
output.ceti,601,7,466500000
output.ceti,602,7.01,466300000
output.ceti,603,7.02,466100000
output.ceti,604,7.03,465900000
output.ceti,605,7.04,465700000
output.ceti,606,7.05,465500000
output.ceti,607,7.06,465300000
output.ceti,608,7.07,465100000
output.ceti,609,7.08,465000000
output.ceti,610,7.09,464800000
output.ceti,611,7.1,464600000
output.ceti,612,7.11,464400000
output.ceti,613,7.12,464200000
output.ceti,614,7.13,464000000
output.ceti,615,7.14,463800000
output.ceti,616,7.15,463600000
output.ceti,617,7.16,463400000
output.ceti,618,7.17,463200000
output.ceti,619,7.18,463000000
output.ceti,620,7.19,462900000
output.ceti,621,7.2,462700000
output.ceti,622,7.21,462500000
output.ceti,623,7.22,462300000
output.ceti,624,7.23,462100000
output.ceti,625,7.24,461900000
output.ceti,626,7.25,461700000
output.ceti,627,7.26,461500000
output.ceti,628,7.27,461300000
output.ceti,629,7.28,461100000
output.ceti,630,7.29,461000000
output.ceti,631,7.3,460800000
output.ceti,632,7.31,460600000
output.ceti,633,7.32,460400000
output.ceti,634,7.33,460200000
output.ceti,635,7.34,460000000
output.ceti,636,7.35,459800000
output.ceti,637,7.36,459600000
output.ceti,638,7.37,459400000
output.ceti,639,7.38,459200000
output.ceti,640,7.39,459000000
output.ceti,641,7.4,458900000
output.ceti,642,7.41,458700000
output.ceti,643,7.42,458500000
output.ceti,644,7.43,458300000
output.ceti,645,7.44,458100000
output.ceti,646,7.45,457900000
output.ceti,647,7.46,457700000
output.ceti,648,7.47,457500000
output.ceti,649,7.48,457300000
output.ceti,650,7.49,457100000
output.ceti,651,7.5,457000000
output.ceti,652,7.51,456800000
output.ceti,653,7.52,456600000
output.ceti,654,7.53,456400000
output.ceti,655,7.54,456200000
output.ceti,656,7.55,456000000
output.ceti,657,7.56,455800000
output.ceti,658,7.57,455600000
output.ceti,659,7.58,455400000
output.ceti,660,7.59,455200000
output.ceti,661,7.6,455000000
output.ceti,662,7.61,454900000
output.ceti,663,7.62,454700000
output.ceti,664,7.63,454500000
output.ceti,665,7.64,454300000
output.ceti,666,7.65,454100000
output.ceti,667,7.66,453900000
output.ceti,668,7.67,453700000
output.ceti,669,7.68,453500000
output.ceti,670,7.69,453300000
output.ceti,671,7.7,453100000
output.ceti,672,7.71,453000000
output.ceti,673,7.72,452800000
output.ceti,674,7.73,452600000
output.ceti,675,7.74,452400000
output.ceti,676,7.75,452200000
output.ceti,677,7.76,452000000
output.ceti,678,7.77,451800000
output.ceti,679,7.78,451600000
output.ceti,680,7.79,451400000
output.ceti,681,7.8,451200000
output.ceti,682,7.81,451000000
output.ceti,683,7.82,450900000
output.ceti,684,7.83,450700000
output.ceti,685,7.84,450500000
output.ceti,686,7.85,450300000
output.ceti,687,7.86,450100000
output.ceti,688,7.87,449900000
output.ceti,689,7.88,449700000
output.ceti,690,7.89,449500000
output.ceti,691,7.9,449300000
output.ceti,692,7.91,449100000
output.ceti,693,7.92,449000000
output.ceti,694,7.93,448800000
output.ceti,695,7.94,448600000
output.ceti,696,7.95,448400000
output.ceti,697,7.96,448200000
output.ceti,698,7.97,448000000
output.ceti,699,7.98,447800000
output.ceti,700,7.99,447600000
output.ceti,701,8,447400000
output.ceti,702,8.01,447200000
output.ceti,703,8.02,447000000
output.ceti,704,8.03,446900000
output.ceti,705,8.04,446700000
output.ceti,706,8.05,446500000
output.ceti,707,8.06,446300000
output.ceti,708,8.07,446100000
output.ceti,709,8.08,445900000
output.ceti,710,8.09,445700000
output.ceti,711,8.1,445500000
output.ceti,712,8.11,445300000
output.ceti,713,8.12,445100000
output.ceti,714,8.13,445000000
output.ceti,715,8.14,444800000
output.ceti,716,8.15,444600000
output.ceti,717,8.16,444400000
output.ceti,718,8.17,444200000
output.ceti,719,8.18,444000000
output.ceti,720,8.19,443800000
output.ceti,721,8.2,443600000
output.ceti,722,8.21,443400000
output.ceti,723,8.22,443200000
output.ceti,724,8.23,443000000
output.ceti,725,8.24,442900000
output.ceti,726,8.25,442700000
output.ceti,727,8.26,442500000
output.ceti,728,8.27,442300000
output.ceti,729,8.28,442100000
output.ceti,730,8.29,441900000
output.ceti,731,8.3,441700000
output.ceti,732,8.31,441500000
output.ceti,733,8.32,441300000
output.ceti,734,8.33,441100000
output.ceti,735,8.34,441000000
output.ceti,736,8.35,440800000
output.ceti,737,8.36,440600000
output.ceti,738,8.37,440400000
output.ceti,739,8.38,440200000
output.ceti,740,8.39,440000000
output.ceti,741,8.4,439800000
output.ceti,742,8.41,439600000
output.ceti,743,8.42,439400000
output.ceti,744,8.43,439200000
output.ceti,745,8.44,439000000
output.ceti,746,8.45,438900000
output.ceti,747,8.46,438700000
output.ceti,748,8.47,438500000
output.ceti,749,8.48,438300000
output.ceti,750,8.49,438100000
output.ceti,751,8.5,437900000
output.ceti,752,8.51,437700000
output.ceti,753,8.52,437500000
output.ceti,754,8.53,437300000
output.ceti,755,8.54,437100000
output.ceti,756,8.55,437000000
output.ceti,757,8.56,436800000
output.ceti,758,8.57,436600000
output.ceti,759,8.58,436400000
output.ceti,760,8.59,436200000
output.ceti,761,8.6,436000000
output.ceti,762,8.61,435800000
output.ceti,763,8.62,435600000
output.ceti,764,8.63,435400000
output.ceti,765,8.64,435200000
output.ceti,766,8.65,435000000
output.ceti,767,8.66,434900000
output.ceti,768,8.67,434700000
output.ceti,769,8.68,434500000
output.ceti,770,8.69,434300000
output.ceti,771,8.7,434100000
output.ceti,772,8.71,433900000
output.ceti,773,8.72,433700000
output.ceti,774,8.73,433500000
output.ceti,775,8.74,433300000
output.ceti,776,8.75,433100000
output.ceti,777,8.76,433000000
output.ceti,778,8.77,432800000
output.ceti,779,8.78,432600000
output.ceti,780,8.79,432400000
output.ceti,781,8.8,432200000
output.ceti,782,8.81,432000000
output.ceti,783,8.82,431800000
output.ceti,784,8.83,431600000
output.ceti,785,8.84,431400000
output.ceti,786,8.85,431200000
output.ceti,787,8.86,431000000
output.ceti,788,8.87,430900000
output.ceti,789,8.88,430700000
output.ceti,790,8.89,430500000
output.ceti,791,8.9,430300000
output.ceti,792,8.91,430100000
output.ceti,793,8.92,429900000
output.ceti,794,8.93,429700000
output.ceti,795,8.94,429500000
output.ceti,796,8.95,429300000
output.ceti,797,8.96,429100000
output.ceti,798,8.97,429000000
output.ceti,799,8.98,428800000
output.ceti,800,8.99,428600000
output.ceti,801,9,428400000
output.ceti,802,9.01,428200000
output.ceti,803,9.02,428000000
output.ceti,804,9.03,427800000
output.ceti,805,9.04,427600000
output.ceti,806,9.05,427400000,427400000
output.ceti,807,9.06,427200000,427400000
output.ceti,808,9.07,427000000,427400000
output.ceti,809,9.08,426900000,427400000
output.ceti,810,9.09,426700000,427400000
output.ceti,811,9.1,426500000,427400000
output.ceti,812,9.11,426300000,427400000
output.ceti,813,9.12,426100000,427400000
output.ceti,814,9.13,425900000,427400000
output.ceti,815,9.14,425700000,427400000
output.ceti,816,9.15,425500000,427400000
output.ceti,817,9.16,425300000,427400000
output.ceti,818,9.17,425100000,427400000
output.ceti,819,9.18,425000000,427400000
output.ceti,820,9.19,424800000,427400000
output.ceti,821,9.2,424600000,427400000
output.ceti,822,9.21,424400000,427400000
output.ceti,823,9.22,424200000,427400000
output.ceti,824,9.23,424000000,427400000
output.ceti,825,9.24,423800000,427400000
output.ceti,826,9.25,423600000,427400000
output.ceti,827,9.26,423400000,427400000
output.ceti,828,9.27,423200000,427400000
output.ceti,829,9.28,423000000,427400000
output.ceti,830,9.29,422900000,427400000
output.ceti,831,9.3,422700000,427400000
output.ceti,832,9.31,422500000,427400000
output.ceti,833,9.32,422300000,427400000
output.ceti,834,9.33,422100000,427400000
output.ceti,835,9.34,421900000,427400000
output.ceti,836,9.35,421700000,427400000
output.ceti,837,9.36,421500000,427400000
output.ceti,838,9.37,421300000,427400000
output.ceti,839,9.38,421100000,427400000
output.ceti,840,9.39,421000000,427400000
output.ceti,841,9.4,420800000,427400000
output.ceti,842,9.41,420600000,427400000
output.ceti,843,9.42,420400000,427400000
output.ceti,844,9.43,420200000,427400000
output.ceti,845,9.44,420000000,427400000
output.ceti,846,9.45,419800000,427400000
output.ceti,847,9.46,419600000,427400000
output.ceti,848,9.47,419400000,427400000
output.ceti,849,9.48,419200000,427400000
output.ceti,850,9.49,419000000,427400000
output.ceti,851,9.5,418900000,427400000
output.ceti,852,9.51,418700000,427400000
output.ceti,853,9.52,418500000,427400000
output.ceti,854,9.53,418300000,427400000
output.ceti,855,9.54,418100000,427400000
output.ceti,856,9.55,417900000,427400000
output.ceti,857,9.56,417700000,427400000
output.ceti,858,9.57,417500000,427400000
output.ceti,859,9.58,417300000,427400000
output.ceti,860,9.59,417100000,427400000
output.ceti,861,9.6,417000000,427400000
output.ceti,862,9.61,416800000,427400000
output.ceti,863,9.62,416600000,427400000
output.ceti,864,9.63,416400000,427400000
output.ceti,865,9.64,416200000,427400000
output.ceti,866,9.65,416000000,427400000
output.ceti,867,9.66,415800000,427400000
output.ceti,868,9.67,415600000,427400000
output.ceti,869,9.68,415400000,427400000
output.ceti,870,9.69,415200000,427400000
output.ceti,871,9.7,415000000,427400000
output.ceti,872,9.71,414900000,427400000
output.ceti,873,9.72,414700000,427400000
output.ceti,874,9.73,414500000,427400000
output.ceti,875,9.74,414300000,427400000
output.ceti,876,9.75,414100000,427400000
output.ceti,877,9.76,413900000,427400000
output.ceti,878,9.77,413700000,427400000
output.ceti,879,9.78,413500000,427400000
output.ceti,880,9.79,413300000,427400000
output.ceti,881,9.8,413100000,427400000
output.ceti,882,9.81,413000000,427400000
output.ceti,883,9.82,412800000,427400000
output.ceti,884,9.83,412600000,427400000
output.ceti,885,9.84,412400000,427400000
output.ceti,886,9.85,412200000,427400000
output.ceti,887,9.86,412000000,427400000
output.ceti,888,9.87,411800000,427400000
output.ceti,889,9.88,411600000,427400000
output.ceti,890,9.89,411400000,427400000
output.ceti,891,9.9,411200000,427400000
output.ceti,892,9.91,411000000,427400000
output.ceti,893,9.92,410900000,427400000
output.ceti,894,9.93,410700000,427400000
output.ceti,895,9.94,410500000,427400000
output.ceti,896,9.95,410300000,427400000
output.ceti,897,9.96,410100000,427400000
output.ceti,898,9.97,409900000,427400000
output.ceti,899,9.98,409700000,427400000
output.ceti,900,9.99,409500000,427400000
output.ceti,901,10,409300000,427400000
output.ceti,902,10.01,409100000,427400000
output.ceti,903,10.02,409000000,427400000
output.ceti,904,10.03,408800000,427400000
output.ceti,905,10.04,408600000,427400000
output.ceti,906,10.05,408400000,427400000
output.ceti,907,10.06,408200000,427400000
output.ceti,908,10.07,408000000,427400000
output.ceti,909,10.08,407800000,427400000
output.ceti,910,10.09,407600000,427400000
output.ceti,911,10.1,407400000,427400000
output.ceti,912,10.11,407200000,427400000
output.ceti,913,10.12,407000000,427400000
output.ceti,914,10.13,406900000,427400000
output.ceti,915,10.14,406700000,427400000
output.ceti,916,10.15,406500000,427400000
output.ceti,917,10.16,406300000,427400000
output.ceti,918,10.17,406100000,427400000
output.ceti,919,10.18,405900000,427400000
output.ceti,920,10.19,405700000,427400000
output.ceti,921,10.2,405500000,427400000
output.ceti,922,10.21,405300000,427400000
output.ceti,923,10.22,405100000,427400000
output.ceti,924,10.23,405000000,427400000
output.ceti,925,10.24,404800000,427400000
output.ceti,926,10.25,404600000,427400000
output.ceti,927,10.26,404400000,427400000
output.ceti,928,10.27,404200000,427400000
output.ceti,929,10.28,404000000,427400000
output.ceti,930,10.29,403800000,427400000
output.ceti,931,10.3,403600000,427400000
output.ceti,932,10.31,403400000,427400000
output.ceti,933,10.32,403200000,427400000
output.ceti,934,10.33,403000000,427400000
output.ceti,935,10.34,402900000,427400000
output.ceti,936,10.35,402700000,427400000
output.ceti,937,10.36,402500000,427400000
output.ceti,938,10.37,402300000,427400000
output.ceti,939,10.38,402100000,427400000
output.ceti,940,10.39,401900000,427400000
output.ceti,941,10.4,401700000,427400000
output.ceti,942,10.41,401500000,427400000
output.ceti,943,10.42,401300000,427400000
output.ceti,944,10.43,401100000,427400000
output.ceti,945,10.44,401000000,427400000
output.ceti,946,10.45,400800000,427400000
output.ceti,947,10.46,400600000,427400000
output.ceti,948,10.47,400400000,427400000
output.ceti,949,10.48,400200000,427400000
output.ceti,950,10.49,400000000,427400000
output.ceti,951,10.5,398900000,427400000
output.ceti,952,10.51,397800000,427400000
output.ceti,953,10.52,396700000,427400000
output.ceti,954,10.53,395600000,427400000
output.ceti,955,10.54,394400000,427400000
output.ceti,956,10.55,393300000,427400000
output.ceti,957,10.56,392200000,427400000
output.ceti,958,10.57,391100000,427400000
output.ceti,959,10.58,390000000,427400000
output.ceti,960,10.59,388900000,427400000
output.ceti,961,10.6,387800000,427400000
output.ceti,962,10.61,386700000,427400000
output.ceti,963,10.62,385600000,427400000
output.ceti,964,10.63,384400000,427400000
output.ceti,965,10.64,383300000,427400000
output.ceti,966,10.65,382200000,427400000
output.ceti,967,10.66,381100000,427400000
output.ceti,968,10.67,380000000,427400000
output.ceti,969,10.68,378900000,427400000
output.ceti,970,10.69,377800000,427400000
output.ceti,971,10.7,376700000,427400000
output.ceti,972,10.71,375600000,427400000
output.ceti,973,10.72,374400000,427400000
output.ceti,974,10.73,373300000,427400000
output.ceti,975,10.74,372200000,427400000
output.ceti,976,10.75,371100000,427400000
output.ceti,977,10.76,370000000,427400000
output.ceti,978,10.77,368900000,427400000
output.ceti,979,10.78,367800000,427400000
output.ceti,980,10.79,366700000,427400000
output.ceti,981,10.8,365600000,427400000
output.ceti,982,10.81,364400000,427400000
output.ceti,983,10.82,363300000,427400000
output.ceti,984,10.83,362200000,427400000
output.ceti,985,10.84,361100000,427400000
output.ceti,986,10.85,360000000,427400000
output.ceti,987,10.86,358900000,427400000
output.ceti,988,10.87,357800000,427400000
output.ceti,989,10.88,356700000,427400000
output.ceti,990,10.89,355600000,427400000
output.ceti,991,10.9,354400000,427400000
output.ceti,992,10.91,353300000,427400000
output.ceti,993,10.92,352200000,427400000
output.ceti,994,10.93,351100000,427400000
output.ceti,995,10.94,350000000,427400000
output.ceti,996,10.95,348900000,427400000
output.ceti,997,10.96,347800000,427400000
output.ceti,998,10.97,346700000,427400000
output.ceti,999,10.98,345600000,427400000
output.ceti,1000,10.99,344400000,427400000
output.ceti,1001,11,343300000
output.ceti,1002,14,342200000
output.ceti,1003,17,341100000
output.ceti,1004,20,340000000
output.ceti,1005,23,338900000
output.ceti,1006,26,337800000
output.ceti,1007,29,336700000
output.ceti,1008,32,335600000
output.ceti,1009,35,334400000
output.ceti,1010,38,333300000
output.ceti,1011,41,332200000
output.ceti,1012,44,331100000
output.ceti,1013,47,330000000
output.ceti,1014,50,328900000
output.ceti,1015,53,327800000
output.ceti,1016,56,326700000
output.ceti,1017,59,325600000
output.ceti,1018,62,324400000
output.ceti,1019,65,323300000
output.ceti,1020,68,322200000
output.ceti,1021,71,321100000
output.ceti,1022,74,320000000
output.ceti,1023,77,318900000
output.ceti,1024,80,317800000
output.ceti,1025,83,316700000
output.ceti,1026,86,315600000
output.ceti,1027,89,314400000
output.ceti,1028,92,313300000
output.ceti,1029,95,312200000
output.ceti,1030,98,311100000
output.ceti,1031,101,310000000
output.ceti,1032,104,308900000
output.ceti,1033,107,307800000
output.ceti,1034,110,306700000
output.ceti,1035,113,305600000
output.ceti,1036,116,304400000
output.ceti,1037,119,303300000
output.ceti,1038,122,302200000
output.ceti,1039,125,301100000
output.ceti,1040,128,300000000
output.ceti,1041,131,290000000
output.ceti,1042,134,280000000
output.ceti,1043,137,270000000
output.ceti,1044,140,260000000
output.ceti,1045,143,250000000
output.ceti,1046,146,240000000
output.ceti,1047,149,230000000
output.ceti,1048,152,220000000
output.ceti,1049,155,210000000
output.ceti,1050,158,200000000
output.ceti,1051,161,190000000
output.ceti,1052,164,180000000
output.ceti,1053,167,170000000
output.ceti,1054,170,160000000
output.ceti,1055,173,150000000
output.ceti,1056,176,140000000
output.ceti,1057,179,130000000
output.ceti,1058,182,120000000
output.ceti,1059,185,110000000
output.ceti,1060,188,100000000
output.ceti,1061,191,99860000
output.ceti,1062,194,99730000
output.ceti,1063,197,99590000
output.ceti,1064,200,99460000
output.ceti,1065,203,99320000
output.ceti,1066,206,99190000
output.ceti,1067,209,99050000
output.ceti,1068,212,98920000
output.ceti,1069,215,98780000
output.ceti,1070,218,98650000
output.ceti,1071,221,98510000
output.ceti,1072,224,98380000
output.ceti,1073,227,98240000
output.ceti,1074,230,98110000
output.ceti,1075,233,97970000
output.ceti,1076,236,97840000
output.ceti,1077,239,97700000
output.ceti,1078,242,97570000
output.ceti,1079,245,97430000
output.ceti,1080,248,97300000
output.ceti,1081,251,97160000
output.ceti,1082,254,97030000
output.ceti,1083,257,96890000
output.ceti,1084,260,96760000
output.ceti,1085,263,96620000
output.ceti,1086,266,96490000
output.ceti,1087,269,96350000
output.ceti,1088,272,96220000
output.ceti,1089,275,96080000
output.ceti,1090,278,95950000
output.ceti,1091,281,95810000
output.ceti,1092,284,95680000
output.ceti,1093,287,95540000
output.ceti,1094,290,95410000
output.ceti,1095,293,95270000
output.ceti,1096,296,95140000
output.ceti,1097,299,95000000
output.ceti,1098,302,94860000
output.ceti,1099,305,94730000
output.ceti,1100,308,94590000
output.ceti,1101,311,94460000
output.ceti,1102,314,94320000
output.ceti,1103,317,94190000
output.ceti,1104,320,94050000
output.ceti,1105,323,93920000
output.ceti,1106,326,93780000
output.ceti,1107,329,93650000
output.ceti,1108,332,93510000
output.ceti,1109,335,93380000
output.ceti,1110,338,93240000
output.ceti,1111,341,93110000
output.ceti,1112,344,92970000
output.ceti,1113,347,92840000
output.ceti,1114,350,92700000
output.ceti,1115,353,92570000
output.ceti,1116,356,92430000
output.ceti,1117,359,92300000
output.ceti,1118,362,92160000
output.ceti,1119,365,92030000
output.ceti,1120,368,91890000
output.ceti,1121,371,91760000
output.ceti,1122,374,91620000
output.ceti,1123,377,91490000
output.ceti,1124,380,91350000
output.ceti,1125,383,91220000
output.ceti,1126,386,91080000
output.ceti,1127,389,90950000
output.ceti,1128,392,90810000
output.ceti,1129,395,90680000
output.ceti,1130,398,90540000
output.ceti,1131,401,90410000
output.ceti,1132,404,90270000
output.ceti,1133,407,90140000
output.ceti,1134,410,90000000
output.ceti,1135,413,89860000
output.ceti,1136,416,89730000
output.ceti,1137,419,89590000
output.ceti,1138,422,89460000
output.ceti,1139,425,89320000
output.ceti,1140,428,89190000
output.ceti,1141,431,89050000
output.ceti,1142,434,88920000
output.ceti,1143,437,88780000
output.ceti,1144,440,88650000
output.ceti,1145,443,88510000
output.ceti,1146,446,88380000
output.ceti,1147,449,88240000
output.ceti,1148,452,88110000
output.ceti,1149,455,87970000
output.ceti,1150,458,87840000
output.ceti,1151,461,87700000
output.ceti,1152,464,87570000
output.ceti,1153,467,87430000
output.ceti,1154,470,87300000
output.ceti,1155,473,87160000
output.ceti,1156,476,87030000
output.ceti,1157,479,86890000
output.ceti,1158,482,86760000
output.ceti,1159,485,86620000
output.ceti,1160,488,86490000
output.ceti,1161,491,86350000
output.ceti,1162,494,86220000
output.ceti,1163,497,86080000
output.ceti,1164,500,85950000
output.ceti,1165,503,85810000
output.ceti,1166,506,85680000
output.ceti,1167,509,85540000
output.ceti,1168,512,85410000
output.ceti,1169,515,85270000
output.ceti,1170,518,85140000
output.ceti,1171,521,85000000
output.ceti,1172,524,84860000
output.ceti,1173,527,84730000
output.ceti,1174,530,84590000
output.ceti,1175,533,84460000
output.ceti,1176,536,84320000
output.ceti,1177,539,84190000
output.ceti,1178,542,84050000
output.ceti,1179,545,83920000
output.ceti,1180,548,83780000
output.ceti,1181,551,83650000
output.ceti,1182,554,83510000
output.ceti,1183,557,83380000
output.ceti,1184,560,83240000
output.ceti,1185,563,83110000
output.ceti,1186,566,82970000
output.ceti,1187,569,82840000
output.ceti,1188,572,82700000
output.ceti,1189,575,82570000
output.ceti,1190,578,82430000
output.ceti,1191,581,82300000
output.ceti,1192,584,82160000
output.ceti,1193,587,82030000
output.ceti,1194,590,81890000
output.ceti,1195,593,81760000
output.ceti,1196,596,81620000
output.ceti,1197,599,81490000
output.ceti,1198,602,81350000
output.ceti,1199,605,81220000
output.ceti,1200,608,81080000
output.ceti,1201,611,80950000
output.ceti,1202,614,80810000
output.ceti,1203,617,80680000
output.ceti,1204,620,80540000
output.ceti,1205,623,80410000
output.ceti,1206,626,80270000
output.ceti,1207,629,80140000
output.ceti,1208,632,80000000
output.ceti,1209,635,79860000
output.ceti,1210,638,79730000
output.ceti,1211,641,79590000
output.ceti,1212,644,79460000
output.ceti,1213,647,79320000
output.ceti,1214,650,79190000
output.ceti,1215,653,79050000
output.ceti,1216,656,78920000
output.ceti,1217,659,78780000
output.ceti,1218,662,78650000
output.ceti,1219,665,78510000
output.ceti,1220,668,78380000
output.ceti,1221,671,78240000
output.ceti,1222,674,78110000
output.ceti,1223,677,77970000
output.ceti,1224,680,77840000
output.ceti,1225,683,77700000
output.ceti,1226,686,77570000
output.ceti,1227,689,77430000
output.ceti,1228,692,77300000
output.ceti,1229,695,77160000
output.ceti,1230,698,77030000
output.ceti,1231,701,76890000
output.ceti,1232,704,76760000
output.ceti,1233,707,76620000
output.ceti,1234,710,76490000
output.ceti,1235,713,76350000
output.ceti,1236,716,76220000
output.ceti,1237,719,76080000
output.ceti,1238,722,75950000
output.ceti,1239,725,75810000
output.ceti,1240,728,75680000
output.ceti,1241,731,75540000
output.ceti,1242,734,75410000
output.ceti,1243,737,75270000
output.ceti,1244,740,75140000
output.ceti,1245,743,75000000
output.ceti,1246,746,74860000
output.ceti,1247,749,74730000
output.ceti,1248,752,74590000
output.ceti,1249,755,74460000
output.ceti,1250,758,74320000
output.ceti,1251,761,74190000
output.ceti,1252,764,74050000
output.ceti,1253,767,73920000
output.ceti,1254,770,73780000
output.ceti,1255,773,73650000
output.ceti,1256,776,73510000
output.ceti,1257,779,73380000
output.ceti,1258,782,73240000
output.ceti,1259,785,73110000
output.ceti,1260,788,72970000
output.ceti,1261,791,72840000
output.ceti,1262,794,72700000
output.ceti,1263,797,72570000
output.ceti,1264,800,72430000
output.ceti,1265,803,72300000
output.ceti,1266,806,72160000
output.ceti,1267,809,72030000
output.ceti,1268,812,71890000
output.ceti,1269,815,71760000
output.ceti,1270,818,71620000
output.ceti,1271,821,71490000
output.ceti,1272,824,71350000
output.ceti,1273,827,71220000
output.ceti,1274,830,71080000
output.ceti,1275,833,70950000
output.ceti,1276,836,70810000
output.ceti,1277,839,70680000
output.ceti,1278,842,70540000
output.ceti,1279,845,70410000
output.ceti,1280,848,70270000
output.ceti,1281,851,70140000
output.ceti,1282,854,70000000
output.ceti,1283,857,69860000
output.ceti,1284,860,69730000
output.ceti,1285,863,69590000
output.ceti,1286,866,69460000
output.ceti,1287,869,69320000
output.ceti,1288,872,69190000
output.ceti,1289,875,69050000
output.ceti,1290,878,68920000
output.ceti,1291,881,68780000
output.ceti,1292,884,68650000
output.ceti,1293,887,68510000
output.ceti,1294,890,68380000
output.ceti,1295,893,68240000
output.ceti,1296,896,68110000
output.ceti,1297,899,67970000
output.ceti,1298,902,67840000
output.ceti,1299,905,67700000
output.ceti,1300,908,67570000
output.ceti,1301,911,67430000
output.ceti,1302,914,67300000
output.ceti,1303,917,67160000
output.ceti,1304,920,67030000
output.ceti,1305,923,66890000
output.ceti,1306,926,66760000
output.ceti,1307,929,66620000
output.ceti,1308,932,66490000
output.ceti,1309,935,66350000
output.ceti,1310,938,66220000
output.ceti,1311,941,66080000
output.ceti,1312,944,65950000
output.ceti,1313,947,65810000
output.ceti,1314,950,65680000
output.ceti,1315,953,65540000
output.ceti,1316,956,65410000
output.ceti,1317,959,65270000
output.ceti,1318,962,65140000
output.ceti,1319,965,65000000
output.ceti,1320,968,64860000
output.ceti,1321,971,64730000
output.ceti,1322,974,64590000
output.ceti,1323,977,64460000
output.ceti,1324,980,64320000
output.ceti,1325,983,64190000
output.ceti,1326,986,64050000
output.ceti,1327,989,63920000
output.ceti,1328,992,63780000
output.ceti,1329,995,63650000
output.ceti,1330,998,63510000
output.ceti,1331,1001,63380000
output.ceti,1332,1004,63240000
output.ceti,1333,1007,63110000
output.ceti,1334,1010,62970000
output.ceti,1335,1013,62840000
output.ceti,1336,1016,62700000
output.ceti,1337,1019,62570000
output.ceti,1338,1022,62430000
output.ceti,1339,1025,62300000
output.ceti,1340,1028,62160000
output.ceti,1341,1031,62030000
output.ceti,1342,1034,61890000
output.ceti,1343,1037,61760000
output.ceti,1344,1040,61620000
output.ceti,1345,1043,61490000
output.ceti,1346,1046,61350000
output.ceti,1347,1049,61220000
output.ceti,1348,1052,61080000
output.ceti,1349,1055,60950000
output.ceti,1350,1058,60810000
output.ceti,1351,1061,60680000
output.ceti,1352,1064,60540000
output.ceti,1353,1067,60410000
output.ceti,1354,1070,60270000
output.ceti,1355,1073,60140000
output.ceti,1356,1076,60000000
output.ceti,1357,1079,59860000
output.ceti,1358,1082,59730000
output.ceti,1359,1085,59590000
output.ceti,1360,1088,59460000
output.ceti,1361,1091,59320000
output.ceti,1362,1094,59190000
output.ceti,1363,1097,59050000
output.ceti,1364,1100,58920000
output.ceti,1365,1103,58780000
output.ceti,1366,1106,58650000
output.ceti,1367,1109,58510000
output.ceti,1368,1112,58380000
output.ceti,1369,1115,58240000
output.ceti,1370,1118,58110000
output.ceti,1371,1121,57970000
output.ceti,1372,1124,57840000
output.ceti,1373,1127,57700000
output.ceti,1374,1130,57570000
output.ceti,1375,1133,57430000
output.ceti,1376,1136,57300000
output.ceti,1377,1139,57160000
output.ceti,1378,1142,57030000
output.ceti,1379,1145,56890000
output.ceti,1380,1148,56760000
output.ceti,1381,1151,56620000
output.ceti,1382,1154,56490000
output.ceti,1383,1157,56350000
output.ceti,1384,1160,56220000
output.ceti,1385,1163,56080000
output.ceti,1386,1166,55950000
output.ceti,1387,1169,55810000
output.ceti,1388,1172,55680000
output.ceti,1389,1175,55540000
output.ceti,1390,1178,55410000
output.ceti,1391,1181,55270000
output.ceti,1392,1184,55140000
output.ceti,1393,1187,55000000
output.ceti,1394,1190,54860000
output.ceti,1395,1193,54730000
output.ceti,1396,1196,54590000
output.ceti,1397,1199,54460000
output.ceti,1398,1202,54320000
output.ceti,1399,1205,54190000
output.ceti,1400,1208,54050000
output.ceti,1401,1211,53920000
output.ceti,1402,1214,53780000
output.ceti,1403,1217,53650000
output.ceti,1404,1220,53510000
output.ceti,1405,1223,53380000
output.ceti,1406,1226,53240000
output.ceti,1407,1229,53110000
output.ceti,1408,1232,52970000
output.ceti,1409,1235,52840000
output.ceti,1410,1238,52700000
output.ceti,1411,1241,52570000
output.ceti,1412,1244,52430000
output.ceti,1413,1247,52300000
output.ceti,1414,1250,52160000
output.ceti,1415,1253,52030000
output.ceti,1416,1256,51890000
output.ceti,1417,1259,51760000
output.ceti,1418,1262,51620000
output.ceti,1419,1265,51490000
output.ceti,1420,1268,51350000
output.ceti,1421,1271,51220000
output.ceti,1422,1274,51080000
output.ceti,1423,1277,50950000
output.ceti,1424,1280,50810000
output.ceti,1425,1283,50680000
output.ceti,1426,1286,50540000
output.ceti,1427,1289,50410000
output.ceti,1428,1292,50270000
output.ceti,1429,1295,50140000
output.ceti,1430,1298,50000000
output.ceti,1431,1301,49860000
output.ceti,1432,1304,49730000
output.ceti,1433,1307,49590000
output.ceti,1434,1310,49460000
output.ceti,1435,1313,49320000
output.ceti,1436,1316,49190000
output.ceti,1437,1319,49050000
output.ceti,1438,1322,48920000
output.ceti,1439,1325,48780000
output.ceti,1440,1328,48650000
output.ceti,1441,1331,48510000
output.ceti,1442,1334,48380000
output.ceti,1443,1337,48240000
output.ceti,1444,1340,48110000
output.ceti,1445,1343,47970000
output.ceti,1446,1346,47840000
output.ceti,1447,1349,47700000
output.ceti,1448,1352,47570000
output.ceti,1449,1355,47430000
output.ceti,1450,1358,47300000
output.ceti,1451,1361,47160000
output.ceti,1452,1364,47030000
output.ceti,1453,1367,46890000
output.ceti,1454,1370,46760000
output.ceti,1455,1373,46620000
output.ceti,1456,1376,46490000
output.ceti,1457,1379,46350000
output.ceti,1458,1382,46220000
output.ceti,1459,1385,46080000
output.ceti,1460,1388,45950000
output.ceti,1461,1391,45810000
output.ceti,1462,1394,45680000
output.ceti,1463,1397,45540000
output.ceti,1464,1400,45410000
output.ceti,1465,1403,45270000
output.ceti,1466,1406,45140000
output.ceti,1467,1409,45000000
output.ceti,1468,1412,44860000
output.ceti,1469,1415,44730000
output.ceti,1470,1418,44590000
output.ceti,1471,1421,44460000
output.ceti,1472,1424,44320000
output.ceti,1473,1427,44190000
output.ceti,1474,1430,44050000
output.ceti,1475,1433,43920000
output.ceti,1476,1436,43780000
output.ceti,1477,1439,43650000
output.ceti,1478,1442,43510000
output.ceti,1479,1445,43380000
output.ceti,1480,1448,43240000
output.ceti,1481,1451,43110000
output.ceti,1482,1454,42970000
output.ceti,1483,1457,42840000
output.ceti,1484,1460,42700000
output.ceti,1485,1463,42570000
output.ceti,1486,1466,42430000
output.ceti,1487,1469,42300000
output.ceti,1488,1472,42160000
output.ceti,1489,1475,42030000
output.ceti,1490,1478,41890000
output.ceti,1491,1481,41760000
output.ceti,1492,1484,41620000
output.ceti,1493,1487,41490000
output.ceti,1494,1490,41350000
output.ceti,1495,1493,41220000
output.ceti,1496,1496,41080000
output.ceti,1497,1499,40950000
output.ceti,1498,1502,40810000
output.ceti,1499,1505,40680000
output.ceti,1500,1508,40540000
output.ceti,1501,1511,40410000
output.ceti,1502,1514,40270000
output.ceti,1503,1517,40140000
output.ceti,1504,1520,40000000
output.ceti,1505,1523,39860000
output.ceti,1506,1526,39730000
output.ceti,1507,1529,39590000
output.ceti,1508,1532,39460000
output.ceti,1509,1535,39320000
output.ceti,1510,1538,39190000
output.ceti,1511,1541,39050000
output.ceti,1512,1544,38920000
output.ceti,1513,1547,38780000
output.ceti,1514,1550,38650000
output.ceti,1515,1553,38510000
output.ceti,1516,1556,38380000
output.ceti,1517,1559,38240000
output.ceti,1518,1562,38110000
output.ceti,1519,1565,37970000
output.ceti,1520,1568,37840000
output.ceti,1521,1571,37700000
output.ceti,1522,1574,37570000
output.ceti,1523,1577,37430000
output.ceti,1524,1580,37300000
output.ceti,1525,1583,37160000
output.ceti,1526,1586,37030000
output.ceti,1527,1589,36890000
output.ceti,1528,1592,36760000
output.ceti,1529,1595,36620000
output.ceti,1530,1598,36490000
output.ceti,1531,1601,36350000
output.ceti,1532,1604,36220000
output.ceti,1533,1607,36080000
output.ceti,1534,1610,35950000
output.ceti,1535,1613,35810000
output.ceti,1536,1616,35680000
output.ceti,1537,1619,35540000
output.ceti,1538,1622,35410000
output.ceti,1539,1625,35270000
output.ceti,1540,1628,35140000
output.ceti,1541,1631,35000000
output.ceti,1542,1634,34860000
output.ceti,1543,1637,34730000
output.ceti,1544,1640,34590000
output.ceti,1545,1643,34460000
output.ceti,1546,1646,34320000
output.ceti,1547,1649,34190000
output.ceti,1548,1652,34050000
output.ceti,1549,1655,33920000
output.ceti,1550,1658,33780000
output.ceti,1551,1661,33650000
output.ceti,1552,1664,33510000
output.ceti,1553,1667,33380000
output.ceti,1554,1670,33240000
output.ceti,1555,1673,33110000
output.ceti,1556,1676,32970000
output.ceti,1557,1679,32840000
output.ceti,1558,1682,32700000
output.ceti,1559,1685,32570000
output.ceti,1560,1688,32430000
output.ceti,1561,1691,32300000
output.ceti,1562,1694,32160000
output.ceti,1563,1697,32030000
output.ceti,1564,1700,31890000
output.ceti,1565,1703,31760000
output.ceti,1566,1706,31620000
output.ceti,1567,1709,31490000
output.ceti,1568,1712,31350000
output.ceti,1569,1715,31220000
output.ceti,1570,1718,31080000
output.ceti,1571,1721,30950000
output.ceti,1572,1724,30810000
output.ceti,1573,1727,30680000
output.ceti,1574,1730,30540000
output.ceti,1575,1733,30410000
output.ceti,1576,1736,30270000
output.ceti,1577,1739,30140000
output.ceti,1578,1742,30000000
output.ceti,1579,1745,29860000
output.ceti,1580,1748,29730000
output.ceti,1581,1751,29590000
output.ceti,1582,1754,29460000
output.ceti,1583,1757,29320000
output.ceti,1584,1760,29190000
output.ceti,1585,1763,29050000
output.ceti,1586,1766,28920000
output.ceti,1587,1769,28780000
output.ceti,1588,1772,28650000
output.ceti,1589,1775,28510000
output.ceti,1590,1778,28380000
output.ceti,1591,1781,28240000
output.ceti,1592,1784,28110000
output.ceti,1593,1787,27970000
output.ceti,1594,1790,27840000
output.ceti,1595,1793,27700000
output.ceti,1596,1796,27570000
output.ceti,1597,1799,27430000
output.ceti,1598,1802,27300000
output.ceti,1599,1805,27160000
output.ceti,1600,1808,27030000
output.ceti,1601,1811,26890000
output.ceti,1602,1814,26760000
output.ceti,1603,1817,26620000
output.ceti,1604,1820,26490000
output.ceti,1605,1823,26350000
output.ceti,1606,1826,26220000
output.ceti,1607,1829,26080000
output.ceti,1608,1832,25950000
output.ceti,1609,1835,25810000
output.ceti,1610,1838,25680000
output.ceti,1611,1841,25540000
output.ceti,1612,1844,25410000
output.ceti,1613,1847,25270000
output.ceti,1614,1850,25140000
output.ceti,1615,1853,25000000
output.ceti,1616,1856,24860000
output.ceti,1617,1859,24730000
output.ceti,1618,1862,24590000
output.ceti,1619,1865,24460000
output.ceti,1620,1868,24320000
output.ceti,1621,1871,24190000
output.ceti,1622,1874,24050000
output.ceti,1623,1877,23920000
output.ceti,1624,1880,23780000
output.ceti,1625,1883,23650000
output.ceti,1626,1886,23510000
output.ceti,1627,1889,23380000
output.ceti,1628,1892,23240000
output.ceti,1629,1895,23110000
output.ceti,1630,1898,22970000
output.ceti,1631,1901,22840000
output.ceti,1632,1904,22700000
output.ceti,1633,1907,22570000
output.ceti,1634,1910,22430000
output.ceti,1635,1913,22300000
output.ceti,1636,1916,22160000
output.ceti,1637,1919,22030000
output.ceti,1638,1922,21890000
output.ceti,1639,1925,21760000
output.ceti,1640,1928,21620000
output.ceti,1641,1931,21490000
output.ceti,1642,1934,21350000
output.ceti,1643,1937,21220000
output.ceti,1644,1940,21080000
output.ceti,1645,1943,20950000
output.ceti,1646,1946,20810000
output.ceti,1647,1949,20680000
output.ceti,1648,1952,20540000
output.ceti,1649,1955,20410000
output.ceti,1650,1958,20270000
output.ceti,1651,1961,20140000
output.ceti,1652,1964,20000000
output.ceti,1653,1967,19860000
output.ceti,1654,1970,19730000
output.ceti,1655,1973,19590000
output.ceti,1656,1976,19460000
output.ceti,1657,1979,19320000
output.ceti,1658,1982,19190000
output.ceti,1659,1985,19050000
output.ceti,1660,1988,18920000
output.ceti,1661,1991,18780000
output.ceti,1662,1994,18650000
output.ceti,1663,1997,18510000
output.ceti,1664,2000,18380000
output.ceti,1665,2003,18240000
output.ceti,1666,2006,18110000
output.ceti,1667,2009,17970000
output.ceti,1668,2012,17840000
output.ceti,1669,2015,17700000
output.ceti,1670,2018,17570000
output.ceti,1671,2021,17430000
output.ceti,1672,2024,17300000
output.ceti,1673,2027,17160000
output.ceti,1674,2030,17030000
output.ceti,1675,2033,16890000
output.ceti,1676,2036,16760000
output.ceti,1677,2039,16620000
output.ceti,1678,2042,16490000
output.ceti,1679,2045,16350000
output.ceti,1680,2048,16220000
output.ceti,1681,2051,16080000
output.ceti,1682,2054,15950000
output.ceti,1683,2057,15810000
output.ceti,1684,2060,15680000
output.ceti,1685,2063,15540000
output.ceti,1686,2066,15410000
output.ceti,1687,2069,15270000
output.ceti,1688,2072,15140000
output.ceti,1689,2075,15000000
output.ceti,1690,2078,14860000
output.ceti,1691,2081,14730000
output.ceti,1692,2084,14590000
output.ceti,1693,2087,14460000
output.ceti,1694,2090,14320000
output.ceti,1695,2093,14190000
output.ceti,1696,2096,14050000
output.ceti,1697,2099,13920000
output.ceti,1698,2102,13780000
output.ceti,1699,2105,13650000
output.ceti,1700,2108,13510000
output.ceti,1701,2111,13380000
output.ceti,1702,2114,13240000
output.ceti,1703,2117,13110000
output.ceti,1704,2120,12970000
output.ceti,1705,2123,12840000
output.ceti,1706,2126,12700000
output.ceti,1707,2129,12570000
output.ceti,1708,2132,12430000
output.ceti,1709,2135,12300000
output.ceti,1710,2138,12160000
output.ceti,1711,2141,12030000
output.ceti,1712,2144,11890000
output.ceti,1713,2147,11760000
output.ceti,1714,2150,11620000
output.ceti,1715,2153,11490000
output.ceti,1716,2156,11350000
output.ceti,1717,2159,11220000
output.ceti,1718,2162,11080000
output.ceti,1719,2165,10950000
output.ceti,1720,2168,10810000
output.ceti,1721,2171,10680000
output.ceti,1722,2174,10540000
output.ceti,1723,2177,10410000
output.ceti,1724,2180,10270000
output.ceti,1725,2183,10140000
output.ceti,1726,2186,10000000
output.ceti,1727,2189,9865000
output.ceti,1728,2192,9730000
output.ceti,1729,2195,9595000
output.ceti,1730,2198,9459000
output.ceti,1731,2201,9324000
output.ceti,1732,2204,9189000
output.ceti,1733,2207,9054000
output.ceti,1734,2210,8919000
output.ceti,1735,2213,8784000
output.ceti,1736,2216,8649000
output.ceti,1737,2219,8514000
output.ceti,1738,2222,8378000
output.ceti,1739,2225,8243000
output.ceti,1740,2228,8108000
output.ceti,1741,2231,7973000
output.ceti,1742,2234,7838000
output.ceti,1743,2237,7703000
output.ceti,1744,2240,7568000
output.ceti,1745,2243,7432000
output.ceti,1746,2246,7297000
output.ceti,1747,2249,7162000
output.ceti,1748,2252,7027000
output.ceti,1749,2255,6892000
output.ceti,1750,2258,6757000
output.ceti,1751,2261,6622000
output.ceti,1752,2264,6486000
output.ceti,1753,2267,6351000
output.ceti,1754,2270,6216000
output.ceti,1755,2273,6081000
output.ceti,1756,2276,5946000
output.ceti,1757,2279,5811000
output.ceti,1758,2282,5676000
output.ceti,1759,2285,5541000
output.ceti,1760,2288,5405000
output.ceti,1761,2291,5270000
output.ceti,1762,2294,5135000
output.ceti,1763,2297,5000000
output.ceti,1764,2300,4865000
output.ceti,1765,2303,4730000
output.ceti,1766,2306,4595000
output.ceti,1767,2309,4459000
output.ceti,1768,2312,4324000
output.ceti,1769,2315,4189000
output.ceti,1770,2318,4054000
output.ceti,1771,2321,3919000
output.ceti,1772,2324,3784000
output.ceti,1773,2327,3649000
output.ceti,1774,2330,3514000
output.ceti,1775,2333,3378000
output.ceti,1776,2336,3243000
output.ceti,1777,2339,3108000
output.ceti,1778,2342,2973000
output.ceti,1779,2345,2838000
output.ceti,1780,2348,2703000
output.ceti,1781,2351,2568000
output.ceti,1782,2354,2432000
output.ceti,1783,2357,2297000
output.ceti,1784,2360,2162000
output.ceti,1785,2363,2027000
output.ceti,1786,2366,1892000
output.ceti,1787,2369,1757000
output.ceti,1788,2372,1622000
output.ceti,1789,2375,1486000
output.ceti,1790,2378,1351000
output.ceti,1791,2381,1216000
output.ceti,1792,2384,1081000
output.ceti,1793,2387,945900
output.ceti,1794,2390,810800
output.ceti,1795,2393,675700
output.ceti,1796,2396,540500
output.ceti,1797,2399,405400
output.ceti,1798,2402,270300
output.ceti,1799,2405,135100
output.ceti,1800,2408,0
output.delta,1,1,1300000000
output.delta,2,1.01,1299000000
output.delta,3,1.02,1299000000
output.delta,4,1.03,1298000000
output.delta,5,1.04,1298000000
output.delta,6,1.05,1298000000
output.delta,7,1.06,1297000000
output.delta,8,1.07,1297000000
output.delta,9,1.08,1296000000
output.delta,10,1.09,1296000000
output.delta,11,1.1,1296000000
output.delta,12,1.11,1295000000
output.delta,13,1.12,1295000000
output.delta,14,1.13,1294000000
output.delta,15,1.14,1294000000
output.delta,16,1.15,1294000000
output.delta,17,1.16,1293000000
output.delta,18,1.17,1293000000
output.delta,19,1.18,1292000000
output.delta,20,1.19,1292000000
output.delta,21,1.2,1292000000
output.delta,22,1.21,1291000000
output.delta,23,1.22,1291000000
output.delta,24,1.23,1290000000
output.delta,25,1.24,1290000000
output.delta,26,1.25,1290000000
output.delta,27,1.26,1289000000
output.delta,28,1.27,1289000000
output.delta,29,1.28,1288000000
output.delta,30,1.29,1288000000
output.delta,31,1.3,1288000000
output.delta,32,1.31,1287000000
output.delta,33,1.32,1287000000
output.delta,34,1.33,1286000000
output.delta,35,1.34,1286000000
output.delta,36,1.35,1286000000
output.delta,37,1.36,1285000000
output.delta,38,1.37,1285000000
output.delta,39,1.38,1284000000
output.delta,40,1.39,1284000000
output.delta,41,1.4,1284000000
output.delta,42,1.41,1283000000
output.delta,43,1.42,1283000000
output.delta,44,1.43,1282000000
output.delta,45,1.44,1282000000
output.delta,46,1.45,1282000000
output.delta,47,1.46,1281000000
output.delta,48,1.47,1281000000
output.delta,49,1.48,1280000000
output.delta,50,1.49,1280000000
output.delta,51,1.5,1280000000
output.delta,52,1.51,1279000000
output.delta,53,1.52,1279000000
output.delta,54,1.53,1278000000
output.delta,55,1.54,1278000000
output.delta,56,1.55,1278000000
output.delta,57,1.56,1277000000
output.delta,58,1.57,1277000000
output.delta,59,1.58,1276000000
output.delta,60,1.59,1276000000
output.delta,61,1.6,1276000000
output.delta,62,1.61,1275000000
output.delta,63,1.62,1275000000
output.delta,64,1.63,1274000000
output.delta,65,1.64,1274000000
output.delta,66,1.65,1274000000
output.delta,67,1.66,1273000000
output.delta,68,1.67,1273000000
output.delta,69,1.68,1272000000
output.delta,70,1.69,1272000000
output.delta,71,1.7,1272000000
output.delta,72,1.71,1271000000
output.delta,73,1.72,1271000000
output.delta,74,1.73,1270000000
output.delta,75,1.74,1270000000
output.delta,76,1.75,1270000000
output.delta,77,1.76,1269000000
output.delta,78,1.77,1269000000
output.delta,79,1.78,1268000000
output.delta,80,1.79,1268000000
output.delta,81,1.8,1268000000
output.delta,82,1.81,1267000000
output.delta,83,1.82,1267000000
output.delta,84,1.83,1266000000
output.delta,85,1.84,1266000000
output.delta,86,1.85,1266000000
output.delta,87,1.86,1265000000
output.delta,88,1.87,1265000000
output.delta,89,1.88,1264000000
output.delta,90,1.89,1264000000
output.delta,91,1.9,1264000000
output.delta,92,1.91,1263000000
output.delta,93,1.92,1263000000
output.delta,94,1.93,1262000000
output.delta,95,1.94,1262000000
output.delta,96,1.95,1262000000
output.delta,97,1.96,1261000000
output.delta,98,1.97,1261000000
output.delta,99,1.98,1260000000
output.delta,100,1.99,1260000000
output.delta,101,2,1260000000
output.delta,102,2.01,1259000000
output.delta,103,2.02,1259000000
output.delta,104,2.03,1258000000
output.delta,105,2.04,1258000000
output.delta,106,2.05,1258000000
output.delta,107,2.06,1257000000
output.delta,108,2.07,1257000000
output.delta,109,2.08,1256000000
output.delta,110,2.09,1256000000
output.delta,111,2.1,1256000000
output.delta,112,2.11,1255000000
output.delta,113,2.12,1255000000
output.delta,114,2.13,1254000000
output.delta,115,2.14,1254000000
output.delta,116,2.15,1254000000
output.delta,117,2.16,1253000000
output.delta,118,2.17,1253000000
output.delta,119,2.18,1252000000
output.delta,120,2.19,1252000000
output.delta,121,2.2,1252000000
output.delta,122,2.21,1251000000
output.delta,123,2.22,1251000000
output.delta,124,2.23,1250000000
output.delta,125,2.24,1250000000
output.delta,126,2.25,1250000000
output.delta,127,2.26,1249000000
output.delta,128,2.27,1249000000
output.delta,129,2.28,1248000000
output.delta,130,2.29,1248000000
output.delta,131,2.3,1248000000
output.delta,132,2.31,1247000000
output.delta,133,2.32,1247000000
output.delta,134,2.33,1246000000
output.delta,135,2.34,1246000000
output.delta,136,2.35,1246000000
output.delta,137,2.36,1245000000
output.delta,138,2.37,1245000000
output.delta,139,2.38,1244000000
output.delta,140,2.39,1244000000
output.delta,141,2.4,1244000000
output.delta,142,2.41,1243000000
output.delta,143,2.42,1243000000
output.delta,144,2.43,1242000000
output.delta,145,2.44,1242000000
output.delta,146,2.45,1242000000
output.delta,147,2.46,1241000000
output.delta,148,2.47,1241000000
output.delta,149,2.48,1240000000
output.delta,150,2.49,1240000000
output.delta,151,2.5,1240000000
output.delta,152,2.51,1239000000
output.delta,153,2.52,1239000000
output.delta,154,2.53,1238000000
output.delta,155,2.54,1238000000
output.delta,156,2.55,1238000000
output.delta,157,2.56,1237000000
output.delta,158,2.57,1237000000
output.delta,159,2.58,1236000000
output.delta,160,2.59,1236000000
output.delta,161,2.6,1236000000
output.delta,162,2.61,1235000000
output.delta,163,2.62,1235000000
output.delta,164,2.63,1234000000
output.delta,165,2.64,1234000000
output.delta,166,2.65,1234000000
output.delta,167,2.66,1233000000
output.delta,168,2.67,1233000000
output.delta,169,2.68,1232000000
output.delta,170,2.69,1232000000
output.delta,171,2.7,1232000000
output.delta,172,2.71,1231000000
output.delta,173,2.72,1231000000
output.delta,174,2.73,1230000000
output.delta,175,2.74,1230000000
output.delta,176,2.75,1230000000
output.delta,177,2.76,1229000000
output.delta,178,2.77,1229000000
output.delta,179,2.78,1228000000
output.delta,180,2.79,1228000000
output.delta,181,2.8,1228000000
output.delta,182,2.81,1227000000
output.delta,183,2.82,1227000000
output.delta,184,2.83,1226000000
output.delta,185,2.84,1226000000
output.delta,186,2.85,1226000000
output.delta,187,2.86,1225000000
output.delta,188,2.87,1225000000
output.delta,189,2.88,1224000000
output.delta,190,2.89,1224000000
output.delta,191,2.9,1224000000
output.delta,192,2.91,1223000000
output.delta,193,2.92,1223000000
output.delta,194,2.93,1222000000
output.delta,195,2.94,1222000000
output.delta,196,2.95,1222000000
output.delta,197,2.96,1221000000
output.delta,198,2.97,1221000000
output.delta,199,2.98,1220000000
output.delta,200,2.99,1220000000
output.delta,201,3,1220000000
output.delta,202,3.01,1219000000
output.delta,203,3.02,1219000000
output.delta,204,3.03,1218000000
output.delta,205,3.04,1218000000
output.delta,206,3.05,1218000000
output.delta,207,3.06,1217000000
output.delta,208,3.07,1217000000
output.delta,209,3.08,1216000000
output.delta,210,3.09,1216000000
output.delta,211,3.1,1216000000
output.delta,212,3.11,1215000000
output.delta,213,3.12,1215000000
output.delta,214,3.13,1214000000
output.delta,215,3.14,1214000000
output.delta,216,3.15,1214000000
output.delta,217,3.16,1213000000
output.delta,218,3.17,1213000000
output.delta,219,3.18,1212000000
output.delta,220,3.19,1212000000
output.delta,221,3.2,1212000000
output.delta,222,3.21,1211000000
output.delta,223,3.22,1211000000
output.delta,224,3.23,1210000000
output.delta,225,3.24,1210000000
output.delta,226,3.25,1210000000
output.delta,227,3.26,1209000000
output.delta,228,3.27,1209000000
output.delta,229,3.28,1208000000
output.delta,230,3.29,1208000000
output.delta,231,3.3,1208000000
output.delta,232,3.31,1207000000
output.delta,233,3.32,1207000000
output.delta,234,3.33,1206000000
output.delta,235,3.34,1206000000
output.delta,236,3.35,1206000000
output.delta,237,3.36,1205000000
output.delta,238,3.37,1205000000
output.delta,239,3.38,1204000000
output.delta,240,3.39,1204000000
output.delta,241,3.4,1204000000
output.delta,242,3.41,1203000000
output.delta,243,3.42,1203000000
output.delta,244,3.43,1202000000
output.delta,245,3.44,1202000000
output.delta,246,3.45,1202000000
output.delta,247,3.46,1201000000
output.delta,248,3.47,1201000000
output.delta,249,3.48,1200000000
output.delta,250,3.49,1200000000
output.delta,251,3.5,1200000000
output.delta,252,3.51,1199000000
output.delta,253,3.52,1199000000
output.delta,254,3.53,1199000000
output.delta,255,3.54,1199000000
output.delta,256,3.55,1198000000
output.delta,257,3.56,1198000000
output.delta,258,3.57,1198000000
output.delta,259,3.58,1197000000
output.delta,260,3.59,1197000000
output.delta,261,3.6,1197000000
output.delta,262,3.61,1197000000
output.delta,263,3.62,1196000000
output.delta,264,3.63,1196000000
output.delta,265,3.64,1196000000
output.delta,266,3.65,1195000000
output.delta,267,3.66,1195000000
output.delta,268,3.67,1195000000
output.delta,269,3.68,1195000000
output.delta,270,3.69,1194000000
output.delta,271,3.7,1194000000
output.delta,272,3.71,1194000000
output.delta,273,3.72,1193000000
output.delta,274,3.73,1193000000
output.delta,275,3.74,1193000000
output.delta,276,3.75,1193000000
output.delta,277,3.76,1192000000
output.delta,278,3.77,1192000000
output.delta,279,3.78,1192000000
output.delta,280,3.79,1191000000
output.delta,281,3.8,1191000000
output.delta,282,3.81,1191000000
output.delta,283,3.82,1191000000
output.delta,284,3.83,1190000000
output.delta,285,3.84,1190000000
output.delta,286,3.85,1190000000
output.delta,287,3.86,1189000000
output.delta,288,3.87,1189000000
output.delta,289,3.88,1189000000
output.delta,290,3.89,1189000000
output.delta,291,3.9,1188000000
output.delta,292,3.91,1188000000
output.delta,293,3.92,1188000000
output.delta,294,3.93,1187000000
output.delta,295,3.94,1187000000
output.delta,296,3.95,1187000000
output.delta,297,3.96,1187000000
output.delta,298,3.97,1186000000
output.delta,299,3.98,1186000000
output.delta,300,3.99,1186000000
output.delta,301,4,1185000000
output.delta,302,4.01,1185000000
output.delta,303,4.02,1185000000
output.delta,304,4.03,1185000000
output.delta,305,4.04,1184000000
output.delta,306,4.05,1184000000
output.delta,307,4.06,1184000000
output.delta,308,4.07,1183000000
output.delta,309,4.08,1183000000
output.delta,310,4.09,1183000000
output.delta,311,4.1,1183000000
output.delta,312,4.11,1182000000
output.delta,313,4.12,1182000000
output.delta,314,4.13,1182000000
output.delta,315,4.14,1181000000
output.delta,316,4.15,1181000000
output.delta,317,4.16,1181000000
output.delta,318,4.17,1181000000
output.delta,319,4.18,1180000000
output.delta,320,4.19,1180000000
output.delta,321,4.2,1180000000
output.delta,322,4.21,1179000000
output.delta,323,4.22,1179000000
output.delta,324,4.23,1179000000
output.delta,325,4.24,1179000000
output.delta,326,4.25,1178000000
output.delta,327,4.26,1178000000
output.delta,328,4.27,1178000000
output.delta,329,4.28,1177000000
output.delta,330,4.29,1177000000
output.delta,331,4.3,1177000000
output.delta,332,4.31,1177000000
output.delta,333,4.32,1176000000
output.delta,334,4.33,1176000000
output.delta,335,4.34,1176000000
output.delta,336,4.35,1175000000
output.delta,337,4.36,1175000000
output.delta,338,4.37,1175000000
output.delta,339,4.38,1175000000
output.delta,340,4.39,1174000000
output.delta,341,4.4,1174000000
output.delta,342,4.41,1174000000
output.delta,343,4.42,1173000000
output.delta,344,4.43,1173000000
output.delta,345,4.44,1173000000
output.delta,346,4.45,1173000000
output.delta,347,4.46,1172000000
output.delta,348,4.47,1172000000
output.delta,349,4.48,1172000000
output.delta,350,4.49,1171000000
output.delta,351,4.5,1171000000
output.delta,352,4.51,1171000000
output.delta,353,4.52,1171000000
output.delta,354,4.53,1170000000
output.delta,355,4.54,1170000000
output.delta,356,4.55,1170000000
output.delta,357,4.56,1169000000
output.delta,358,4.57,1169000000
output.delta,359,4.58,1169000000
output.delta,360,4.59,1169000000
output.delta,361,4.6,1168000000
output.delta,362,4.61,1168000000
output.delta,363,4.62,1168000000
output.delta,364,4.63,1167000000
output.delta,365,4.64,1167000000
output.delta,366,4.65,1167000000
output.delta,367,4.66,1167000000
output.delta,368,4.67,1166000000
output.delta,369,4.68,1166000000
output.delta,370,4.69,1166000000
output.delta,371,4.7,1165000000
output.delta,372,4.71,1165000000
output.delta,373,4.72,1165000000
output.delta,374,4.73,1165000000
output.delta,375,4.74,1164000000
output.delta,376,4.75,1164000000
output.delta,377,4.76,1164000000
output.delta,378,4.77,1163000000
output.delta,379,4.78,1163000000
output.delta,380,4.79,1163000000
output.delta,381,4.8,1163000000
output.delta,382,4.81,1162000000
output.delta,383,4.82,1162000000
output.delta,384,4.83,1162000000
output.delta,385,4.84,1161000000
output.delta,386,4.85,1161000000
output.delta,387,4.86,1161000000
output.delta,388,4.87,1161000000
output.delta,389,4.88,1160000000
output.delta,390,4.89,1160000000
output.delta,391,4.9,1160000000
output.delta,392,4.91,1159000000
output.delta,393,4.92,1159000000
output.delta,394,4.93,1159000000
output.delta,395,4.94,1159000000
output.delta,396,4.95,1158000000
output.delta,397,4.96,1158000000
output.delta,398,4.97,1158000000
output.delta,399,4.98,1157000000
output.delta,400,4.99,1157000000
output.delta,401,5,1157000000
output.delta,402,5.01,1157000000
output.delta,403,5.02,1156000000
output.delta,404,5.03,1156000000
output.delta,405,5.04,1156000000
output.delta,406,5.05,1155000000
output.delta,407,5.06,1155000000
output.delta,408,5.07,1155000000
output.delta,409,5.08,1155000000
output.delta,410,5.09,1154000000
output.delta,411,5.1,1154000000
output.delta,412,5.11,1154000000
output.delta,413,5.12,1153000000
output.delta,414,5.13,1153000000
output.delta,415,5.14,1153000000
output.delta,416,5.15,1153000000
output.delta,417,5.16,1152000000
output.delta,418,5.17,1152000000
output.delta,419,5.18,1152000000
output.delta,420,5.19,1151000000
output.delta,421,5.2,1151000000
output.delta,422,5.21,1151000000
output.delta,423,5.22,1151000000
output.delta,424,5.23,1150000000
output.delta,425,5.24,1150000000
output.delta,426,5.25,1150000000
output.delta,427,5.26,1149000000
output.delta,428,5.27,1149000000
output.delta,429,5.28,1149000000
output.delta,430,5.29,1149000000
output.delta,431,5.3,1148000000
output.delta,432,5.31,1148000000
output.delta,433,5.32,1148000000
output.delta,434,5.33,1147000000
output.delta,435,5.34,1147000000
output.delta,436,5.35,1147000000
output.delta,437,5.36,1147000000
output.delta,438,5.37,1146000000
output.delta,439,5.38,1146000000
output.delta,440,5.39,1146000000
output.delta,441,5.4,1145000000
output.delta,442,5.41,1145000000
output.delta,443,5.42,1145000000
output.delta,444,5.43,1145000000
output.delta,445,5.44,1144000000
output.delta,446,5.45,1144000000
output.delta,447,5.46,1144000000
output.delta,448,5.47,1143000000
output.delta,449,5.48,1143000000
output.delta,450,5.49,1143000000
output.delta,451,5.5,1143000000
output.delta,452,5.51,1142000000
output.delta,453,5.52,1142000000
output.delta,454,5.53,1142000000
output.delta,455,5.54,1141000000
output.delta,456,5.55,1141000000
output.delta,457,5.56,1141000000
output.delta,458,5.57,1141000000
output.delta,459,5.58,1140000000
output.delta,460,5.59,1140000000
output.delta,461,5.6,1140000000
output.delta,462,5.61,1139000000
output.delta,463,5.62,1139000000
output.delta,464,5.63,1139000000
output.delta,465,5.64,1139000000
output.delta,466,5.65,1138000000
output.delta,467,5.66,1138000000
output.delta,468,5.67,1138000000
output.delta,469,5.68,1137000000
output.delta,470,5.69,1137000000
output.delta,471,5.7,1137000000
output.delta,472,5.71,1137000000
output.delta,473,5.72,1136000000
output.delta,474,5.73,1136000000
output.delta,475,5.74,1136000000
output.delta,476,5.75,1135000000
output.delta,477,5.76,1135000000
output.delta,478,5.77,1135000000
output.delta,479,5.78,1135000000
output.delta,480,5.79,1134000000
output.delta,481,5.8,1134000000
output.delta,482,5.81,1134000000
output.delta,483,5.82,1133000000
output.delta,484,5.83,1133000000
output.delta,485,5.84,1133000000
output.delta,486,5.85,1133000000
output.delta,487,5.86,1132000000
output.delta,488,5.87,1132000000
output.delta,489,5.88,1132000000
output.delta,490,5.89,1131000000
output.delta,491,5.9,1131000000
output.delta,492,5.91,1131000000
output.delta,493,5.92,1131000000
output.delta,494,5.93,1130000000
output.delta,495,5.94,1130000000
output.delta,496,5.95,1130000000
output.delta,497,5.96,1129000000
output.delta,498,5.97,1129000000
output.delta,499,5.98,1129000000
output.delta,500,5.99,1129000000
output.delta,501,6,1128000000
output.delta,502,6.01,1128000000
output.delta,503,6.02,1128000000
output.delta,504,6.03,1127000000
output.delta,505,6.04,1127000000
output.delta,506,6.05,1127000000
output.delta,507,6.06,1127000000
output.delta,508,6.07,1126000000
output.delta,509,6.08,1126000000
output.delta,510,6.09,1126000000
output.delta,511,6.1,1125000000
output.delta,512,6.11,1125000000
output.delta,513,6.12,1125000000
output.delta,514,6.13,1125000000
output.delta,515,6.14,1124000000
output.delta,516,6.15,1124000000
output.delta,517,6.16,1124000000
output.delta,518,6.17,1123000000
output.delta,519,6.18,1123000000
output.delta,520,6.19,1123000000
output.delta,521,6.2,1123000000
output.delta,522,6.21,1122000000
output.delta,523,6.22,1122000000
output.delta,524,6.23,1122000000
output.delta,525,6.24,1121000000
output.delta,526,6.25,1121000000
output.delta,527,6.26,1121000000
output.delta,528,6.27,1121000000
output.delta,529,6.28,1120000000
output.delta,530,6.29,1120000000
output.delta,531,6.3,1120000000
output.delta,532,6.31,1119000000
output.delta,533,6.32,1119000000
output.delta,534,6.33,1119000000
output.delta,535,6.34,1119000000
output.delta,536,6.35,1118000000
output.delta,537,6.36,1118000000
output.delta,538,6.37,1118000000
output.delta,539,6.38,1117000000
output.delta,540,6.39,1117000000
output.delta,541,6.4,1117000000
output.delta,542,6.41,1117000000
output.delta,543,6.42,1116000000
output.delta,544,6.43,1116000000
output.delta,545,6.44,1116000000
output.delta,546,6.45,1115000000
output.delta,547,6.46,1115000000
output.delta,548,6.47,1115000000
output.delta,549,6.48,1115000000
output.delta,550,6.49,1114000000
output.delta,551,6.5,1114000000
output.delta,552,6.51,1114000000
output.delta,553,6.52,1113000000
output.delta,554,6.53,1113000000
output.delta,555,6.54,1113000000
output.delta,556,6.55,1113000000
output.delta,557,6.56,1112000000
output.delta,558,6.57,1112000000
output.delta,559,6.58,1112000000
output.delta,560,6.59,1111000000
output.delta,561,6.6,1111000000
output.delta,562,6.61,1111000000
output.delta,563,6.62,1111000000
output.delta,564,6.63,1110000000
output.delta,565,6.64,1110000000
output.delta,566,6.65,1110000000
output.delta,567,6.66,1109000000
output.delta,568,6.67,1109000000
output.delta,569,6.68,1109000000
output.delta,570,6.69,1109000000
output.delta,571,6.7,1108000000
output.delta,572,6.71,1108000000
output.delta,573,6.72,1108000000
output.delta,574,6.73,1107000000
output.delta,575,6.74,1107000000
output.delta,576,6.75,1107000000
output.delta,577,6.76,1107000000
output.delta,578,6.77,1106000000
output.delta,579,6.78,1106000000
output.delta,580,6.79,1106000000
output.delta,581,6.8,1105000000
output.delta,582,6.81,1105000000
output.delta,583,6.82,1105000000
output.delta,584,6.83,1105000000
output.delta,585,6.84,1104000000
output.delta,586,6.85,1104000000
output.delta,587,6.86,1104000000
output.delta,588,6.87,1103000000
output.delta,589,6.88,1103000000
output.delta,590,6.89,1103000000
output.delta,591,6.9,1103000000
output.delta,592,6.91,1102000000
output.delta,593,6.92,1102000000
output.delta,594,6.93,1102000000
output.delta,595,6.94,1101000000
output.delta,596,6.95,1101000000
output.delta,597,6.96,1101000000
output.delta,598,6.97,1101000000
output.delta,599,6.98,1100000000
output.delta,600,6.99,1100000000
output.delta,601,7,1099000000
output.delta,602,7.01,1099000000
output.delta,603,7.02,1098000000
output.delta,604,7.03,1097000000
output.delta,605,7.04,1097000000
output.delta,606,7.05,1096000000
output.delta,607,7.06,1095000000
output.delta,608,7.07,1095000000
output.delta,609,7.08,1094000000
output.delta,610,7.09,1093000000
output.delta,611,7.1,1093000000
output.delta,612,7.11,1092000000
output.delta,613,7.12,1091000000
output.delta,614,7.13,1091000000
output.delta,615,7.14,1090000000
output.delta,616,7.15,1089000000
output.delta,617,7.16,1089000000
output.delta,618,7.17,1088000000
output.delta,619,7.18,1087000000
output.delta,620,7.19,1087000000
output.delta,621,7.2,1086000000
output.delta,622,7.21,1085000000
output.delta,623,7.22,1085000000
output.delta,624,7.23,1084000000
output.delta,625,7.24,1083000000
output.delta,626,7.25,1083000000
output.delta,627,7.26,1082000000
output.delta,628,7.27,1081000000
output.delta,629,7.28,1081000000
output.delta,630,7.29,1080000000
output.delta,631,7.3,1079000000
output.delta,632,7.31,1079000000
output.delta,633,7.32,1078000000
output.delta,634,7.33,1077000000
output.delta,635,7.34,1077000000
output.delta,636,7.35,1076000000
output.delta,637,7.36,1075000000
output.delta,638,7.37,1075000000
output.delta,639,7.38,1074000000
output.delta,640,7.39,1073000000
output.delta,641,7.4,1073000000
output.delta,642,7.41,1072000000
output.delta,643,7.42,1071000000
output.delta,644,7.43,1071000000
output.delta,645,7.44,1070000000
output.delta,646,7.45,1069000000
output.delta,647,7.46,1069000000
output.delta,648,7.47,1068000000
output.delta,649,7.48,1067000000
output.delta,650,7.49,1067000000
output.delta,651,7.5,1066000000
output.delta,652,7.51,1065000000
output.delta,653,7.52,1065000000
output.delta,654,7.53,1064000000
output.delta,655,7.54,1063000000
output.delta,656,7.55,1063000000
output.delta,657,7.56,1062000000
output.delta,658,7.57,1061000000
output.delta,659,7.58,1061000000
output.delta,660,7.59,1060000000
output.delta,661,7.6,1059000000
output.delta,662,7.61,1059000000
output.delta,663,7.62,1058000000
output.delta,664,7.63,1057000000
output.delta,665,7.64,1057000000
output.delta,666,7.65,1056000000
output.delta,667,7.66,1055000000
output.delta,668,7.67,1055000000
output.delta,669,7.68,1054000000
output.delta,670,7.69,1053000000
output.delta,671,7.7,1053000000
output.delta,672,7.71,1052000000
output.delta,673,7.72,1051000000
output.delta,674,7.73,1051000000
output.delta,675,7.74,1050000000
output.delta,676,7.75,1049000000
output.delta,677,7.76,1049000000
output.delta,678,7.77,1048000000
output.delta,679,7.78,1047000000
output.delta,680,7.79,1047000000
output.delta,681,7.8,1046000000
output.delta,682,7.81,1045000000
output.delta,683,7.82,1045000000
output.delta,684,7.83,1044000000
output.delta,685,7.84,1043000000
output.delta,686,7.85,1043000000
output.delta,687,7.86,1042000000
output.delta,688,7.87,1041000000
output.delta,689,7.88,1041000000
output.delta,690,7.89,1040000000
output.delta,691,7.9,1039000000
output.delta,692,7.91,1039000000
output.delta,693,7.92,1038000000
output.delta,694,7.93,1037000000
output.delta,695,7.94,1037000000
output.delta,696,7.95,1036000000
output.delta,697,7.96,1035000000
output.delta,698,7.97,1035000000
output.delta,699,7.98,1034000000
output.delta,700,7.99,1033000000
output.delta,701,8,1033000000
output.delta,702,8.01,1032000000
output.delta,703,8.02,1031000000
output.delta,704,8.03,1031000000
output.delta,705,8.04,1030000000
output.delta,706,8.05,1029000000
output.delta,707,8.06,1029000000
output.delta,708,8.07,1028000000
output.delta,709,8.08,1027000000
output.delta,710,8.09,1027000000
output.delta,711,8.1,1026000000
output.delta,712,8.11,1025000000
output.delta,713,8.12,1025000000
output.delta,714,8.13,1024000000
output.delta,715,8.14,1023000000
output.delta,716,8.15,1023000000
output.delta,717,8.16,1022000000
output.delta,718,8.17,1021000000
output.delta,719,8.18,1021000000
output.delta,720,8.19,1020000000
output.delta,721,8.2,1019000000
output.delta,722,8.21,1019000000
output.delta,723,8.22,1018000000
output.delta,724,8.23,1017000000
output.delta,725,8.24,1017000000
output.delta,726,8.25,1016000000
output.delta,727,8.26,1015000000
output.delta,728,8.27,1015000000
output.delta,729,8.28,1014000000
output.delta,730,8.29,1013000000
output.delta,731,8.3,1013000000
output.delta,732,8.31,1012000000
output.delta,733,8.32,1011000000
output.delta,734,8.33,1011000000
output.delta,735,8.34,1010000000
output.delta,736,8.35,1009000000
output.delta,737,8.36,1009000000
output.delta,738,8.37,1008000000
output.delta,739,8.38,1007000000
output.delta,740,8.39,1007000000
output.delta,741,8.4,1006000000
output.delta,742,8.41,1005000000
output.delta,743,8.42,1005000000
output.delta,744,8.43,1004000000
output.delta,745,8.44,1003000000
output.delta,746,8.45,1003000000
output.delta,747,8.46,1002000000
output.delta,748,8.47,1001000000
output.delta,749,8.48,1001000000
output.delta,750,8.49,1000000000
output.delta,751,8.5,999200000
output.delta,752,8.51,998400000
output.delta,753,8.52,997600000
output.delta,754,8.53,996800000
output.delta,755,8.54,996000000
output.delta,756,8.55,995200000
output.delta,757,8.56,994400000
output.delta,758,8.57,993600000
output.delta,759,8.58,992800000
output.delta,760,8.59,992000000
output.delta,761,8.6,991200000
output.delta,762,8.61,990400000
output.delta,763,8.62,989600000
output.delta,764,8.63,988800000
output.delta,765,8.64,988000000
output.delta,766,8.65,987200000
output.delta,767,8.66,986400000
output.delta,768,8.67,985600000
output.delta,769,8.68,984800000
output.delta,770,8.69,984000000
output.delta,771,8.7,983200000
output.delta,772,8.71,982400000
output.delta,773,8.72,981600000
output.delta,774,8.73,980800000
output.delta,775,8.74,980000000
output.delta,776,8.75,979200000
output.delta,777,8.76,978400000
output.delta,778,8.77,977600000
output.delta,779,8.78,976800000
output.delta,780,8.79,976000000
output.delta,781,8.8,975200000
output.delta,782,8.81,974400000
output.delta,783,8.82,973600000
output.delta,784,8.83,972800000
output.delta,785,8.84,972000000
output.delta,786,8.85,971200000
output.delta,787,8.86,970400000
output.delta,788,8.87,969600000
output.delta,789,8.88,968800000
output.delta,790,8.89,968000000
output.delta,791,8.9,967200000
output.delta,792,8.91,966400000
output.delta,793,8.92,965600000
output.delta,794,8.93,964800000
output.delta,795,8.94,964000000
output.delta,796,8.95,963200000
output.delta,797,8.96,962400000
output.delta,798,8.97,961600000
output.delta,799,8.98,960800000
output.delta,800,8.99,960000000
output.delta,801,9,959200000
output.delta,802,9.01,958400000
output.delta,803,9.02,957600000
output.delta,804,9.03,956800000
output.delta,805,9.04,956000000
output.delta,806,9.05,955200000,955200000
output.delta,807,9.06,954400000,955200000
output.delta,808,9.07,953600000,955200000
output.delta,809,9.08,952800000,955200000
output.delta,810,9.09,952000000,955200000
output.delta,811,9.1,951200000,955200000
output.delta,812,9.11,950400000,955200000
output.delta,813,9.12,949600000,955200000
output.delta,814,9.13,948800000,955200000
output.delta,815,9.14,948000000,955200000
output.delta,816,9.15,947200000,955200000
output.delta,817,9.16,946400000,955200000
output.delta,818,9.17,945600000,955200000
output.delta,819,9.18,944800000,955200000
output.delta,820,9.19,944000000,955200000
output.delta,821,9.2,943200000,955200000
output.delta,822,9.21,942400000,955200000
output.delta,823,9.22,941600000,955200000
output.delta,824,9.23,940800000,955200000
output.delta,825,9.24,940000000,955200000
output.delta,826,9.25,939200000,955200000
output.delta,827,9.26,938400000,955200000
output.delta,828,9.27,937600000,955200000
output.delta,829,9.28,936800000,955200000
output.delta,830,9.29,936000000,955200000
output.delta,831,9.3,935200000,955200000
output.delta,832,9.31,934400000,955200000
output.delta,833,9.32,933600000,955200000
output.delta,834,9.33,932800000,955200000
output.delta,835,9.34,932000000,955200000
output.delta,836,9.35,931200000,955200000
output.delta,837,9.36,930400000,955200000
output.delta,838,9.37,929600000,955200000
output.delta,839,9.38,928800000,955200000
output.delta,840,9.39,928000000,955200000
output.delta,841,9.4,927200000,955200000
output.delta,842,9.41,926400000,955200000
output.delta,843,9.42,925600000,955200000
output.delta,844,9.43,924800000,955200000
output.delta,845,9.44,924000000,955200000
output.delta,846,9.45,923200000,955200000
output.delta,847,9.46,922400000,955200000
output.delta,848,9.47,921600000,955200000
output.delta,849,9.48,920800000,955200000
output.delta,850,9.49,920000000,955200000
output.delta,851,9.5,919200000,955200000
output.delta,852,9.51,918400000,955200000
output.delta,853,9.52,917600000,955200000
output.delta,854,9.53,916800000,955200000
output.delta,855,9.54,916000000,955200000
output.delta,856,9.55,915200000,955200000
output.delta,857,9.56,914400000,955200000
output.delta,858,9.57,913600000,955200000
output.delta,859,9.58,912800000,955200000
output.delta,860,9.59,912000000,955200000
output.delta,861,9.6,911200000,955200000
output.delta,862,9.61,910400000,955200000
output.delta,863,9.62,909600000,955200000
output.delta,864,9.63,908800000,955200000
output.delta,865,9.64,908000000,955200000
output.delta,866,9.65,907200000,955200000
output.delta,867,9.66,906400000,955200000
output.delta,868,9.67,905600000,955200000
output.delta,869,9.68,904800000,955200000
output.delta,870,9.69,904000000,955200000
output.delta,871,9.7,903200000,955200000
output.delta,872,9.71,902400000,955200000
output.delta,873,9.72,901600000,955200000
output.delta,874,9.73,900800000,955200000
output.delta,875,9.74,900000000,955200000
output.delta,876,9.75,899000000,955200000
output.delta,877,9.76,898000000,955200000
output.delta,878,9.77,897000000,955200000
output.delta,879,9.78,896000000,955200000
output.delta,880,9.79,895000000,955200000
output.delta,881,9.8,894000000,955200000
output.delta,882,9.81,893000000,955200000
output.delta,883,9.82,892000000,955200000
output.delta,884,9.83,891000000,955200000
output.delta,885,9.84,890000000,955200000
output.delta,886,9.85,889000000,955200000
output.delta,887,9.86,888000000,955200000
output.delta,888,9.87,887000000,955200000
output.delta,889,9.88,886000000,955200000
output.delta,890,9.89,885000000,955200000
output.delta,891,9.9,884000000,955200000
output.delta,892,9.91,883000000,955200000
output.delta,893,9.92,882000000,955200000
output.delta,894,9.93,881000000,955200000
output.delta,895,9.94,880000000,955200000
output.delta,896,9.95,879000000,955200000
output.delta,897,9.96,878000000,955200000
output.delta,898,9.97,877000000,955200000
output.delta,899,9.98,876000000,955200000
output.delta,900,9.99,875000000,955200000
output.delta,901,10,874000000,955200000
output.delta,902,10.01,873000000,955200000
output.delta,903,10.02,872000000,955200000
output.delta,904,10.03,871000000,955200000
output.delta,905,10.04,870000000,955200000
output.delta,906,10.05,869000000,955200000
output.delta,907,10.06,868000000,955200000
output.delta,908,10.07,867000000,955200000
output.delta,909,10.08,866000000,955200000
output.delta,910,10.09,865000000,955200000
output.delta,911,10.1,864000000,955200000
output.delta,912,10.11,863000000,955200000
output.delta,913,10.12,862000000,955200000
output.delta,914,10.13,861000000,955200000
output.delta,915,10.14,860000000,955200000
output.delta,916,10.15,859000000,955200000
output.delta,917,10.16,858000000,955200000
output.delta,918,10.17,857000000,955200000
output.delta,919,10.18,856000000,955200000
output.delta,920,10.19,855000000,955200000
output.delta,921,10.2,854000000,955200000
output.delta,922,10.21,853000000,955200000
output.delta,923,10.22,852000000,955200000
output.delta,924,10.23,851000000,955200000
output.delta,925,10.24,850000000,955200000
output.delta,926,10.25,849000000,955200000
output.delta,927,10.26,848000000,955200000
output.delta,928,10.27,847000000,955200000
output.delta,929,10.28,846000000,955200000
output.delta,930,10.29,845000000,955200000
output.delta,931,10.3,844000000,955200000
output.delta,932,10.31,843000000,955200000
output.delta,933,10.32,842000000,955200000
output.delta,934,10.33,841000000,955200000
output.delta,935,10.34,840000000,955200000
output.delta,936,10.35,839000000,955200000
output.delta,937,10.36,838000000,955200000
output.delta,938,10.37,837000000,955200000
output.delta,939,10.38,836000000,955200000
output.delta,940,10.39,835000000,955200000
output.delta,941,10.4,834000000,955200000
output.delta,942,10.41,833000000,955200000
output.delta,943,10.42,832000000,955200000
output.delta,944,10.43,831000000,955200000
output.delta,945,10.44,830000000,955200000
output.delta,946,10.45,829000000,955200000
output.delta,947,10.46,828000000,955200000
output.delta,948,10.47,827000000,955200000
output.delta,949,10.48,826000000,955200000
output.delta,950,10.49,825000000,955200000
output.delta,951,10.5,824000000,955200000
output.delta,952,10.51,823000000,955200000
output.delta,953,10.52,822000000,955200000
output.delta,954,10.53,821000000,955200000
output.delta,955,10.54,820000000,955200000
output.delta,956,10.55,819000000,955200000
output.delta,957,10.56,818000000,955200000
output.delta,958,10.57,817000000,955200000
output.delta,959,10.58,816000000,955200000
output.delta,960,10.59,815000000,955200000
output.delta,961,10.6,814000000,955200000
output.delta,962,10.61,813000000,955200000
output.delta,963,10.62,812000000,955200000
output.delta,964,10.63,811000000,955200000
output.delta,965,10.64,810000000,955200000
output.delta,966,10.65,809000000,955200000
output.delta,967,10.66,808000000,955200000
output.delta,968,10.67,807000000,955200000
output.delta,969,10.68,806000000,955200000
output.delta,970,10.69,805000000,955200000
output.delta,971,10.7,804000000,955200000
output.delta,972,10.71,803000000,955200000
output.delta,973,10.72,802000000,955200000
output.delta,974,10.73,801000000,955200000
output.delta,975,10.74,800000000,955200000
output.delta,976,10.75,798400000,955200000
output.delta,977,10.76,796800000,955200000
output.delta,978,10.77,795200000,955200000
output.delta,979,10.78,793700000,955200000
output.delta,980,10.79,792100000,955200000
output.delta,981,10.8,790500000,955200000
output.delta,982,10.81,788900000,955200000
output.delta,983,10.82,787300000,955200000
output.delta,984,10.83,785700000,955200000
output.delta,985,10.84,784100000,955200000
output.delta,986,10.85,782500000,955200000
output.delta,987,10.86,781000000,955200000
output.delta,988,10.87,779400000,955200000
output.delta,989,10.88,777800000,955200000
output.delta,990,10.89,776200000,955200000
output.delta,991,10.9,774600000,955200000
output.delta,992,10.91,773000000,955200000
output.delta,993,10.92,771400000,955200000
output.delta,994,10.93,769800000,955200000
output.delta,995,10.94,768300000,955200000
output.delta,996,10.95,766700000,955200000
output.delta,997,10.96,765100000,955200000
output.delta,998,10.97,763500000,955200000
output.delta,999,10.98,761900000,955200000
output.delta,1000,10.99,760300000,955200000
output.delta,1001,11,758700000
output.delta,1002,14,757100000
output.delta,1003,17,755600000
output.delta,1004,20,754000000
output.delta,1005,23,752400000
output.delta,1006,26,750800000
output.delta,1007,29,749200000
output.delta,1008,32,747600000
output.delta,1009,35,746000000
output.delta,1010,38,744400000
output.delta,1011,41,742900000
output.delta,1012,44,741300000
output.delta,1013,47,739700000
output.delta,1014,50,738100000
output.delta,1015,53,736500000
output.delta,1016,56,734900000
output.delta,1017,59,733300000
output.delta,1018,62,731700000
output.delta,1019,65,730200000
output.delta,1020,68,728600000
output.delta,1021,71,727000000
output.delta,1022,74,725400000
output.delta,1023,77,723800000
output.delta,1024,80,722200000
output.delta,1025,83,720600000
output.delta,1026,86,719000000
output.delta,1027,89,717500000
output.delta,1028,92,715900000
output.delta,1029,95,714300000
output.delta,1030,98,712700000
output.delta,1031,101,711100000
output.delta,1032,104,709500000
output.delta,1033,107,707900000
output.delta,1034,110,706300000
output.delta,1035,113,704800000
output.delta,1036,116,703200000
output.delta,1037,119,701600000
output.delta,1038,122,700000000
output.delta,1039,125,685700000
output.delta,1040,128,671400000
output.delta,1041,131,657100000
output.delta,1042,134,642900000
output.delta,1043,137,628600000
output.delta,1044,140,614300000
output.delta,1045,143,600000000
output.delta,1046,146,585700000
output.delta,1047,149,571400000
output.delta,1048,152,557100000
output.delta,1049,155,542900000
output.delta,1050,158,528600000
output.delta,1051,161,514300000
output.delta,1052,164,500000000
output.delta,1053,167,487500000
output.delta,1054,170,475000000
output.delta,1055,173,462500000
output.delta,1056,176,450000000
output.delta,1057,179,437500000
output.delta,1058,182,425000000
output.delta,1059,185,412500000
output.delta,1060,188,400000000
output.delta,1061,191,390000000
output.delta,1062,194,380000000
output.delta,1063,197,370000000
output.delta,1064,200,360000000
output.delta,1065,203,350000000
output.delta,1066,206,340000000
output.delta,1067,209,330000000
output.delta,1068,212,320000000
output.delta,1069,215,310000000
output.delta,1070,218,300000000
output.delta,1071,221,290000000
output.delta,1072,224,280000000
output.delta,1073,227,270000000
output.delta,1074,230,260000000
output.delta,1075,233,250000000
output.delta,1076,236,240000000
output.delta,1077,239,230000000
output.delta,1078,242,220000000
output.delta,1079,245,210000000
output.delta,1080,248,200000000
output.delta,1081,251,190000000
output.delta,1082,254,180000000
output.delta,1083,257,170000000
output.delta,1084,260,160000000
output.delta,1085,263,150000000
output.delta,1086,266,140000000
output.delta,1087,269,130000000
output.delta,1088,272,120000000
output.delta,1089,275,110000000
output.delta,1090,278,100000000
output.delta,1091,281,99860000
output.delta,1092,284,99720000
output.delta,1093,287,99580000
output.delta,1094,290,99440000
output.delta,1095,293,99300000
output.delta,1096,296,99150000
output.delta,1097,299,99010000
output.delta,1098,302,98870000
output.delta,1099,305,98730000
output.delta,1100,308,98590000
output.delta,1101,311,98450000
output.delta,1102,314,98310000
output.delta,1103,317,98170000
output.delta,1104,320,98030000
output.delta,1105,323,97890000
output.delta,1106,326,97750000
output.delta,1107,329,97610000
output.delta,1108,332,97460000
output.delta,1109,335,97320000
output.delta,1110,338,97180000
output.delta,1111,341,97040000
output.delta,1112,344,96900000
output.delta,1113,347,96760000
output.delta,1114,350,96620000
output.delta,1115,353,96480000
output.delta,1116,356,96340000
output.delta,1117,359,96200000
output.delta,1118,362,96060000
output.delta,1119,365,95920000
output.delta,1120,368,95770000
output.delta,1121,371,95630000
output.delta,1122,374,95490000
output.delta,1123,377,95350000
output.delta,1124,380,95210000
output.delta,1125,383,95070000
output.delta,1126,386,94930000
output.delta,1127,389,94790000
output.delta,1128,392,94650000
output.delta,1129,395,94510000
output.delta,1130,398,94370000
output.delta,1131,401,94230000
output.delta,1132,404,94080000
output.delta,1133,407,93940000
output.delta,1134,410,93800000
output.delta,1135,413,93660000
output.delta,1136,416,93520000
output.delta,1137,419,93380000
output.delta,1138,422,93240000
output.delta,1139,425,93100000
output.delta,1140,428,92960000
output.delta,1141,431,92820000
output.delta,1142,434,92680000
output.delta,1143,437,92540000
output.delta,1144,440,92390000
output.delta,1145,443,92250000
output.delta,1146,446,92110000
output.delta,1147,449,91970000
output.delta,1148,452,91830000
output.delta,1149,455,91690000
output.delta,1150,458,91550000
output.delta,1151,461,91410000
output.delta,1152,464,91270000
output.delta,1153,467,91130000
output.delta,1154,470,90990000
output.delta,1155,473,90850000
output.delta,1156,476,90700000
output.delta,1157,479,90560000
output.delta,1158,482,90420000
output.delta,1159,485,90280000
output.delta,1160,488,90140000
output.delta,1161,491,90000000
output.delta,1162,494,89860000
output.delta,1163,497,89720000
output.delta,1164,500,89580000
output.delta,1165,503,89440000
output.delta,1166,506,89300000
output.delta,1167,509,89150000
output.delta,1168,512,89010000
output.delta,1169,515,88870000
output.delta,1170,518,88730000
output.delta,1171,521,88590000
output.delta,1172,524,88450000
output.delta,1173,527,88310000
output.delta,1174,530,88170000
output.delta,1175,533,88030000
output.delta,1176,536,87890000
output.delta,1177,539,87750000
output.delta,1178,542,87610000
output.delta,1179,545,87460000
output.delta,1180,548,87320000
output.delta,1181,551,87180000
output.delta,1182,554,87040000
output.delta,1183,557,86900000
output.delta,1184,560,86760000
output.delta,1185,563,86620000
output.delta,1186,566,86480000
output.delta,1187,569,86340000
output.delta,1188,572,86200000
output.delta,1189,575,86060000
output.delta,1190,578,85920000
output.delta,1191,581,85770000
output.delta,1192,584,85630000
output.delta,1193,587,85490000
output.delta,1194,590,85350000
output.delta,1195,593,85210000
output.delta,1196,596,85070000
output.delta,1197,599,84930000
output.delta,1198,602,84790000
output.delta,1199,605,84650000
output.delta,1200,608,84510000
output.delta,1201,611,84370000
output.delta,1202,614,84230000
output.delta,1203,617,84080000
output.delta,1204,620,83940000
output.delta,1205,623,83800000
output.delta,1206,626,83660000
output.delta,1207,629,83520000
output.delta,1208,632,83380000
output.delta,1209,635,83240000
output.delta,1210,638,83100000
output.delta,1211,641,82960000
output.delta,1212,644,82820000
output.delta,1213,647,82680000
output.delta,1214,650,82540000
output.delta,1215,653,82390000
output.delta,1216,656,82250000
output.delta,1217,659,82110000
output.delta,1218,662,81970000
output.delta,1219,665,81830000
output.delta,1220,668,81690000
output.delta,1221,671,81550000
output.delta,1222,674,81410000
output.delta,1223,677,81270000
output.delta,1224,680,81130000
output.delta,1225,683,80990000
output.delta,1226,686,80850000
output.delta,1227,689,80700000
output.delta,1228,692,80560000
output.delta,1229,695,80420000
output.delta,1230,698,80280000
output.delta,1231,701,80140000
output.delta,1232,704,80000000
output.delta,1233,707,79860000
output.delta,1234,710,79720000
output.delta,1235,713,79580000
output.delta,1236,716,79440000
output.delta,1237,719,79300000
output.delta,1238,722,79150000
output.delta,1239,725,79010000
output.delta,1240,728,78870000
output.delta,1241,731,78730000
output.delta,1242,734,78590000
output.delta,1243,737,78450000
output.delta,1244,740,78310000
output.delta,1245,743,78170000
output.delta,1246,746,78030000
output.delta,1247,749,77890000
output.delta,1248,752,77750000
output.delta,1249,755,77610000
output.delta,1250,758,77460000
output.delta,1251,761,77320000
output.delta,1252,764,77180000
output.delta,1253,767,77040000
output.delta,1254,770,76900000
output.delta,1255,773,76760000
output.delta,1256,776,76620000
output.delta,1257,779,76480000
output.delta,1258,782,76340000
output.delta,1259,785,76200000
output.delta,1260,788,76060000
output.delta,1261,791,75920000
output.delta,1262,794,75770000
output.delta,1263,797,75630000
output.delta,1264,800,75490000
output.delta,1265,803,75350000
output.delta,1266,806,75210000
output.delta,1267,809,75070000
output.delta,1268,812,74930000
output.delta,1269,815,74790000
output.delta,1270,818,74650000
output.delta,1271,821,74510000
output.delta,1272,824,74370000
output.delta,1273,827,74230000
output.delta,1274,830,74080000
output.delta,1275,833,73940000
output.delta,1276,836,73800000
output.delta,1277,839,73660000
output.delta,1278,842,73520000
output.delta,1279,845,73380000
output.delta,1280,848,73240000
output.delta,1281,851,73100000
output.delta,1282,854,72960000
output.delta,1283,857,72820000
output.delta,1284,860,72680000
output.delta,1285,863,72540000
output.delta,1286,866,72390000
output.delta,1287,869,72250000
output.delta,1288,872,72110000
output.delta,1289,875,71970000
output.delta,1290,878,71830000
output.delta,1291,881,71690000
output.delta,1292,884,71550000
output.delta,1293,887,71410000
output.delta,1294,890,71270000
output.delta,1295,893,71130000
output.delta,1296,896,70990000
output.delta,1297,899,70850000
output.delta,1298,902,70700000
output.delta,1299,905,70560000
output.delta,1300,908,70420000
output.delta,1301,911,70280000
output.delta,1302,914,70140000
output.delta,1303,917,70000000
output.delta,1304,920,69860000
output.delta,1305,923,69720000
output.delta,1306,926,69580000
output.delta,1307,929,69440000
output.delta,1308,932,69300000
output.delta,1309,935,69150000
output.delta,1310,938,69010000
output.delta,1311,941,68870000
output.delta,1312,944,68730000
output.delta,1313,947,68590000
output.delta,1314,950,68450000
output.delta,1315,953,68310000
output.delta,1316,956,68170000
output.delta,1317,959,68030000
output.delta,1318,962,67890000
output.delta,1319,965,67750000
output.delta,1320,968,67610000
output.delta,1321,971,67460000
output.delta,1322,974,67320000
output.delta,1323,977,67180000
output.delta,1324,980,67040000
output.delta,1325,983,66900000
output.delta,1326,986,66760000
output.delta,1327,989,66620000
output.delta,1328,992,66480000
output.delta,1329,995,66340000
output.delta,1330,998,66200000
output.delta,1331,1001,66060000
output.delta,1332,1004,65920000
output.delta,1333,1007,65770000
output.delta,1334,1010,65630000
output.delta,1335,1013,65490000
output.delta,1336,1016,65350000
output.delta,1337,1019,65210000
output.delta,1338,1022,65070000
output.delta,1339,1025,64930000
output.delta,1340,1028,64790000
output.delta,1341,1031,64650000
output.delta,1342,1034,64510000
output.delta,1343,1037,64370000
output.delta,1344,1040,64230000
output.delta,1345,1043,64080000
output.delta,1346,1046,63940000
output.delta,1347,1049,63800000
output.delta,1348,1052,63660000
output.delta,1349,1055,63520000
output.delta,1350,1058,63380000
output.delta,1351,1061,63240000
output.delta,1352,1064,63100000
output.delta,1353,1067,62960000
output.delta,1354,1070,62820000
output.delta,1355,1073,62680000
output.delta,1356,1076,62540000
output.delta,1357,1079,62390000
output.delta,1358,1082,62250000
output.delta,1359,1085,62110000
output.delta,1360,1088,61970000
output.delta,1361,1091,61830000
output.delta,1362,1094,61690000
output.delta,1363,1097,61550000
output.delta,1364,1100,61410000
output.delta,1365,1103,61270000
output.delta,1366,1106,61130000
output.delta,1367,1109,60990000
output.delta,1368,1112,60850000
output.delta,1369,1115,60700000
output.delta,1370,1118,60560000
output.delta,1371,1121,60420000
output.delta,1372,1124,60280000
output.delta,1373,1127,60140000
output.delta,1374,1130,60000000
output.delta,1375,1133,59860000
output.delta,1376,1136,59720000
output.delta,1377,1139,59580000
output.delta,1378,1142,59440000
output.delta,1379,1145,59300000
output.delta,1380,1148,59150000
output.delta,1381,1151,59010000
output.delta,1382,1154,58870000
output.delta,1383,1157,58730000
output.delta,1384,1160,58590000
output.delta,1385,1163,58450000
output.delta,1386,1166,58310000
output.delta,1387,1169,58170000
output.delta,1388,1172,58030000
output.delta,1389,1175,57890000
output.delta,1390,1178,57750000
output.delta,1391,1181,57610000
output.delta,1392,1184,57460000
output.delta,1393,1187,57320000
output.delta,1394,1190,57180000
output.delta,1395,1193,57040000
output.delta,1396,1196,56900000
output.delta,1397,1199,56760000
output.delta,1398,1202,56620000
output.delta,1399,1205,56480000
output.delta,1400,1208,56340000
output.delta,1401,1211,56200000
output.delta,1402,1214,56060000
output.delta,1403,1217,55920000
output.delta,1404,1220,55770000
output.delta,1405,1223,55630000
output.delta,1406,1226,55490000
output.delta,1407,1229,55350000
output.delta,1408,1232,55210000
output.delta,1409,1235,55070000
output.delta,1410,1238,54930000
output.delta,1411,1241,54790000
output.delta,1412,1244,54650000
output.delta,1413,1247,54510000
output.delta,1414,1250,54370000
output.delta,1415,1253,54230000
output.delta,1416,1256,54080000
output.delta,1417,1259,53940000
output.delta,1418,1262,53800000
output.delta,1419,1265,53660000
output.delta,1420,1268,53520000
output.delta,1421,1271,53380000
output.delta,1422,1274,53240000
output.delta,1423,1277,53100000
output.delta,1424,1280,52960000
output.delta,1425,1283,52820000
output.delta,1426,1286,52680000
output.delta,1427,1289,52540000
output.delta,1428,1292,52390000
output.delta,1429,1295,52250000
output.delta,1430,1298,52110000
output.delta,1431,1301,51970000
output.delta,1432,1304,51830000
output.delta,1433,1307,51690000
output.delta,1434,1310,51550000
output.delta,1435,1313,51410000
output.delta,1436,1316,51270000
output.delta,1437,1319,51130000
output.delta,1438,1322,50990000
output.delta,1439,1325,50850000
output.delta,1440,1328,50700000
output.delta,1441,1331,50560000
output.delta,1442,1334,50420000
output.delta,1443,1337,50280000
output.delta,1444,1340,50140000
output.delta,1445,1343,50000000
output.delta,1446,1346,49860000
output.delta,1447,1349,49720000
output.delta,1448,1352,49580000
output.delta,1449,1355,49440000
output.delta,1450,1358,49300000
output.delta,1451,1361,49150000
output.delta,1452,1364,49010000
output.delta,1453,1367,48870000
output.delta,1454,1370,48730000
output.delta,1455,1373,48590000
output.delta,1456,1376,48450000
output.delta,1457,1379,48310000
output.delta,1458,1382,48170000
output.delta,1459,1385,48030000
output.delta,1460,1388,47890000
output.delta,1461,1391,47750000
output.delta,1462,1394,47610000
output.delta,1463,1397,47460000
output.delta,1464,1400,47320000
output.delta,1465,1403,47180000
output.delta,1466,1406,47040000
output.delta,1467,1409,46900000
output.delta,1468,1412,46760000
output.delta,1469,1415,46620000
output.delta,1470,1418,46480000
output.delta,1471,1421,46340000
output.delta,1472,1424,46200000
output.delta,1473,1427,46060000
output.delta,1474,1430,45920000
output.delta,1475,1433,45770000
output.delta,1476,1436,45630000
output.delta,1477,1439,45490000
output.delta,1478,1442,45350000
output.delta,1479,1445,45210000
output.delta,1480,1448,45070000
output.delta,1481,1451,44930000
output.delta,1482,1454,44790000
output.delta,1483,1457,44650000
output.delta,1484,1460,44510000
output.delta,1485,1463,44370000
output.delta,1486,1466,44230000
output.delta,1487,1469,44080000
output.delta,1488,1472,43940000
output.delta,1489,1475,43800000
output.delta,1490,1478,43660000
output.delta,1491,1481,43520000
output.delta,1492,1484,43380000
output.delta,1493,1487,43240000
output.delta,1494,1490,43100000
output.delta,1495,1493,42960000
output.delta,1496,1496,42820000
output.delta,1497,1499,42680000
output.delta,1498,1502,42540000
output.delta,1499,1505,42390000
output.delta,1500,1508,42250000
output.delta,1501,1511,42110000
output.delta,1502,1514,41970000
output.delta,1503,1517,41830000
output.delta,1504,1520,41690000
output.delta,1505,1523,41550000
output.delta,1506,1526,41410000
output.delta,1507,1529,41270000
output.delta,1508,1532,41130000
output.delta,1509,1535,40990000
output.delta,1510,1538,40850000
output.delta,1511,1541,40700000
output.delta,1512,1544,40560000
output.delta,1513,1547,40420000
output.delta,1514,1550,40280000
output.delta,1515,1553,40140000
output.delta,1516,1556,40000000
output.delta,1517,1559,39860000
output.delta,1518,1562,39720000
output.delta,1519,1565,39580000
output.delta,1520,1568,39440000
output.delta,1521,1571,39300000
output.delta,1522,1574,39150000
output.delta,1523,1577,39010000
output.delta,1524,1580,38870000
output.delta,1525,1583,38730000
output.delta,1526,1586,38590000
output.delta,1527,1589,38450000
output.delta,1528,1592,38310000
output.delta,1529,1595,38170000
output.delta,1530,1598,38030000
output.delta,1531,1601,37890000
output.delta,1532,1604,37750000
output.delta,1533,1607,37610000
output.delta,1534,1610,37460000
output.delta,1535,1613,37320000
output.delta,1536,1616,37180000
output.delta,1537,1619,37040000
output.delta,1538,1622,36900000
output.delta,1539,1625,36760000
output.delta,1540,1628,36620000
output.delta,1541,1631,36480000
output.delta,1542,1634,36340000
output.delta,1543,1637,36200000
output.delta,1544,1640,36060000
output.delta,1545,1643,35920000
output.delta,1546,1646,35770000
output.delta,1547,1649,35630000
output.delta,1548,1652,35490000
output.delta,1549,1655,35350000
output.delta,1550,1658,35210000
output.delta,1551,1661,35070000
output.delta,1552,1664,34930000
output.delta,1553,1667,34790000
output.delta,1554,1670,34650000
output.delta,1555,1673,34510000
output.delta,1556,1676,34370000
output.delta,1557,1679,34230000
output.delta,1558,1682,34080000
output.delta,1559,1685,33940000
output.delta,1560,1688,33800000
output.delta,1561,1691,33660000
output.delta,1562,1694,33520000
output.delta,1563,1697,33380000
output.delta,1564,1700,33240000
output.delta,1565,1703,33100000
output.delta,1566,1706,32960000
output.delta,1567,1709,32820000
output.delta,1568,1712,32680000
output.delta,1569,1715,32540000
output.delta,1570,1718,32390000
output.delta,1571,1721,32250000
output.delta,1572,1724,32110000
output.delta,1573,1727,31970000
output.delta,1574,1730,31830000
output.delta,1575,1733,31690000
output.delta,1576,1736,31550000
output.delta,1577,1739,31410000
output.delta,1578,1742,31270000
output.delta,1579,1745,31130000
output.delta,1580,1748,30990000
output.delta,1581,1751,30850000
output.delta,1582,1754,30700000
output.delta,1583,1757,30560000
output.delta,1584,1760,30420000
output.delta,1585,1763,30280000
output.delta,1586,1766,30140000
output.delta,1587,1769,30000000
output.delta,1588,1772,29860000
output.delta,1589,1775,29720000
output.delta,1590,1778,29580000
output.delta,1591,1781,29440000
output.delta,1592,1784,29300000
output.delta,1593,1787,29150000
output.delta,1594,1790,29010000
output.delta,1595,1793,28870000
output.delta,1596,1796,28730000
output.delta,1597,1799,28590000
output.delta,1598,1802,28450000
output.delta,1599,1805,28310000
output.delta,1600,1808,28170000
output.delta,1601,1811,28030000
output.delta,1602,1814,27890000
output.delta,1603,1817,27750000
output.delta,1604,1820,27610000
output.delta,1605,1823,27460000
output.delta,1606,1826,27320000
output.delta,1607,1829,27180000
output.delta,1608,1832,27040000
output.delta,1609,1835,26900000
output.delta,1610,1838,26760000
output.delta,1611,1841,26620000
output.delta,1612,1844,26480000
output.delta,1613,1847,26340000
output.delta,1614,1850,26200000
output.delta,1615,1853,26060000
output.delta,1616,1856,25920000
output.delta,1617,1859,25770000
output.delta,1618,1862,25630000
output.delta,1619,1865,25490000
output.delta,1620,1868,25350000
output.delta,1621,1871,25210000
output.delta,1622,1874,25070000
output.delta,1623,1877,24930000
output.delta,1624,1880,24790000
output.delta,1625,1883,24650000
output.delta,1626,1886,24510000
output.delta,1627,1889,24370000
output.delta,1628,1892,24230000
output.delta,1629,1895,24080000
output.delta,1630,1898,23940000
output.delta,1631,1901,23800000
output.delta,1632,1904,23660000
output.delta,1633,1907,23520000
output.delta,1634,1910,23380000
output.delta,1635,1913,23240000
output.delta,1636,1916,23100000
output.delta,1637,1919,22960000
output.delta,1638,1922,22820000
output.delta,1639,1925,22680000
output.delta,1640,1928,22540000
output.delta,1641,1931,22390000
output.delta,1642,1934,22250000
output.delta,1643,1937,22110000
output.delta,1644,1940,21970000
output.delta,1645,1943,21830000
output.delta,1646,1946,21690000
output.delta,1647,1949,21550000
output.delta,1648,1952,21410000
output.delta,1649,1955,21270000
output.delta,1650,1958,21130000
output.delta,1651,1961,20990000
output.delta,1652,1964,20850000
output.delta,1653,1967,20700000
output.delta,1654,1970,20560000
output.delta,1655,1973,20420000
output.delta,1656,1976,20280000
output.delta,1657,1979,20140000
output.delta,1658,1982,20000000
output.delta,1659,1985,19860000
output.delta,1660,1988,19720000
output.delta,1661,1991,19580000
output.delta,1662,1994,19440000
output.delta,1663,1997,19300000
output.delta,1664,2000,19150000
output.delta,1665,2003,19010000
output.delta,1666,2006,18870000
output.delta,1667,2009,18730000
output.delta,1668,2012,18590000
output.delta,1669,2015,18450000
output.delta,1670,2018,18310000
output.delta,1671,2021,18170000
output.delta,1672,2024,18030000
output.delta,1673,2027,17890000
output.delta,1674,2030,17750000
output.delta,1675,2033,17610000
output.delta,1676,2036,17460000
output.delta,1677,2039,17320000
output.delta,1678,2042,17180000
output.delta,1679,2045,17040000
output.delta,1680,2048,16900000
output.delta,1681,2051,16760000
output.delta,1682,2054,16620000
output.delta,1683,2057,16480000
output.delta,1684,2060,16340000
output.delta,1685,2063,16200000
output.delta,1686,2066,16060000
output.delta,1687,2069,15920000
output.delta,1688,2072,15770000
output.delta,1689,2075,15630000
output.delta,1690,2078,15490000
output.delta,1691,2081,15350000
output.delta,1692,2084,15210000
output.delta,1693,2087,15070000
output.delta,1694,2090,14930000
output.delta,1695,2093,14790000
output.delta,1696,2096,14650000
output.delta,1697,2099,14510000
output.delta,1698,2102,14370000
output.delta,1699,2105,14230000
output.delta,1700,2108,14080000
output.delta,1701,2111,13940000
output.delta,1702,2114,13800000
output.delta,1703,2117,13660000
output.delta,1704,2120,13520000
output.delta,1705,2123,13380000
output.delta,1706,2126,13240000
output.delta,1707,2129,13100000
output.delta,1708,2132,12960000
output.delta,1709,2135,12820000
output.delta,1710,2138,12680000
output.delta,1711,2141,12540000
output.delta,1712,2144,12390000
output.delta,1713,2147,12250000
output.delta,1714,2150,12110000
output.delta,1715,2153,11970000
output.delta,1716,2156,11830000
output.delta,1717,2159,11690000
output.delta,1718,2162,11550000
output.delta,1719,2165,11410000
output.delta,1720,2168,11270000
output.delta,1721,2171,11130000
output.delta,1722,2174,10990000
output.delta,1723,2177,10850000
output.delta,1724,2180,10700000
output.delta,1725,2183,10560000
output.delta,1726,2186,10420000
output.delta,1727,2189,10280000
output.delta,1728,2192,10140000
output.delta,1729,2195,10000000
output.delta,1730,2198,9859000
output.delta,1731,2201,9718000
output.delta,1732,2204,9577000
output.delta,1733,2207,9437000
output.delta,1734,2210,9296000
output.delta,1735,2213,9155000
output.delta,1736,2216,9014000
output.delta,1737,2219,8873000
output.delta,1738,2222,8732000
output.delta,1739,2225,8592000
output.delta,1740,2228,8451000
output.delta,1741,2231,8310000
output.delta,1742,2234,8169000
output.delta,1743,2237,8028000
output.delta,1744,2240,7887000
output.delta,1745,2243,7746000
output.delta,1746,2246,7606000
output.delta,1747,2249,7465000
output.delta,1748,2252,7324000
output.delta,1749,2255,7183000
output.delta,1750,2258,7042000
output.delta,1751,2261,6901000
output.delta,1752,2264,6761000
output.delta,1753,2267,6620000
output.delta,1754,2270,6479000
output.delta,1755,2273,6338000
output.delta,1756,2276,6197000
output.delta,1757,2279,6056000
output.delta,1758,2282,5915000
output.delta,1759,2285,5775000
output.delta,1760,2288,5634000
output.delta,1761,2291,5493000
output.delta,1762,2294,5352000
output.delta,1763,2297,5211000
output.delta,1764,2300,5070000
output.delta,1765,2303,4930000
output.delta,1766,2306,4789000
output.delta,1767,2309,4648000
output.delta,1768,2312,4507000
output.delta,1769,2315,4366000
output.delta,1770,2318,4225000
output.delta,1771,2321,4085000
output.delta,1772,2324,3944000
output.delta,1773,2327,3803000
output.delta,1774,2330,3662000
output.delta,1775,2333,3521000
output.delta,1776,2336,3380000
output.delta,1777,2339,3239000
output.delta,1778,2342,3099000
output.delta,1779,2345,2958000
output.delta,1780,2348,2817000
output.delta,1781,2351,2676000
output.delta,1782,2354,2535000
output.delta,1783,2357,2394000
output.delta,1784,2360,2254000
output.delta,1785,2363,2113000
output.delta,1786,2366,1972000
output.delta,1787,2369,1831000
output.delta,1788,2372,1690000
output.delta,1789,2375,1549000
output.delta,1790,2378,1408000
output.delta,1791,2381,1268000
output.delta,1792,2384,1127000
output.delta,1793,2387,985900
output.delta,1794,2390,845100
output.delta,1795,2393,704200
output.delta,1796,2396,563400
output.delta,1797,2399,422500
output.delta,1798,2402,281700
output.delta,1799,2405,140800
output.delta,1800,2408,0
output.epsilon,1,1,1300000000
output.epsilon,2,1.01,1299000000
output.epsilon,3,1.02,1299000000
output.epsilon,4,1.03,1298000000
output.epsilon,5,1.04,1298000000
output.epsilon,6,1.05,1297000000
output.epsilon,7,1.06,1297000000
output.epsilon,8,1.07,1296000000
output.epsilon,9,1.08,1296000000
output.epsilon,10,1.09,1295000000
output.epsilon,11,1.1,1295000000
output.epsilon,12,1.11,1294000000
output.epsilon,13,1.12,1294000000
output.epsilon,14,1.13,1293000000
output.epsilon,15,1.14,1293000000
output.epsilon,16,1.15,1292000000
output.epsilon,17,1.16,1292000000
output.epsilon,18,1.17,1291000000
output.epsilon,19,1.18,1291000000
output.epsilon,20,1.19,1290000000
output.epsilon,21,1.2,1290000000
output.epsilon,22,1.21,1289000000
output.epsilon,23,1.22,1289000000
output.epsilon,24,1.23,1288000000
output.epsilon,25,1.24,1288000000
output.epsilon,26,1.25,1287000000
output.epsilon,27,1.26,1287000000
output.epsilon,28,1.27,1286000000
output.epsilon,29,1.28,1286000000
output.epsilon,30,1.29,1285000000
output.epsilon,31,1.3,1285000000
output.epsilon,32,1.31,1284000000
output.epsilon,33,1.32,1284000000
output.epsilon,34,1.33,1283000000
output.epsilon,35,1.34,1283000000
output.epsilon,36,1.35,1282000000
output.epsilon,37,1.36,1282000000
output.epsilon,38,1.37,1281000000
output.epsilon,39,1.38,1281000000
output.epsilon,40,1.39,1280000000
output.epsilon,41,1.4,1280000000
output.epsilon,42,1.41,1279000000
output.epsilon,43,1.42,1279000000
output.epsilon,44,1.43,1278000000
output.epsilon,45,1.44,1278000000
output.epsilon,46,1.45,1277000000
output.epsilon,47,1.46,1277000000
output.epsilon,48,1.47,1276000000
output.epsilon,49,1.48,1276000000
output.epsilon,50,1.49,1275000000
output.epsilon,51,1.5,1275000000
output.epsilon,52,1.51,1274000000
output.epsilon,53,1.52,1274000000
output.epsilon,54,1.53,1273000000
output.epsilon,55,1.54,1273000000
output.epsilon,56,1.55,1272000000
output.epsilon,57,1.56,1272000000
output.epsilon,58,1.57,1271000000
output.epsilon,59,1.58,1271000000
output.epsilon,60,1.59,1270000000
output.epsilon,61,1.6,1270000000
output.epsilon,62,1.61,1269000000
output.epsilon,63,1.62,1269000000
output.epsilon,64,1.63,1268000000
output.epsilon,65,1.64,1268000000
output.epsilon,66,1.65,1267000000
output.epsilon,67,1.66,1267000000
output.epsilon,68,1.67,1266000000
output.epsilon,69,1.68,1266000000
output.epsilon,70,1.69,1265000000
output.epsilon,71,1.7,1265000000
output.epsilon,72,1.71,1264000000
output.epsilon,73,1.72,1264000000
output.epsilon,74,1.73,1263000000
output.epsilon,75,1.74,1263000000
output.epsilon,76,1.75,1262000000
output.epsilon,77,1.76,1262000000
output.epsilon,78,1.77,1261000000
output.epsilon,79,1.78,1261000000
output.epsilon,80,1.79,1260000000
output.epsilon,81,1.8,1260000000
output.epsilon,82,1.81,1259000000
output.epsilon,83,1.82,1259000000
output.epsilon,84,1.83,1258000000
output.epsilon,85,1.84,1258000000
output.epsilon,86,1.85,1257000000
output.epsilon,87,1.86,1257000000
output.epsilon,88,1.87,1256000000
output.epsilon,89,1.88,1256000000
output.epsilon,90,1.89,1255000000
output.epsilon,91,1.9,1255000000
output.epsilon,92,1.91,1254000000
output.epsilon,93,1.92,1254000000
output.epsilon,94,1.93,1253000000
output.epsilon,95,1.94,1253000000
output.epsilon,96,1.95,1252000000
output.epsilon,97,1.96,1252000000
output.epsilon,98,1.97,1251000000
output.epsilon,99,1.98,1251000000
output.epsilon,100,1.99,1250000000
output.epsilon,101,2,1250000000
output.epsilon,102,2.01,1249000000
output.epsilon,103,2.02,1249000000
output.epsilon,104,2.03,1248000000
output.epsilon,105,2.04,1248000000
output.epsilon,106,2.05,1247000000
output.epsilon,107,2.06,1247000000
output.epsilon,108,2.07,1246000000
output.epsilon,109,2.08,1246000000
output.epsilon,110,2.09,1245000000
output.epsilon,111,2.1,1245000000
output.epsilon,112,2.11,1244000000
output.epsilon,113,2.12,1244000000
output.epsilon,114,2.13,1243000000
output.epsilon,115,2.14,1243000000
output.epsilon,116,2.15,1242000000
output.epsilon,117,2.16,1242000000
output.epsilon,118,2.17,1241000000
output.epsilon,119,2.18,1241000000
output.epsilon,120,2.19,1240000000
output.epsilon,121,2.2,1240000000
output.epsilon,122,2.21,1239000000
output.epsilon,123,2.22,1239000000
output.epsilon,124,2.23,1238000000
output.epsilon,125,2.24,1238000000
output.epsilon,126,2.25,1237000000
output.epsilon,127,2.26,1237000000
output.epsilon,128,2.27,1236000000
output.epsilon,129,2.28,1236000000
output.epsilon,130,2.29,1235000000
output.epsilon,131,2.3,1235000000
output.epsilon,132,2.31,1234000000
output.epsilon,133,2.32,1234000000
output.epsilon,134,2.33,1233000000
output.epsilon,135,2.34,1233000000
output.epsilon,136,2.35,1232000000
output.epsilon,137,2.36,1232000000
output.epsilon,138,2.37,1231000000
output.epsilon,139,2.38,1231000000
output.epsilon,140,2.39,1230000000
output.epsilon,141,2.4,1230000000
output.epsilon,142,2.41,1229000000
output.epsilon,143,2.42,1229000000
output.epsilon,144,2.43,1228000000
output.epsilon,145,2.44,1228000000
output.epsilon,146,2.45,1227000000
output.epsilon,147,2.46,1227000000
output.epsilon,148,2.47,1226000000
output.epsilon,149,2.48,1226000000
output.epsilon,150,2.49,1225000000
output.epsilon,151,2.5,1225000000
output.epsilon,152,2.51,1224000000
output.epsilon,153,2.52,1224000000
output.epsilon,154,2.53,1223000000
output.epsilon,155,2.54,1223000000
output.epsilon,156,2.55,1222000000
output.epsilon,157,2.56,1222000000
output.epsilon,158,2.57,1221000000
output.epsilon,159,2.58,1221000000
output.epsilon,160,2.59,1220000000
output.epsilon,161,2.6,1220000000
output.epsilon,162,2.61,1219000000
output.epsilon,163,2.62,1219000000
output.epsilon,164,2.63,1218000000
output.epsilon,165,2.64,1218000000
output.epsilon,166,2.65,1217000000
output.epsilon,167,2.66,1217000000
output.epsilon,168,2.67,1216000000
output.epsilon,169,2.68,1216000000
output.epsilon,170,2.69,1215000000
output.epsilon,171,2.7,1215000000
output.epsilon,172,2.71,1214000000
output.epsilon,173,2.72,1214000000
output.epsilon,174,2.73,1213000000
output.epsilon,175,2.74,1213000000
output.epsilon,176,2.75,1212000000
output.epsilon,177,2.76,1212000000
output.epsilon,178,2.77,1211000000
output.epsilon,179,2.78,1211000000
output.epsilon,180,2.79,1210000000
output.epsilon,181,2.8,1210000000
output.epsilon,182,2.81,1209000000
output.epsilon,183,2.82,1209000000
output.epsilon,184,2.83,1208000000
output.epsilon,185,2.84,1208000000
output.epsilon,186,2.85,1207000000
output.epsilon,187,2.86,1207000000
output.epsilon,188,2.87,1206000000
output.epsilon,189,2.88,1206000000
output.epsilon,190,2.89,1205000000
output.epsilon,191,2.9,1205000000
output.epsilon,192,2.91,1204000000
output.epsilon,193,2.92,1204000000
output.epsilon,194,2.93,1203000000
output.epsilon,195,2.94,1203000000
output.epsilon,196,2.95,1202000000
output.epsilon,197,2.96,1202000000
output.epsilon,198,2.97,1201000000
output.epsilon,199,2.98,1201000000
output.epsilon,200,2.99,1200000000
output.epsilon,201,3,998000000
output.epsilon,202,3.01,996000000
output.epsilon,203,3.02,994000000
output.epsilon,204,3.03,992000000
output.epsilon,205,3.04,990000000
output.epsilon,206,3.05,988000000
output.epsilon,207,3.06,986000000
output.epsilon,208,3.07,984000000
output.epsilon,209,3.08,982000000
output.epsilon,210,3.09,980000000
output.epsilon,211,3.1,978000000
output.epsilon,212,3.11,976000000
output.epsilon,213,3.12,974000000
output.epsilon,214,3.13,972000000
output.epsilon,215,3.14,970000000
output.epsilon,216,3.15,968000000
output.epsilon,217,3.16,966000000
output.epsilon,218,3.17,964000000
output.epsilon,219,3.18,962000000
output.epsilon,220,3.19,960000000
output.epsilon,221,3.2,958000000
output.epsilon,222,3.21,956000000
output.epsilon,223,3.22,954000000
output.epsilon,224,3.23,952000000
output.epsilon,225,3.24,950000000
output.epsilon,226,3.25,948000000
output.epsilon,227,3.26,946000000
output.epsilon,228,3.27,944000000
output.epsilon,229,3.28,942000000
output.epsilon,230,3.29,940000000
output.epsilon,231,3.3,938000000
output.epsilon,232,3.31,936000000
output.epsilon,233,3.32,934000000
output.epsilon,234,3.33,932000000
output.epsilon,235,3.34,930000000
output.epsilon,236,3.35,928000000
output.epsilon,237,3.36,926000000
output.epsilon,238,3.37,924000000
output.epsilon,239,3.38,922000000
output.epsilon,240,3.39,920000000
output.epsilon,241,3.4,918000000
output.epsilon,242,3.41,916000000
output.epsilon,243,3.42,914000000
output.epsilon,244,3.43,912000000
output.epsilon,245,3.44,910000000
output.epsilon,246,3.45,908000000
output.epsilon,247,3.46,906000000
output.epsilon,248,3.47,904000000
output.epsilon,249,3.48,902000000
output.epsilon,250,3.49,900000000
output.epsilon,251,3.5,896000000
output.epsilon,252,3.51,892000000
output.epsilon,253,3.52,888000000
output.epsilon,254,3.53,884000000
output.epsilon,255,3.54,880000000
output.epsilon,256,3.55,876000000
output.epsilon,257,3.56,872000000
output.epsilon,258,3.57,868000000
output.epsilon,259,3.58,864000000
output.epsilon,260,3.59,860000000
output.epsilon,261,3.6,856000000
output.epsilon,262,3.61,852000000
output.epsilon,263,3.62,848000000
output.epsilon,264,3.63,844000000
output.epsilon,265,3.64,840000000
output.epsilon,266,3.65,836000000
output.epsilon,267,3.66,832000000
output.epsilon,268,3.67,828000000
output.epsilon,269,3.68,824000000
output.epsilon,270,3.69,820000000
output.epsilon,271,3.7,816000000
output.epsilon,272,3.71,812000000
output.epsilon,273,3.72,808000000
output.epsilon,274,3.73,804000000
output.epsilon,275,3.74,800000000
output.epsilon,276,3.75,798000000
output.epsilon,277,3.76,796000000
output.epsilon,278,3.77,794000000
output.epsilon,279,3.78,792000000
output.epsilon,280,3.79,790000000
output.epsilon,281,3.8,788000000
output.epsilon,282,3.81,786000000
output.epsilon,283,3.82,784000000
output.epsilon,284,3.83,782000000
output.epsilon,285,3.84,780000000
output.epsilon,286,3.85,778000000
output.epsilon,287,3.86,776000000
output.epsilon,288,3.87,774000000
output.epsilon,289,3.88,772000000
output.epsilon,290,3.89,770000000
output.epsilon,291,3.9,768000000
output.epsilon,292,3.91,766000000
output.epsilon,293,3.92,764000000
output.epsilon,294,3.93,762000000
output.epsilon,295,3.94,760000000
output.epsilon,296,3.95,758000000
output.epsilon,297,3.96,756000000
output.epsilon,298,3.97,754000000
output.epsilon,299,3.98,752000000
output.epsilon,300,3.99,750000000
output.epsilon,301,4,748000000
output.epsilon,302,4.01,746000000
output.epsilon,303,4.02,744000000
output.epsilon,304,4.03,742000000
output.epsilon,305,4.04,740000000
output.epsilon,306,4.05,738000000
output.epsilon,307,4.06,736000000
output.epsilon,308,4.07,734000000
output.epsilon,309,4.08,732000000
output.epsilon,310,4.09,730000000
output.epsilon,311,4.1,728000000
output.epsilon,312,4.11,726000000
output.epsilon,313,4.12,724000000
output.epsilon,314,4.13,722000000
output.epsilon,315,4.14,720000000
output.epsilon,316,4.15,718000000
output.epsilon,317,4.16,716000000
output.epsilon,318,4.17,714000000
output.epsilon,319,4.18,712000000
output.epsilon,320,4.19,710000000
output.epsilon,321,4.2,708000000
output.epsilon,322,4.21,706000000
output.epsilon,323,4.22,704000000
output.epsilon,324,4.23,702000000
output.epsilon,325,4.24,700000000
output.epsilon,326,4.25,696000000
output.epsilon,327,4.26,692000000
output.epsilon,328,4.27,688000000
output.epsilon,329,4.28,684000000
output.epsilon,330,4.29,680000000
output.epsilon,331,4.3,676000000
output.epsilon,332,4.31,672000000
output.epsilon,333,4.32,668000000
output.epsilon,334,4.33,664000000
output.epsilon,335,4.34,660000000
output.epsilon,336,4.35,656000000
output.epsilon,337,4.36,652000000
output.epsilon,338,4.37,648000000
output.epsilon,339,4.38,644000000
output.epsilon,340,4.39,640000000
output.epsilon,341,4.4,636000000
output.epsilon,342,4.41,632000000
output.epsilon,343,4.42,628000000
output.epsilon,344,4.43,624000000
output.epsilon,345,4.44,620000000
output.epsilon,346,4.45,616000000
output.epsilon,347,4.46,612000000
output.epsilon,348,4.47,608000000
output.epsilon,349,4.48,604000000
output.epsilon,350,4.49,600000000
output.epsilon,351,4.5,596000000
output.epsilon,352,4.51,592000000
output.epsilon,353,4.52,588000000
output.epsilon,354,4.53,584000000
output.epsilon,355,4.54,580000000
output.epsilon,356,4.55,576000000
output.epsilon,357,4.56,572000000
output.epsilon,358,4.57,568000000
output.epsilon,359,4.58,564000000
output.epsilon,360,4.59,560000000
output.epsilon,361,4.6,556000000
output.epsilon,362,4.61,552000000
output.epsilon,363,4.62,548000000
output.epsilon,364,4.63,544000000
output.epsilon,365,4.64,540000000
output.epsilon,366,4.65,536000000
output.epsilon,367,4.66,532000000
output.epsilon,368,4.67,528000000
output.epsilon,369,4.68,524000000
output.epsilon,370,4.69,520000000
output.epsilon,371,4.7,516000000
output.epsilon,372,4.71,512000000
output.epsilon,373,4.72,508000000
output.epsilon,374,4.73,504000000
output.epsilon,375,4.74,500000000
output.epsilon,376,4.75,499800000
output.epsilon,377,4.76,499700000
output.epsilon,378,4.77,499500000
output.epsilon,379,4.78,499300000
output.epsilon,380,4.79,499100000
output.epsilon,381,4.8,499000000
output.epsilon,382,4.81,498800000
output.epsilon,383,4.82,498600000
output.epsilon,384,4.83,498400000
output.epsilon,385,4.84,498300000
output.epsilon,386,4.85,498100000
output.epsilon,387,4.86,497900000
output.epsilon,388,4.87,497700000
output.epsilon,389,4.88,497600000
output.epsilon,390,4.89,497400000
output.epsilon,391,4.9,497200000
output.epsilon,392,4.91,497000000
output.epsilon,393,4.92,496900000
output.epsilon,394,4.93,496700000
output.epsilon,395,4.94,496500000
output.epsilon,396,4.95,496300000
output.epsilon,397,4.96,496200000
output.epsilon,398,4.97,496000000
output.epsilon,399,4.98,495800000
output.epsilon,400,4.99,495700000
output.epsilon,401,5,495500000
output.epsilon,402,5.01,495300000
output.epsilon,403,5.02,495100000
output.epsilon,404,5.03,495000000
output.epsilon,405,5.04,494800000
output.epsilon,406,5.05,494600000
output.epsilon,407,5.06,494400000
output.epsilon,408,5.07,494300000
output.epsilon,409,5.08,494100000
output.epsilon,410,5.09,493900000
output.epsilon,411,5.1,493700000
output.epsilon,412,5.11,493600000
output.epsilon,413,5.12,493400000
output.epsilon,414,5.13,493200000
output.epsilon,415,5.14,493000000
output.epsilon,416,5.15,492900000
output.epsilon,417,5.16,492700000
output.epsilon,418,5.17,492500000
output.epsilon,419,5.18,492300000
output.epsilon,420,5.19,492200000
output.epsilon,421,5.2,492000000
output.epsilon,422,5.21,491800000
output.epsilon,423,5.22,491700000
output.epsilon,424,5.23,491500000
output.epsilon,425,5.24,491300000
output.epsilon,426,5.25,491100000
output.epsilon,427,5.26,491000000
output.epsilon,428,5.27,490800000
output.epsilon,429,5.28,490600000
output.epsilon,430,5.29,490400000
output.epsilon,431,5.3,490300000
output.epsilon,432,5.31,490100000
output.epsilon,433,5.32,489900000
output.epsilon,434,5.33,489700000
output.epsilon,435,5.34,489600000
output.epsilon,436,5.35,489400000
output.epsilon,437,5.36,489200000
output.epsilon,438,5.37,489000000
output.epsilon,439,5.38,488900000
output.epsilon,440,5.39,488700000
output.epsilon,441,5.4,488500000
output.epsilon,442,5.41,488300000
output.epsilon,443,5.42,488200000
output.epsilon,444,5.43,488000000
output.epsilon,445,5.44,487800000
output.epsilon,446,5.45,487700000
output.epsilon,447,5.46,487500000
output.epsilon,448,5.47,487300000
output.epsilon,449,5.48,487100000
output.epsilon,450,5.49,487000000
output.epsilon,451,5.5,486800000
output.epsilon,452,5.51,486600000
output.epsilon,453,5.52,486400000
output.epsilon,454,5.53,486300000
output.epsilon,455,5.54,486100000
output.epsilon,456,5.55,485900000
output.epsilon,457,5.56,485700000
output.epsilon,458,5.57,485600000
output.epsilon,459,5.58,485400000
output.epsilon,460,5.59,485200000
output.epsilon,461,5.6,485000000
output.epsilon,462,5.61,484900000
output.epsilon,463,5.62,484700000
output.epsilon,464,5.63,484500000
output.epsilon,465,5.64,484300000
output.epsilon,466,5.65,484200000
output.epsilon,467,5.66,484000000
output.epsilon,468,5.67,483800000
output.epsilon,469,5.68,483700000
output.epsilon,470,5.69,483500000
output.epsilon,471,5.7,483300000
output.epsilon,472,5.71,483100000
output.epsilon,473,5.72,483000000
output.epsilon,474,5.73,482800000
output.epsilon,475,5.74,482600000
output.epsilon,476,5.75,482400000
output.epsilon,477,5.76,482300000
output.epsilon,478,5.77,482100000
output.epsilon,479,5.78,481900000
output.epsilon,480,5.79,481700000
output.epsilon,481,5.8,481600000
output.epsilon,482,5.81,481400000
output.epsilon,483,5.82,481200000
output.epsilon,484,5.83,481000000
output.epsilon,485,5.84,480900000
output.epsilon,486,5.85,480700000
output.epsilon,487,5.86,480500000
output.epsilon,488,5.87,480300000
output.epsilon,489,5.88,480200000
output.epsilon,490,5.89,480000000
output.epsilon,491,5.9,479800000
output.epsilon,492,5.91,479700000
output.epsilon,493,5.92,479500000
output.epsilon,494,5.93,479300000
output.epsilon,495,5.94,479100000
output.epsilon,496,5.95,479000000
output.epsilon,497,5.96,478800000
output.epsilon,498,5.97,478600000
output.epsilon,499,5.98,478400000
output.epsilon,500,5.99,478300000
output.epsilon,501,6,478100000
output.epsilon,502,6.01,477900000
output.epsilon,503,6.02,477700000
output.epsilon,504,6.03,477600000
output.epsilon,505,6.04,477400000
output.epsilon,506,6.05,477200000
output.epsilon,507,6.06,477000000
output.epsilon,508,6.07,476900000
output.epsilon,509,6.08,476700000
output.epsilon,510,6.09,476500000
output.epsilon,511,6.1,476300000
output.epsilon,512,6.11,476200000
output.epsilon,513,6.12,476000000
output.epsilon,514,6.13,475800000
output.epsilon,515,6.14,475700000
output.epsilon,516,6.15,475500000
output.epsilon,517,6.16,475300000
output.epsilon,518,6.17,475100000
output.epsilon,519,6.18,475000000
output.epsilon,520,6.19,474800000
output.epsilon,521,6.2,474600000
output.epsilon,522,6.21,474400000
output.epsilon,523,6.22,474300000
output.epsilon,524,6.23,474100000
output.epsilon,525,6.24,473900000
output.epsilon,526,6.25,473700000
output.epsilon,527,6.26,473600000
output.epsilon,528,6.27,473400000
output.epsilon,529,6.28,473200000
output.epsilon,530,6.29,473000000
output.epsilon,531,6.3,472900000
output.epsilon,532,6.31,472700000
output.epsilon,533,6.32,472500000
output.epsilon,534,6.33,472300000
output.epsilon,535,6.34,472200000
output.epsilon,536,6.35,472000000
output.epsilon,537,6.36,471800000
output.epsilon,538,6.37,471700000
output.epsilon,539,6.38,471500000
output.epsilon,540,6.39,471300000
output.epsilon,541,6.4,471100000
output.epsilon,542,6.41,471000000
output.epsilon,543,6.42,470800000
output.epsilon,544,6.43,470600000
output.epsilon,545,6.44,470400000
output.epsilon,546,6.45,470300000
output.epsilon,547,6.46,470100000
output.epsilon,548,6.47,469900000
output.epsilon,549,6.48,469700000
output.epsilon,550,6.49,469600000
output.epsilon,551,6.5,469400000
output.epsilon,552,6.51,469200000
output.epsilon,553,6.52,469000000
output.epsilon,554,6.53,468900000
output.epsilon,555,6.54,468700000
output.epsilon,556,6.55,468500000
output.epsilon,557,6.56,468300000
output.epsilon,558,6.57,468200000
output.epsilon,559,6.58,468000000
output.epsilon,560,6.59,467800000
output.epsilon,561,6.6,467700000
output.epsilon,562,6.61,467500000
output.epsilon,563,6.62,467300000
output.epsilon,564,6.63,467100000
output.epsilon,565,6.64,467000000
output.epsilon,566,6.65,466800000
output.epsilon,567,6.66,466600000
output.epsilon,568,6.67,466400000
output.epsilon,569,6.68,466300000
output.epsilon,570,6.69,466100000
output.epsilon,571,6.7,465900000
output.epsilon,572,6.71,465700000
output.epsilon,573,6.72,465600000
output.epsilon,574,6.73,465400000
output.epsilon,575,6.74,465200000
output.epsilon,576,6.75,465000000
output.epsilon,577,6.76,464900000
output.epsilon,578,6.77,464700000
output.epsilon,579,6.78,464500000
output.epsilon,580,6.79,464300000
output.epsilon,581,6.8,464200000
output.epsilon,582,6.81,464000000
output.epsilon,583,6.82,463800000
output.epsilon,584,6.83,463700000
output.epsilon,585,6.84,463500000
output.epsilon,586,6.85,463300000
output.epsilon,587,6.86,463100000
output.epsilon,588,6.87,463000000
output.epsilon,589,6.88,462800000
output.epsilon,590,6.89,462600000
output.epsilon,591,6.9,462400000
output.epsilon,592,6.91,462300000
output.epsilon,593,6.92,462100000
output.epsilon,594,6.93,461900000
output.epsilon,595,6.94,461700000
output.epsilon,596,6.95,461600000
output.epsilon,597,6.96,461400000
output.epsilon,598,6.97,461200000
output.epsilon,599,6.98,461000000
output.epsilon,600,6.99,460900000
output.epsilon,601,7,460700000
output.epsilon,602,7.01,460500000
output.epsilon,603,7.02,460300000
output.epsilon,604,7.03,460200000
output.epsilon,605,7.04,460000000
output.epsilon,606,7.05,459800000
output.epsilon,607,7.06,459700000
output.epsilon,608,7.07,459500000
output.epsilon,609,7.08,459300000
output.epsilon,610,7.09,459100000
output.epsilon,611,7.1,459000000
output.epsilon,612,7.11,458800000
output.epsilon,613,7.12,458600000
output.epsilon,614,7.13,458400000
output.epsilon,615,7.14,458300000
output.epsilon,616,7.15,458100000
output.epsilon,617,7.16,457900000
output.epsilon,618,7.17,457700000
output.epsilon,619,7.18,457600000
output.epsilon,620,7.19,457400000
output.epsilon,621,7.2,457200000
output.epsilon,622,7.21,457000000
output.epsilon,623,7.22,456900000
output.epsilon,624,7.23,456700000
output.epsilon,625,7.24,456500000
output.epsilon,626,7.25,456300000
output.epsilon,627,7.26,456200000
output.epsilon,628,7.27,456000000
output.epsilon,629,7.28,455800000
output.epsilon,630,7.29,455700000
output.epsilon,631,7.3,455500000
output.epsilon,632,7.31,455300000
output.epsilon,633,7.32,455100000
output.epsilon,634,7.33,455000000
output.epsilon,635,7.34,454800000
output.epsilon,636,7.35,454600000
output.epsilon,637,7.36,454400000
output.epsilon,638,7.37,454300000
output.epsilon,639,7.38,454100000
output.epsilon,640,7.39,453900000
output.epsilon,641,7.4,453700000
output.epsilon,642,7.41,453600000
output.epsilon,643,7.42,453400000
output.epsilon,644,7.43,453200000
output.epsilon,645,7.44,453000000
output.epsilon,646,7.45,452900000
output.epsilon,647,7.46,452700000
output.epsilon,648,7.47,452500000
output.epsilon,649,7.48,452300000
output.epsilon,650,7.49,452200000
output.epsilon,651,7.5,452000000
output.epsilon,652,7.51,451800000
output.epsilon,653,7.52,451700000
output.epsilon,654,7.53,451500000
output.epsilon,655,7.54,451300000
output.epsilon,656,7.55,451100000
output.epsilon,657,7.56,451000000
output.epsilon,658,7.57,450800000
output.epsilon,659,7.58,450600000
output.epsilon,660,7.59,450400000
output.epsilon,661,7.6,450300000
output.epsilon,662,7.61,450100000
output.epsilon,663,7.62,449900000
output.epsilon,664,7.63,449700000
output.epsilon,665,7.64,449600000
output.epsilon,666,7.65,449400000
output.epsilon,667,7.66,449200000
output.epsilon,668,7.67,449000000
output.epsilon,669,7.68,448900000
output.epsilon,670,7.69,448700000
output.epsilon,671,7.7,448500000
output.epsilon,672,7.71,448300000
output.epsilon,673,7.72,448200000
output.epsilon,674,7.73,448000000
output.epsilon,675,7.74,447800000
output.epsilon,676,7.75,447700000
output.epsilon,677,7.76,447500000
output.epsilon,678,7.77,447300000
output.epsilon,679,7.78,447100000
output.epsilon,680,7.79,447000000
output.epsilon,681,7.8,446800000
output.epsilon,682,7.81,446600000
output.epsilon,683,7.82,446400000
output.epsilon,684,7.83,446300000
output.epsilon,685,7.84,446100000
output.epsilon,686,7.85,445900000
output.epsilon,687,7.86,445700000
output.epsilon,688,7.87,445600000
output.epsilon,689,7.88,445400000
output.epsilon,690,7.89,445200000
output.epsilon,691,7.9,445000000
output.epsilon,692,7.91,444900000
output.epsilon,693,7.92,444700000
output.epsilon,694,7.93,444500000
output.epsilon,695,7.94,444300000
output.epsilon,696,7.95,444200000
output.epsilon,697,7.96,444000000
output.epsilon,698,7.97,443800000
output.epsilon,699,7.98,443700000
output.epsilon,700,7.99,443500000
output.epsilon,701,8,443300000
output.epsilon,702,8.01,443100000
output.epsilon,703,8.02,443000000
output.epsilon,704,8.03,442800000
output.epsilon,705,8.04,442600000
output.epsilon,706,8.05,442400000
output.epsilon,707,8.06,442300000
output.epsilon,708,8.07,442100000
output.epsilon,709,8.08,441900000
output.epsilon,710,8.09,441700000
output.epsilon,711,8.1,441600000
output.epsilon,712,8.11,441400000
output.epsilon,713,8.12,441200000
output.epsilon,714,8.13,441000000
output.epsilon,715,8.14,440900000
output.epsilon,716,8.15,440700000
output.epsilon,717,8.16,440500000
output.epsilon,718,8.17,440300000
output.epsilon,719,8.18,440200000
output.epsilon,720,8.19,440000000
output.epsilon,721,8.2,439800000
output.epsilon,722,8.21,439700000
output.epsilon,723,8.22,439500000
output.epsilon,724,8.23,439300000
output.epsilon,725,8.24,439100000
output.epsilon,726,8.25,439000000
output.epsilon,727,8.26,438800000
output.epsilon,728,8.27,438600000
output.epsilon,729,8.28,438400000
output.epsilon,730,8.29,438300000
output.epsilon,731,8.3,438100000
output.epsilon,732,8.31,437900000
output.epsilon,733,8.32,437700000
output.epsilon,734,8.33,437600000
output.epsilon,735,8.34,437400000
output.epsilon,736,8.35,437200000
output.epsilon,737,8.36,437000000
output.epsilon,738,8.37,436900000
output.epsilon,739,8.38,436700000
output.epsilon,740,8.39,436500000
output.epsilon,741,8.4,436300000
output.epsilon,742,8.41,436200000
output.epsilon,743,8.42,436000000
output.epsilon,744,8.43,435800000
output.epsilon,745,8.44,435700000
output.epsilon,746,8.45,435500000
output.epsilon,747,8.46,435300000
output.epsilon,748,8.47,435100000
output.epsilon,749,8.48,435000000
output.epsilon,750,8.49,434800000
output.epsilon,751,8.5,434600000
output.epsilon,752,8.51,434400000
output.epsilon,753,8.52,434300000
output.epsilon,754,8.53,434100000
output.epsilon,755,8.54,433900000
output.epsilon,756,8.55,433700000
output.epsilon,757,8.56,433600000
output.epsilon,758,8.57,433400000
output.epsilon,759,8.58,433200000
output.epsilon,760,8.59,433000000
output.epsilon,761,8.6,432900000
output.epsilon,762,8.61,432700000
output.epsilon,763,8.62,432500000
output.epsilon,764,8.63,432300000
output.epsilon,765,8.64,432200000
output.epsilon,766,8.65,432000000
output.epsilon,767,8.66,431800000
output.epsilon,768,8.67,431700000
output.epsilon,769,8.68,431500000
output.epsilon,770,8.69,431300000
output.epsilon,771,8.7,431100000
output.epsilon,772,8.71,431000000
output.epsilon,773,8.72,430800000
output.epsilon,774,8.73,430600000
output.epsilon,775,8.74,430400000
output.epsilon,776,8.75,430300000
output.epsilon,777,8.76,430100000
output.epsilon,778,8.77,429900000
output.epsilon,779,8.78,429700000
output.epsilon,780,8.79,429600000
output.epsilon,781,8.8,429400000
output.epsilon,782,8.81,429200000
output.epsilon,783,8.82,429000000
output.epsilon,784,8.83,428900000
output.epsilon,785,8.84,428700000
output.epsilon,786,8.85,428500000
output.epsilon,787,8.86,428300000
output.epsilon,788,8.87,428200000
output.epsilon,789,8.88,428000000
output.epsilon,790,8.89,427800000
output.epsilon,791,8.9,427700000
output.epsilon,792,8.91,427500000
output.epsilon,793,8.92,427300000
output.epsilon,794,8.93,427100000
output.epsilon,795,8.94,427000000
output.epsilon,796,8.95,426800000
output.epsilon,797,8.96,426600000
output.epsilon,798,8.97,426400000
output.epsilon,799,8.98,426300000
output.epsilon,800,8.99,426100000
output.epsilon,801,9,425900000
output.epsilon,802,9.01,425700000
output.epsilon,803,9.02,425600000
output.epsilon,804,9.03,425400000
output.epsilon,805,9.04,425200000
output.epsilon,806,9.05,425000000,425000000
output.epsilon,807,9.06,424900000,425000000
output.epsilon,808,9.07,424700000,425000000
output.epsilon,809,9.08,424500000,425000000
output.epsilon,810,9.09,424300000,425000000
output.epsilon,811,9.1,424200000,425000000
output.epsilon,812,9.11,424000000,425000000
output.epsilon,813,9.12,423800000,425000000
output.epsilon,814,9.13,423700000,425000000
output.epsilon,815,9.14,423500000,425000000
output.epsilon,816,9.15,423300000,425000000
output.epsilon,817,9.16,423100000,425000000
output.epsilon,818,9.17,423000000,425000000
output.epsilon,819,9.18,422800000,425000000
output.epsilon,820,9.19,422600000,425000000
output.epsilon,821,9.2,422400000,425000000
output.epsilon,822,9.21,422300000,425000000
output.epsilon,823,9.22,422100000,425000000
output.epsilon,824,9.23,421900000,425000000
output.epsilon,825,9.24,421700000,425000000
output.epsilon,826,9.25,421600000,425000000
output.epsilon,827,9.26,421400000,425000000
output.epsilon,828,9.27,421200000,425000000
output.epsilon,829,9.28,421000000,425000000
output.epsilon,830,9.29,420900000,425000000
output.epsilon,831,9.3,420700000,425000000
output.epsilon,832,9.31,420500000,425000000
output.epsilon,833,9.32,420300000,425000000
output.epsilon,834,9.33,420200000,425000000
output.epsilon,835,9.34,420000000,425000000
output.epsilon,836,9.35,419800000,425000000
output.epsilon,837,9.36,419700000,425000000
output.epsilon,838,9.37,419500000,425000000
output.epsilon,839,9.38,419300000,425000000
output.epsilon,840,9.39,419100000,425000000
output.epsilon,841,9.4,419000000,425000000
output.epsilon,842,9.41,418800000,425000000
output.epsilon,843,9.42,418600000,425000000
output.epsilon,844,9.43,418400000,425000000
output.epsilon,845,9.44,418300000,425000000
output.epsilon,846,9.45,418100000,425000000
output.epsilon,847,9.46,417900000,425000000
output.epsilon,848,9.47,417700000,425000000
output.epsilon,849,9.48,417600000,425000000
output.epsilon,850,9.49,417400000,425000000
output.epsilon,851,9.5,417200000,425000000
output.epsilon,852,9.51,417000000,425000000
output.epsilon,853,9.52,416900000,425000000
output.epsilon,854,9.53,416700000,425000000
output.epsilon,855,9.54,416500000,425000000
output.epsilon,856,9.55,416300000,425000000
output.epsilon,857,9.56,416200000,425000000
output.epsilon,858,9.57,416000000,425000000
output.epsilon,859,9.58,415800000,425000000
output.epsilon,860,9.59,415700000,425000000
output.epsilon,861,9.6,415500000,425000000
output.epsilon,862,9.61,415300000,425000000
output.epsilon,863,9.62,415100000,425000000
output.epsilon,864,9.63,415000000,425000000
output.epsilon,865,9.64,414800000,425000000
output.epsilon,866,9.65,414600000,425000000
output.epsilon,867,9.66,414400000,425000000
output.epsilon,868,9.67,414300000,425000000
output.epsilon,869,9.68,414100000,425000000
output.epsilon,870,9.69,413900000,425000000
output.epsilon,871,9.7,413700000,425000000
output.epsilon,872,9.71,413600000,425000000
output.epsilon,873,9.72,413400000,425000000
output.epsilon,874,9.73,413200000,425000000
output.epsilon,875,9.74,413000000,425000000
output.epsilon,876,9.75,412900000,425000000
output.epsilon,877,9.76,412700000,425000000
output.epsilon,878,9.77,412500000,425000000
output.epsilon,879,9.78,412300000,425000000
output.epsilon,880,9.79,412200000,425000000
output.epsilon,881,9.8,412000000,425000000
output.epsilon,882,9.81,411800000,425000000
output.epsilon,883,9.82,411700000,425000000
output.epsilon,884,9.83,411500000,425000000
output.epsilon,885,9.84,411300000,425000000
output.epsilon,886,9.85,411100000,425000000
output.epsilon,887,9.86,411000000,425000000
output.epsilon,888,9.87,410800000,425000000
output.epsilon,889,9.88,410600000,425000000
output.epsilon,890,9.89,410400000,425000000
output.epsilon,891,9.9,410300000,425000000
output.epsilon,892,9.91,410100000,425000000
output.epsilon,893,9.92,409900000,425000000
output.epsilon,894,9.93,409700000,425000000
output.epsilon,895,9.94,409600000,425000000
output.epsilon,896,9.95,409400000,425000000
output.epsilon,897,9.96,409200000,425000000
output.epsilon,898,9.97,409000000,425000000
output.epsilon,899,9.98,408900000,425000000
output.epsilon,900,9.99,408700000,425000000
output.epsilon,901,10,408500000,425000000
output.epsilon,902,10.01,408300000,425000000
output.epsilon,903,10.02,408200000,425000000
output.epsilon,904,10.03,408000000,425000000
output.epsilon,905,10.04,407800000,425000000
output.epsilon,906,10.05,407700000,425000000
output.epsilon,907,10.06,407500000,425000000
output.epsilon,908,10.07,407300000,425000000
output.epsilon,909,10.08,407100000,425000000
output.epsilon,910,10.09,407000000,425000000
output.epsilon,911,10.1,406800000,425000000
output.epsilon,912,10.11,406600000,425000000
output.epsilon,913,10.12,406400000,425000000
output.epsilon,914,10.13,406300000,425000000
output.epsilon,915,10.14,406100000,425000000
output.epsilon,916,10.15,405900000,425000000
output.epsilon,917,10.16,405700000,425000000
output.epsilon,918,10.17,405600000,425000000
output.epsilon,919,10.18,405400000,425000000
output.epsilon,920,10.19,405200000,425000000
output.epsilon,921,10.2,405000000,425000000
output.epsilon,922,10.21,404900000,425000000
output.epsilon,923,10.22,404700000,425000000
output.epsilon,924,10.23,404500000,425000000
output.epsilon,925,10.24,404300000,425000000
output.epsilon,926,10.25,404200000,425000000
output.epsilon,927,10.26,404000000,425000000
output.epsilon,928,10.27,403800000,425000000
output.epsilon,929,10.28,403700000,425000000
output.epsilon,930,10.29,403500000,425000000
output.epsilon,931,10.3,403300000,425000000
output.epsilon,932,10.31,403100000,425000000
output.epsilon,933,10.32,403000000,425000000
output.epsilon,934,10.33,402800000,425000000
output.epsilon,935,10.34,402600000,425000000
output.epsilon,936,10.35,402400000,425000000
output.epsilon,937,10.36,402300000,425000000
output.epsilon,938,10.37,402100000,425000000
output.epsilon,939,10.38,401900000,425000000
output.epsilon,940,10.39,401700000,425000000
output.epsilon,941,10.4,401600000,425000000
output.epsilon,942,10.41,401400000,425000000
output.epsilon,943,10.42,401200000,425000000
output.epsilon,944,10.43,401000000,425000000
output.epsilon,945,10.44,400900000,425000000
output.epsilon,946,10.45,400700000,425000000
output.epsilon,947,10.46,400500000,425000000
output.epsilon,948,10.47,400300000,425000000
output.epsilon,949,10.48,400200000,425000000
output.epsilon,950,10.49,400000000,425000000
output.epsilon,951,10.5,398900000,425000000
output.epsilon,952,10.51,397800000,425000000
output.epsilon,953,10.52,396700000,425000000
output.epsilon,954,10.53,395600000,425000000
output.epsilon,955,10.54,394400000,425000000
output.epsilon,956,10.55,393300000,425000000
output.epsilon,957,10.56,392200000,425000000
output.epsilon,958,10.57,391100000,425000000
output.epsilon,959,10.58,390000000,425000000
output.epsilon,960,10.59,388900000,425000000
output.epsilon,961,10.6,387800000,425000000
output.epsilon,962,10.61,386700000,425000000
output.epsilon,963,10.62,385600000,425000000
output.epsilon,964,10.63,384400000,425000000
output.epsilon,965,10.64,383300000,425000000
output.epsilon,966,10.65,382200000,425000000
output.epsilon,967,10.66,381100000,425000000
output.epsilon,968,10.67,380000000,425000000
output.epsilon,969,10.68,378900000,425000000
output.epsilon,970,10.69,377800000,425000000
output.epsilon,971,10.7,376700000,425000000
output.epsilon,972,10.71,375600000,425000000
output.epsilon,973,10.72,374400000,425000000
output.epsilon,974,10.73,373300000,425000000
output.epsilon,975,10.74,372200000,425000000
output.epsilon,976,10.75,371100000,425000000
output.epsilon,977,10.76,370000000,425000000
output.epsilon,978,10.77,368900000,425000000
output.epsilon,979,10.78,367800000,425000000
output.epsilon,980,10.79,366700000,425000000
output.epsilon,981,10.8,365600000,425000000
output.epsilon,982,10.81,364400000,425000000
output.epsilon,983,10.82,363300000,425000000
output.epsilon,984,10.83,362200000,425000000
output.epsilon,985,10.84,361100000,425000000
output.epsilon,986,10.85,360000000,425000000
output.epsilon,987,10.86,358900000,425000000
output.epsilon,988,10.87,357800000,425000000
output.epsilon,989,10.88,356700000,425000000
output.epsilon,990,10.89,355600000,425000000
output.epsilon,991,10.9,354400000,425000000
output.epsilon,992,10.91,353300000,425000000
output.epsilon,993,10.92,352200000,425000000
output.epsilon,994,10.93,351100000,425000000
output.epsilon,995,10.94,350000000,425000000
output.epsilon,996,10.95,348900000,425000000
output.epsilon,997,10.96,347800000,425000000
output.epsilon,998,10.97,346700000,425000000
output.epsilon,999,10.98,345600000,425000000
output.epsilon,1000,10.99,344400000,425000000
output.epsilon,1001,11,343300000
output.epsilon,1002,14,342200000
output.epsilon,1003,17,341100000
output.epsilon,1004,20,340000000
output.epsilon,1005,23,338900000
output.epsilon,1006,26,337800000
output.epsilon,1007,29,336700000
output.epsilon,1008,32,335600000
output.epsilon,1009,35,334400000
output.epsilon,1010,38,333300000
output.epsilon,1011,41,332200000
output.epsilon,1012,44,331100000
output.epsilon,1013,47,330000000
output.epsilon,1014,50,328900000
output.epsilon,1015,53,327800000
output.epsilon,1016,56,326700000
output.epsilon,1017,59,325600000
output.epsilon,1018,62,324400000
output.epsilon,1019,65,323300000
output.epsilon,1020,68,322200000
output.epsilon,1021,71,321100000
output.epsilon,1022,74,320000000
output.epsilon,1023,77,318900000
output.epsilon,1024,80,317800000
output.epsilon,1025,83,316700000
output.epsilon,1026,86,315600000
output.epsilon,1027,89,314400000
output.epsilon,1028,92,313300000
output.epsilon,1029,95,312200000
output.epsilon,1030,98,311100000
output.epsilon,1031,101,310000000
output.epsilon,1032,104,308900000
output.epsilon,1033,107,307800000
output.epsilon,1034,110,306700000
output.epsilon,1035,113,305600000
output.epsilon,1036,116,304400000
output.epsilon,1037,119,303300000
output.epsilon,1038,122,302200000
output.epsilon,1039,125,301100000
output.epsilon,1040,128,300000000
output.epsilon,1041,131,290000000
output.epsilon,1042,134,280000000
output.epsilon,1043,137,270000000
output.epsilon,1044,140,260000000
output.epsilon,1045,143,250000000
output.epsilon,1046,146,240000000
output.epsilon,1047,149,230000000
output.epsilon,1048,152,220000000
output.epsilon,1049,155,210000000
output.epsilon,1050,158,200000000
output.epsilon,1051,161,190000000
output.epsilon,1052,164,180000000
output.epsilon,1053,167,170000000
output.epsilon,1054,170,160000000
output.epsilon,1055,173,150000000
output.epsilon,1056,176,140000000
output.epsilon,1057,179,130000000
output.epsilon,1058,182,120000000
output.epsilon,1059,185,110000000
output.epsilon,1060,188,100000000
output.epsilon,1061,191,99860000
output.epsilon,1062,194,99730000
output.epsilon,1063,197,99590000
output.epsilon,1064,200,99460000
output.epsilon,1065,203,99320000
output.epsilon,1066,206,99190000
output.epsilon,1067,209,99050000
output.epsilon,1068,212,98920000
output.epsilon,1069,215,98780000
output.epsilon,1070,218,98650000
output.epsilon,1071,221,98510000
output.epsilon,1072,224,98380000
output.epsilon,1073,227,98240000
output.epsilon,1074,230,98110000
output.epsilon,1075,233,97970000
output.epsilon,1076,236,97840000
output.epsilon,1077,239,97700000
output.epsilon,1078,242,97570000
output.epsilon,1079,245,97430000
output.epsilon,1080,248,97300000
output.epsilon,1081,251,97160000
output.epsilon,1082,254,97030000
output.epsilon,1083,257,96890000
output.epsilon,1084,260,96760000
output.epsilon,1085,263,96620000
output.epsilon,1086,266,96490000
output.epsilon,1087,269,96350000
output.epsilon,1088,272,96220000
output.epsilon,1089,275,96080000
output.epsilon,1090,278,95950000
output.epsilon,1091,281,95810000
output.epsilon,1092,284,95680000
output.epsilon,1093,287,95540000
output.epsilon,1094,290,95410000
output.epsilon,1095,293,95270000
output.epsilon,1096,296,95140000
output.epsilon,1097,299,95000000
output.epsilon,1098,302,94860000
output.epsilon,1099,305,94730000
output.epsilon,1100,308,94590000
output.epsilon,1101,311,94460000
output.epsilon,1102,314,94320000
output.epsilon,1103,317,94190000
output.epsilon,1104,320,94050000
output.epsilon,1105,323,93920000
output.epsilon,1106,326,93780000
output.epsilon,1107,329,93650000
output.epsilon,1108,332,93510000
output.epsilon,1109,335,93380000
output.epsilon,1110,338,93240000
output.epsilon,1111,341,93110000
output.epsilon,1112,344,92970000
output.epsilon,1113,347,92840000
output.epsilon,1114,350,92700000
output.epsilon,1115,353,92570000
output.epsilon,1116,356,92430000
output.epsilon,1117,359,92300000
output.epsilon,1118,362,92160000
output.epsilon,1119,365,92030000
output.epsilon,1120,368,91890000
output.epsilon,1121,371,91760000
output.epsilon,1122,374,91620000
output.epsilon,1123,377,91490000
output.epsilon,1124,380,91350000
output.epsilon,1125,383,91220000
output.epsilon,1126,386,91080000
output.epsilon,1127,389,90950000
output.epsilon,1128,392,90810000
output.epsilon,1129,395,90680000
output.epsilon,1130,398,90540000
output.epsilon,1131,401,90410000
output.epsilon,1132,404,90270000
output.epsilon,1133,407,90140000
output.epsilon,1134,410,90000000
output.epsilon,1135,413,89860000
output.epsilon,1136,416,89730000
output.epsilon,1137,419,89590000
output.epsilon,1138,422,89460000
output.epsilon,1139,425,89320000
output.epsilon,1140,428,89190000
output.epsilon,1141,431,89050000
output.epsilon,1142,434,88920000
output.epsilon,1143,437,88780000
output.epsilon,1144,440,88650000
output.epsilon,1145,443,88510000
output.epsilon,1146,446,88380000
output.epsilon,1147,449,88240000
output.epsilon,1148,452,88110000
output.epsilon,1149,455,87970000
output.epsilon,1150,458,87840000
output.epsilon,1151,461,87700000
output.epsilon,1152,464,87570000
output.epsilon,1153,467,87430000
output.epsilon,1154,470,87300000
output.epsilon,1155,473,87160000
output.epsilon,1156,476,87030000
output.epsilon,1157,479,86890000
output.epsilon,1158,482,86760000
output.epsilon,1159,485,86620000
output.epsilon,1160,488,86490000
output.epsilon,1161,491,86350000
output.epsilon,1162,494,86220000
output.epsilon,1163,497,86080000
output.epsilon,1164,500,85950000
output.epsilon,1165,503,85810000
output.epsilon,1166,506,85680000
output.epsilon,1167,509,85540000
output.epsilon,1168,512,85410000
output.epsilon,1169,515,85270000
output.epsilon,1170,518,85140000
output.epsilon,1171,521,85000000
output.epsilon,1172,524,84860000
output.epsilon,1173,527,84730000
output.epsilon,1174,530,84590000
output.epsilon,1175,533,84460000
output.epsilon,1176,536,84320000
output.epsilon,1177,539,84190000
output.epsilon,1178,542,84050000
output.epsilon,1179,545,83920000
output.epsilon,1180,548,83780000
output.epsilon,1181,551,83650000
output.epsilon,1182,554,83510000
output.epsilon,1183,557,83380000
output.epsilon,1184,560,83240000
output.epsilon,1185,563,83110000
output.epsilon,1186,566,82970000
output.epsilon,1187,569,82840000
output.epsilon,1188,572,82700000
output.epsilon,1189,575,82570000
output.epsilon,1190,578,82430000
output.epsilon,1191,581,82300000
output.epsilon,1192,584,82160000
output.epsilon,1193,587,82030000
output.epsilon,1194,590,81890000
output.epsilon,1195,593,81760000
output.epsilon,1196,596,81620000
output.epsilon,1197,599,81490000
output.epsilon,1198,602,81350000
output.epsilon,1199,605,81220000
output.epsilon,1200,608,81080000
output.epsilon,1201,611,80950000
output.epsilon,1202,614,80810000
output.epsilon,1203,617,80680000
output.epsilon,1204,620,80540000
output.epsilon,1205,623,80410000
output.epsilon,1206,626,80270000
output.epsilon,1207,629,80140000
output.epsilon,1208,632,80000000
output.epsilon,1209,635,79860000
output.epsilon,1210,638,79730000
output.epsilon,1211,641,79590000
output.epsilon,1212,644,79460000
output.epsilon,1213,647,79320000
output.epsilon,1214,650,79190000
output.epsilon,1215,653,79050000
output.epsilon,1216,656,78920000
output.epsilon,1217,659,78780000
output.epsilon,1218,662,78650000
output.epsilon,1219,665,78510000
output.epsilon,1220,668,78380000
output.epsilon,1221,671,78240000
output.epsilon,1222,674,78110000
output.epsilon,1223,677,77970000
output.epsilon,1224,680,77840000
output.epsilon,1225,683,77700000
output.epsilon,1226,686,77570000
output.epsilon,1227,689,77430000
output.epsilon,1228,692,77300000
output.epsilon,1229,695,77160000
output.epsilon,1230,698,77030000
output.epsilon,1231,701,76890000
output.epsilon,1232,704,76760000
output.epsilon,1233,707,76620000
output.epsilon,1234,710,76490000
output.epsilon,1235,713,76350000
output.epsilon,1236,716,76220000
output.epsilon,1237,719,76080000
output.epsilon,1238,722,75950000
output.epsilon,1239,725,75810000
output.epsilon,1240,728,75680000
output.epsilon,1241,731,75540000
output.epsilon,1242,734,75410000
output.epsilon,1243,737,75270000
output.epsilon,1244,740,75140000
output.epsilon,1245,743,75000000
output.epsilon,1246,746,74860000
output.epsilon,1247,749,74730000
output.epsilon,1248,752,74590000
output.epsilon,1249,755,74460000
output.epsilon,1250,758,74320000
output.epsilon,1251,761,74190000
output.epsilon,1252,764,74050000
output.epsilon,1253,767,73920000
output.epsilon,1254,770,73780000
output.epsilon,1255,773,73650000
output.epsilon,1256,776,73510000
output.epsilon,1257,779,73380000
output.epsilon,1258,782,73240000
output.epsilon,1259,785,73110000
output.epsilon,1260,788,72970000
output.epsilon,1261,791,72840000
output.epsilon,1262,794,72700000
output.epsilon,1263,797,72570000
output.epsilon,1264,800,72430000
output.epsilon,1265,803,72300000
output.epsilon,1266,806,72160000
output.epsilon,1267,809,72030000
output.epsilon,1268,812,71890000
output.epsilon,1269,815,71760000
output.epsilon,1270,818,71620000
output.epsilon,1271,821,71490000
output.epsilon,1272,824,71350000
output.epsilon,1273,827,71220000
output.epsilon,1274,830,71080000
output.epsilon,1275,833,70950000
output.epsilon,1276,836,70810000
output.epsilon,1277,839,70680000
output.epsilon,1278,842,70540000
output.epsilon,1279,845,70410000
output.epsilon,1280,848,70270000
output.epsilon,1281,851,70140000
output.epsilon,1282,854,70000000
output.epsilon,1283,857,69860000
output.epsilon,1284,860,69730000
output.epsilon,1285,863,69590000
output.epsilon,1286,866,69460000
output.epsilon,1287,869,69320000
output.epsilon,1288,872,69190000
output.epsilon,1289,875,69050000
output.epsilon,1290,878,68920000
output.epsilon,1291,881,68780000
output.epsilon,1292,884,68650000
output.epsilon,1293,887,68510000
output.epsilon,1294,890,68380000
output.epsilon,1295,893,68240000
output.epsilon,1296,896,68110000
output.epsilon,1297,899,67970000
output.epsilon,1298,902,67840000
output.epsilon,1299,905,67700000
output.epsilon,1300,908,67570000
output.epsilon,1301,911,67430000
output.epsilon,1302,914,67300000
output.epsilon,1303,917,67160000
output.epsilon,1304,920,67030000
output.epsilon,1305,923,66890000
output.epsilon,1306,926,66760000
output.epsilon,1307,929,66620000
output.epsilon,1308,932,66490000
output.epsilon,1309,935,66350000
output.epsilon,1310,938,66220000
output.epsilon,1311,941,66080000
output.epsilon,1312,944,65950000
output.epsilon,1313,947,65810000
output.epsilon,1314,950,65680000
output.epsilon,1315,953,65540000
output.epsilon,1316,956,65410000
output.epsilon,1317,959,65270000
output.epsilon,1318,962,65140000
output.epsilon,1319,965,65000000
output.epsilon,1320,968,64860000
output.epsilon,1321,971,64730000
output.epsilon,1322,974,64590000
output.epsilon,1323,977,64460000
output.epsilon,1324,980,64320000
output.epsilon,1325,983,64190000
output.epsilon,1326,986,64050000
output.epsilon,1327,989,63920000
output.epsilon,1328,992,63780000
output.epsilon,1329,995,63650000
output.epsilon,1330,998,63510000
output.epsilon,1331,1001,63380000
output.epsilon,1332,1004,63240000
output.epsilon,1333,1007,63110000
output.epsilon,1334,1010,62970000
output.epsilon,1335,1013,62840000
output.epsilon,1336,1016,62700000
output.epsilon,1337,1019,62570000
output.epsilon,1338,1022,62430000
output.epsilon,1339,1025,62300000
output.epsilon,1340,1028,62160000
output.epsilon,1341,1031,62030000
output.epsilon,1342,1034,61890000
output.epsilon,1343,1037,61760000
output.epsilon,1344,1040,61620000
output.epsilon,1345,1043,61490000
output.epsilon,1346,1046,61350000
output.epsilon,1347,1049,61220000
output.epsilon,1348,1052,61080000
output.epsilon,1349,1055,60950000
output.epsilon,1350,1058,60810000
output.epsilon,1351,1061,60680000
output.epsilon,1352,1064,60540000
output.epsilon,1353,1067,60410000
output.epsilon,1354,1070,60270000
output.epsilon,1355,1073,60140000
output.epsilon,1356,1076,60000000
output.epsilon,1357,1079,59860000
output.epsilon,1358,1082,59730000
output.epsilon,1359,1085,59590000
output.epsilon,1360,1088,59460000
output.epsilon,1361,1091,59320000
output.epsilon,1362,1094,59190000
output.epsilon,1363,1097,59050000
output.epsilon,1364,1100,58920000
output.epsilon,1365,1103,58780000
output.epsilon,1366,1106,58650000
output.epsilon,1367,1109,58510000
output.epsilon,1368,1112,58380000
output.epsilon,1369,1115,58240000
output.epsilon,1370,1118,58110000
output.epsilon,1371,1121,57970000
output.epsilon,1372,1124,57840000
output.epsilon,1373,1127,57700000
output.epsilon,1374,1130,57570000
output.epsilon,1375,1133,57430000
output.epsilon,1376,1136,57300000
output.epsilon,1377,1139,57160000
output.epsilon,1378,1142,57030000
output.epsilon,1379,1145,56890000
output.epsilon,1380,1148,56760000
output.epsilon,1381,1151,56620000
output.epsilon,1382,1154,56490000
output.epsilon,1383,1157,56350000
output.epsilon,1384,1160,56220000
output.epsilon,1385,1163,56080000
output.epsilon,1386,1166,55950000
output.epsilon,1387,1169,55810000
output.epsilon,1388,1172,55680000
output.epsilon,1389,1175,55540000
output.epsilon,1390,1178,55410000
output.epsilon,1391,1181,55270000
output.epsilon,1392,1184,55140000
output.epsilon,1393,1187,55000000
output.epsilon,1394,1190,54860000
output.epsilon,1395,1193,54730000
output.epsilon,1396,1196,54590000
output.epsilon,1397,1199,54460000
output.epsilon,1398,1202,54320000
output.epsilon,1399,1205,54190000
output.epsilon,1400,1208,54050000
output.epsilon,1401,1211,53920000
output.epsilon,1402,1214,53780000
output.epsilon,1403,1217,53650000
output.epsilon,1404,1220,53510000
output.epsilon,1405,1223,53380000
output.epsilon,1406,1226,53240000
output.epsilon,1407,1229,53110000
output.epsilon,1408,1232,52970000
output.epsilon,1409,1235,52840000
output.epsilon,1410,1238,52700000
output.epsilon,1411,1241,52570000
output.epsilon,1412,1244,52430000
output.epsilon,1413,1247,52300000
output.epsilon,1414,1250,52160000
output.epsilon,1415,1253,52030000
output.epsilon,1416,1256,51890000
output.epsilon,1417,1259,51760000
output.epsilon,1418,1262,51620000
output.epsilon,1419,1265,51490000
output.epsilon,1420,1268,51350000
output.epsilon,1421,1271,51220000
output.epsilon,1422,1274,51080000
output.epsilon,1423,1277,50950000
output.epsilon,1424,1280,50810000
output.epsilon,1425,1283,50680000
output.epsilon,1426,1286,50540000
output.epsilon,1427,1289,50410000
output.epsilon,1428,1292,50270000
output.epsilon,1429,1295,50140000
output.epsilon,1430,1298,50000000
output.epsilon,1431,1301,49860000
output.epsilon,1432,1304,49730000
output.epsilon,1433,1307,49590000
output.epsilon,1434,1310,49460000
output.epsilon,1435,1313,49320000
output.epsilon,1436,1316,49190000
output.epsilon,1437,1319,49050000
output.epsilon,1438,1322,48920000
output.epsilon,1439,1325,48780000
output.epsilon,1440,1328,48650000
output.epsilon,1441,1331,48510000
output.epsilon,1442,1334,48380000
output.epsilon,1443,1337,48240000
output.epsilon,1444,1340,48110000
output.epsilon,1445,1343,47970000
output.epsilon,1446,1346,47840000
output.epsilon,1447,1349,47700000
output.epsilon,1448,1352,47570000
output.epsilon,1449,1355,47430000
output.epsilon,1450,1358,47300000
output.epsilon,1451,1361,47160000
output.epsilon,1452,1364,47030000
output.epsilon,1453,1367,46890000
output.epsilon,1454,1370,46760000
output.epsilon,1455,1373,46620000
output.epsilon,1456,1376,46490000
output.epsilon,1457,1379,46350000
output.epsilon,1458,1382,46220000
output.epsilon,1459,1385,46080000
output.epsilon,1460,1388,45950000
output.epsilon,1461,1391,45810000
output.epsilon,1462,1394,45680000
output.epsilon,1463,1397,45540000
output.epsilon,1464,1400,45410000
output.epsilon,1465,1403,45270000
output.epsilon,1466,1406,45140000
output.epsilon,1467,1409,45000000
output.epsilon,1468,1412,44860000
output.epsilon,1469,1415,44730000
output.epsilon,1470,1418,44590000
output.epsilon,1471,1421,44460000
output.epsilon,1472,1424,44320000
output.epsilon,1473,1427,44190000
output.epsilon,1474,1430,44050000
output.epsilon,1475,1433,43920000
output.epsilon,1476,1436,43780000
output.epsilon,1477,1439,43650000
output.epsilon,1478,1442,43510000
output.epsilon,1479,1445,43380000
output.epsilon,1480,1448,43240000
output.epsilon,1481,1451,43110000
output.epsilon,1482,1454,42970000
output.epsilon,1483,1457,42840000
output.epsilon,1484,1460,42700000
output.epsilon,1485,1463,42570000
output.epsilon,1486,1466,42430000
output.epsilon,1487,1469,42300000
output.epsilon,1488,1472,42160000
output.epsilon,1489,1475,42030000
output.epsilon,1490,1478,41890000
output.epsilon,1491,1481,41760000
output.epsilon,1492,1484,41620000
output.epsilon,1493,1487,41490000
output.epsilon,1494,1490,41350000
output.epsilon,1495,1493,41220000
output.epsilon,1496,1496,41080000
output.epsilon,1497,1499,40950000
output.epsilon,1498,1502,40810000
output.epsilon,1499,1505,40680000
output.epsilon,1500,1508,40540000
output.epsilon,1501,1511,40410000
output.epsilon,1502,1514,40270000
output.epsilon,1503,1517,40140000
output.epsilon,1504,1520,40000000
output.epsilon,1505,1523,39860000
output.epsilon,1506,1526,39730000
output.epsilon,1507,1529,39590000
output.epsilon,1508,1532,39460000
output.epsilon,1509,1535,39320000
output.epsilon,1510,1538,39190000
output.epsilon,1511,1541,39050000
output.epsilon,1512,1544,38920000
output.epsilon,1513,1547,38780000
output.epsilon,1514,1550,38650000
output.epsilon,1515,1553,38510000
output.epsilon,1516,1556,38380000
output.epsilon,1517,1559,38240000
output.epsilon,1518,1562,38110000
output.epsilon,1519,1565,37970000
output.epsilon,1520,1568,37840000
output.epsilon,1521,1571,37700000
output.epsilon,1522,1574,37570000
output.epsilon,1523,1577,37430000
output.epsilon,1524,1580,37300000
output.epsilon,1525,1583,37160000
output.epsilon,1526,1586,37030000
output.epsilon,1527,1589,36890000
output.epsilon,1528,1592,36760000
output.epsilon,1529,1595,36620000
output.epsilon,1530,1598,36490000
output.epsilon,1531,1601,36350000
output.epsilon,1532,1604,36220000
output.epsilon,1533,1607,36080000
output.epsilon,1534,1610,35950000
output.epsilon,1535,1613,35810000
output.epsilon,1536,1616,35680000
output.epsilon,1537,1619,35540000
output.epsilon,1538,1622,35410000
output.epsilon,1539,1625,35270000
output.epsilon,1540,1628,35140000
output.epsilon,1541,1631,35000000
output.epsilon,1542,1634,34860000
output.epsilon,1543,1637,34730000
output.epsilon,1544,1640,34590000
output.epsilon,1545,1643,34460000
output.epsilon,1546,1646,34320000
output.epsilon,1547,1649,34190000
output.epsilon,1548,1652,34050000
output.epsilon,1549,1655,33920000
output.epsilon,1550,1658,33780000
output.epsilon,1551,1661,33650000
output.epsilon,1552,1664,33510000
output.epsilon,1553,1667,33380000
output.epsilon,1554,1670,33240000
output.epsilon,1555,1673,33110000
output.epsilon,1556,1676,32970000
output.epsilon,1557,1679,32840000
output.epsilon,1558,1682,32700000
output.epsilon,1559,1685,32570000
output.epsilon,1560,1688,32430000
output.epsilon,1561,1691,32300000
output.epsilon,1562,1694,32160000
output.epsilon,1563,1697,32030000
output.epsilon,1564,1700,31890000
output.epsilon,1565,1703,31760000
output.epsilon,1566,1706,31620000
output.epsilon,1567,1709,31490000
output.epsilon,1568,1712,31350000
output.epsilon,1569,1715,31220000
output.epsilon,1570,1718,31080000
output.epsilon,1571,1721,30950000
output.epsilon,1572,1724,30810000
output.epsilon,1573,1727,30680000
output.epsilon,1574,1730,30540000
output.epsilon,1575,1733,30410000
output.epsilon,1576,1736,30270000
output.epsilon,1577,1739,30140000
output.epsilon,1578,1742,30000000
output.epsilon,1579,1745,29860000
output.epsilon,1580,1748,29730000
output.epsilon,1581,1751,29590000
output.epsilon,1582,1754,29460000
output.epsilon,1583,1757,29320000
output.epsilon,1584,1760,29190000
output.epsilon,1585,1763,29050000
output.epsilon,1586,1766,28920000
output.epsilon,1587,1769,28780000
output.epsilon,1588,1772,28650000
output.epsilon,1589,1775,28510000
output.epsilon,1590,1778,28380000
output.epsilon,1591,1781,28240000
output.epsilon,1592,1784,28110000
output.epsilon,1593,1787,27970000
output.epsilon,1594,1790,27840000
output.epsilon,1595,1793,27700000
output.epsilon,1596,1796,27570000
output.epsilon,1597,1799,27430000
output.epsilon,1598,1802,27300000
output.epsilon,1599,1805,27160000
output.epsilon,1600,1808,27030000
output.epsilon,1601,1811,26890000
output.epsilon,1602,1814,26760000
output.epsilon,1603,1817,26620000
output.epsilon,1604,1820,26490000
output.epsilon,1605,1823,26350000
output.epsilon,1606,1826,26220000
output.epsilon,1607,1829,26080000
output.epsilon,1608,1832,25950000
output.epsilon,1609,1835,25810000
output.epsilon,1610,1838,25680000
output.epsilon,1611,1841,25540000
output.epsilon,1612,1844,25410000
output.epsilon,1613,1847,25270000
output.epsilon,1614,1850,25140000
output.epsilon,1615,1853,25000000
output.epsilon,1616,1856,24860000
output.epsilon,1617,1859,24730000
output.epsilon,1618,1862,24590000
output.epsilon,1619,1865,24460000
output.epsilon,1620,1868,24320000
output.epsilon,1621,1871,24190000
output.epsilon,1622,1874,24050000
output.epsilon,1623,1877,23920000
output.epsilon,1624,1880,23780000
output.epsilon,1625,1883,23650000
output.epsilon,1626,1886,23510000
output.epsilon,1627,1889,23380000
output.epsilon,1628,1892,23240000
output.epsilon,1629,1895,23110000
output.epsilon,1630,1898,22970000
output.epsilon,1631,1901,22840000
output.epsilon,1632,1904,22700000
output.epsilon,1633,1907,22570000
output.epsilon,1634,1910,22430000
output.epsilon,1635,1913,22300000
output.epsilon,1636,1916,22160000
output.epsilon,1637,1919,22030000
output.epsilon,1638,1922,21890000
output.epsilon,1639,1925,21760000
output.epsilon,1640,1928,21620000
output.epsilon,1641,1931,21490000
output.epsilon,1642,1934,21350000
output.epsilon,1643,1937,21220000
output.epsilon,1644,1940,21080000
output.epsilon,1645,1943,20950000
output.epsilon,1646,1946,20810000
output.epsilon,1647,1949,20680000
output.epsilon,1648,1952,20540000
output.epsilon,1649,1955,20410000
output.epsilon,1650,1958,20270000
output.epsilon,1651,1961,20140000
output.epsilon,1652,1964,20000000
output.epsilon,1653,1967,19860000
output.epsilon,1654,1970,19730000
output.epsilon,1655,1973,19590000
output.epsilon,1656,1976,19460000
output.epsilon,1657,1979,19320000
output.epsilon,1658,1982,19190000
output.epsilon,1659,1985,19050000
output.epsilon,1660,1988,18920000
output.epsilon,1661,1991,18780000
output.epsilon,1662,1994,18650000
output.epsilon,1663,1997,18510000
output.epsilon,1664,2000,18380000
output.epsilon,1665,2003,18240000
output.epsilon,1666,2006,18110000
output.epsilon,1667,2009,17970000
output.epsilon,1668,2012,17840000
output.epsilon,1669,2015,17700000
output.epsilon,1670,2018,17570000
output.epsilon,1671,2021,17430000
output.epsilon,1672,2024,17300000
output.epsilon,1673,2027,17160000
output.epsilon,1674,2030,17030000
output.epsilon,1675,2033,16890000
output.epsilon,1676,2036,16760000
output.epsilon,1677,2039,16620000
output.epsilon,1678,2042,16490000
output.epsilon,1679,2045,16350000
output.epsilon,1680,2048,16220000
output.epsilon,1681,2051,16080000
output.epsilon,1682,2054,15950000
output.epsilon,1683,2057,15810000
output.epsilon,1684,2060,15680000
output.epsilon,1685,2063,15540000
output.epsilon,1686,2066,15410000
output.epsilon,1687,2069,15270000
output.epsilon,1688,2072,15140000
output.epsilon,1689,2075,15000000
output.epsilon,1690,2078,14860000
output.epsilon,1691,2081,14730000
output.epsilon,1692,2084,14590000
output.epsilon,1693,2087,14460000
output.epsilon,1694,2090,14320000
output.epsilon,1695,2093,14190000
output.epsilon,1696,2096,14050000
output.epsilon,1697,2099,13920000
output.epsilon,1698,2102,13780000
output.epsilon,1699,2105,13650000
output.epsilon,1700,2108,13510000
output.epsilon,1701,2111,13380000
output.epsilon,1702,2114,13240000
output.epsilon,1703,2117,13110000
output.epsilon,1704,2120,12970000
output.epsilon,1705,2123,12840000
output.epsilon,1706,2126,12700000
output.epsilon,1707,2129,12570000
output.epsilon,1708,2132,12430000
output.epsilon,1709,2135,12300000
output.epsilon,1710,2138,12160000
output.epsilon,1711,2141,12030000
output.epsilon,1712,2144,11890000
output.epsilon,1713,2147,11760000
output.epsilon,1714,2150,11620000
output.epsilon,1715,2153,11490000
output.epsilon,1716,2156,11350000
output.epsilon,1717,2159,11220000
output.epsilon,1718,2162,11080000
output.epsilon,1719,2165,10950000
output.epsilon,1720,2168,10810000
output.epsilon,1721,2171,10680000
output.epsilon,1722,2174,10540000
output.epsilon,1723,2177,10410000
output.epsilon,1724,2180,10270000
output.epsilon,1725,2183,10140000
output.epsilon,1726,2186,10000000
output.epsilon,1727,2189,9865000
output.epsilon,1728,2192,9730000
output.epsilon,1729,2195,9595000
output.epsilon,1730,2198,9459000
output.epsilon,1731,2201,9324000
output.epsilon,1732,2204,9189000
output.epsilon,1733,2207,9054000
output.epsilon,1734,2210,8919000
output.epsilon,1735,2213,8784000
output.epsilon,1736,2216,8649000
output.epsilon,1737,2219,8514000
output.epsilon,1738,2222,8378000
output.epsilon,1739,2225,8243000
output.epsilon,1740,2228,8108000
output.epsilon,1741,2231,7973000
output.epsilon,1742,2234,7838000
output.epsilon,1743,2237,7703000
output.epsilon,1744,2240,7568000
output.epsilon,1745,2243,7432000
output.epsilon,1746,2246,7297000
output.epsilon,1747,2249,7162000
output.epsilon,1748,2252,7027000
output.epsilon,1749,2255,6892000
output.epsilon,1750,2258,6757000
output.epsilon,1751,2261,6622000
output.epsilon,1752,2264,6486000
output.epsilon,1753,2267,6351000
output.epsilon,1754,2270,6216000
output.epsilon,1755,2273,6081000
output.epsilon,1756,2276,5946000
output.epsilon,1757,2279,5811000
output.epsilon,1758,2282,5676000
output.epsilon,1759,2285,5541000
output.epsilon,1760,2288,5405000
output.epsilon,1761,2291,5270000
output.epsilon,1762,2294,5135000
output.epsilon,1763,2297,5000000
output.epsilon,1764,2300,4865000
output.epsilon,1765,2303,4730000
output.epsilon,1766,2306,4595000
output.epsilon,1767,2309,4459000
output.epsilon,1768,2312,4324000
output.epsilon,1769,2315,4189000
output.epsilon,1770,2318,4054000
output.epsilon,1771,2321,3919000
output.epsilon,1772,2324,3784000
output.epsilon,1773,2327,3649000
output.epsilon,1774,2330,3514000
output.epsilon,1775,2333,3378000
output.epsilon,1776,2336,3243000
output.epsilon,1777,2339,3108000
output.epsilon,1778,2342,2973000
output.epsilon,1779,2345,2838000
output.epsilon,1780,2348,2703000
output.epsilon,1781,2351,2568000
output.epsilon,1782,2354,2432000
output.epsilon,1783,2357,2297000
output.epsilon,1784,2360,2162000
output.epsilon,1785,2363,2027000
output.epsilon,1786,2366,1892000
output.epsilon,1787,2369,1757000
output.epsilon,1788,2372,1622000
output.epsilon,1789,2375,1486000
output.epsilon,1790,2378,1351000
output.epsilon,1791,2381,1216000
output.epsilon,1792,2384,1081000
output.epsilon,1793,2387,945900
output.epsilon,1794,2390,810800
output.epsilon,1795,2393,675700
output.epsilon,1796,2396,540500
output.epsilon,1797,2399,405400
output.epsilon,1798,2402,270300
output.epsilon,1799,2405,135100
output.epsilon,1800,2408,0
output.fenix,1,1,1300000000
output.fenix,2,1.01,1299000000
output.fenix,3,1.02,1299000000
output.fenix,4,1.03,1298000000
output.fenix,5,1.04,1298000000
output.fenix,6,1.05,1297000000
output.fenix,7,1.06,1297000000
output.fenix,8,1.07,1296000000
output.fenix,9,1.08,1296000000
output.fenix,10,1.09,1295000000
output.fenix,11,1.1,1295000000
output.fenix,12,1.11,1294000000
output.fenix,13,1.12,1294000000
output.fenix,14,1.13,1293000000
output.fenix,15,1.14,1293000000
output.fenix,16,1.15,1292000000
output.fenix,17,1.16,1292000000
output.fenix,18,1.17,1291000000
output.fenix,19,1.18,1291000000
output.fenix,20,1.19,1290000000
output.fenix,21,1.2,1290000000
output.fenix,22,1.21,1289000000
output.fenix,23,1.22,1289000000
output.fenix,24,1.23,1288000000
output.fenix,25,1.24,1288000000
output.fenix,26,1.25,1287000000
output.fenix,27,1.26,1287000000
output.fenix,28,1.27,1286000000
output.fenix,29,1.28,1286000000
output.fenix,30,1.29,1285000000
output.fenix,31,1.3,1285000000
output.fenix,32,1.31,1284000000
output.fenix,33,1.32,1284000000
output.fenix,34,1.33,1283000000
output.fenix,35,1.34,1283000000
output.fenix,36,1.35,1282000000
output.fenix,37,1.36,1282000000
output.fenix,38,1.37,1281000000
output.fenix,39,1.38,1281000000
output.fenix,40,1.39,1280000000
output.fenix,41,1.4,1280000000
output.fenix,42,1.41,1279000000
output.fenix,43,1.42,1279000000
output.fenix,44,1.43,1278000000
output.fenix,45,1.44,1278000000
output.fenix,46,1.45,1277000000
output.fenix,47,1.46,1277000000
output.fenix,48,1.47,1276000000
output.fenix,49,1.48,1276000000
output.fenix,50,1.49,1275000000
output.fenix,51,1.5,1275000000
output.fenix,52,1.51,1274000000
output.fenix,53,1.52,1274000000
output.fenix,54,1.53,1273000000
output.fenix,55,1.54,1273000000
output.fenix,56,1.55,1272000000
output.fenix,57,1.56,1272000000
output.fenix,58,1.57,1271000000
output.fenix,59,1.58,1271000000
output.fenix,60,1.59,1270000000
output.fenix,61,1.6,1270000000
output.fenix,62,1.61,1269000000
output.fenix,63,1.62,1269000000
output.fenix,64,1.63,1268000000
output.fenix,65,1.64,1268000000
output.fenix,66,1.65,1267000000
output.fenix,67,1.66,1267000000
output.fenix,68,1.67,1266000000
output.fenix,69,1.68,1266000000
output.fenix,70,1.69,1265000000
output.fenix,71,1.7,1265000000
output.fenix,72,1.71,1264000000
output.fenix,73,1.72,1264000000
output.fenix,74,1.73,1263000000
output.fenix,75,1.74,1263000000
output.fenix,76,1.75,1262000000
output.fenix,77,1.76,1262000000
output.fenix,78,1.77,1261000000
output.fenix,79,1.78,1261000000
output.fenix,80,1.79,1260000000
output.fenix,81,1.8,1260000000
output.fenix,82,1.81,1259000000
output.fenix,83,1.82,1259000000
output.fenix,84,1.83,1258000000
output.fenix,85,1.84,1258000000
output.fenix,86,1.85,1257000000
output.fenix,87,1.86,1257000000
output.fenix,88,1.87,1256000000
output.fenix,89,1.88,1256000000
output.fenix,90,1.89,1255000000
output.fenix,91,1.9,1255000000
output.fenix,92,1.91,1254000000
output.fenix,93,1.92,1254000000
output.fenix,94,1.93,1253000000
output.fenix,95,1.94,1253000000
output.fenix,96,1.95,1252000000
output.fenix,97,1.96,1252000000
output.fenix,98,1.97,1251000000
output.fenix,99,1.98,1251000000
output.fenix,100,1.99,1250000000
output.fenix,101,2,1250000000
output.fenix,102,2.01,1249000000
output.fenix,103,2.02,1249000000
output.fenix,104,2.03,1248000000
output.fenix,105,2.04,1248000000
output.fenix,106,2.05,1247000000
output.fenix,107,2.06,1247000000
output.fenix,108,2.07,1246000000
output.fenix,109,2.08,1246000000
output.fenix,110,2.09,1245000000
output.fenix,111,2.1,1245000000
output.fenix,112,2.11,1244000000
output.fenix,113,2.12,1244000000
output.fenix,114,2.13,1243000000
output.fenix,115,2.14,1243000000
output.fenix,116,2.15,1242000000
output.fenix,117,2.16,1242000000
output.fenix,118,2.17,1241000000
output.fenix,119,2.18,1241000000
output.fenix,120,2.19,1240000000
output.fenix,121,2.2,1240000000
output.fenix,122,2.21,1239000000
output.fenix,123,2.22,1239000000
output.fenix,124,2.23,1238000000
output.fenix,125,2.24,1238000000
output.fenix,126,2.25,1237000000
output.fenix,127,2.26,1237000000
output.fenix,128,2.27,1236000000
output.fenix,129,2.28,1236000000
output.fenix,130,2.29,1235000000
output.fenix,131,2.3,1235000000
output.fenix,132,2.31,1234000000
output.fenix,133,2.32,1234000000
output.fenix,134,2.33,1233000000
output.fenix,135,2.34,1233000000
output.fenix,136,2.35,1232000000
output.fenix,137,2.36,1232000000
output.fenix,138,2.37,1231000000
output.fenix,139,2.38,1231000000
output.fenix,140,2.39,1230000000
output.fenix,141,2.4,1230000000
output.fenix,142,2.41,1229000000
output.fenix,143,2.42,1229000000
output.fenix,144,2.43,1228000000
output.fenix,145,2.44,1228000000
output.fenix,146,2.45,1227000000
output.fenix,147,2.46,1227000000
output.fenix,148,2.47,1226000000
output.fenix,149,2.48,1226000000
output.fenix,150,2.49,1225000000
output.fenix,151,2.5,1225000000
output.fenix,152,2.51,1224000000
output.fenix,153,2.52,1224000000
output.fenix,154,2.53,1223000000
output.fenix,155,2.54,1223000000
output.fenix,156,2.55,1222000000
output.fenix,157,2.56,1222000000
output.fenix,158,2.57,1221000000
output.fenix,159,2.58,1221000000
output.fenix,160,2.59,1220000000
output.fenix,161,2.6,1220000000
output.fenix,162,2.61,1219000000
output.fenix,163,2.62,1219000000
output.fenix,164,2.63,1218000000
output.fenix,165,2.64,1218000000
output.fenix,166,2.65,1217000000
output.fenix,167,2.66,1217000000
output.fenix,168,2.67,1216000000
output.fenix,169,2.68,1216000000
output.fenix,170,2.69,1215000000
output.fenix,171,2.7,1215000000
output.fenix,172,2.71,1214000000
output.fenix,173,2.72,1214000000
output.fenix,174,2.73,1213000000
output.fenix,175,2.74,1213000000
output.fenix,176,2.75,1212000000
output.fenix,177,2.76,1212000000
output.fenix,178,2.77,1211000000
output.fenix,179,2.78,1211000000
output.fenix,180,2.79,1210000000
output.fenix,181,2.8,1210000000
output.fenix,182,2.81,1209000000
output.fenix,183,2.82,1209000000
output.fenix,184,2.83,1208000000
output.fenix,185,2.84,1208000000
output.fenix,186,2.85,1207000000
output.fenix,187,2.86,1207000000
output.fenix,188,2.87,1206000000
output.fenix,189,2.88,1206000000
output.fenix,190,2.89,1205000000
output.fenix,191,2.9,1205000000
output.fenix,192,2.91,1204000000
output.fenix,193,2.92,1204000000
output.fenix,194,2.93,1203000000
output.fenix,195,2.94,1203000000
output.fenix,196,2.95,1202000000
output.fenix,197,2.96,1202000000
output.fenix,198,2.97,1201000000
output.fenix,199,2.98,1201000000
output.fenix,200,2.99,1200000000
output.fenix,201,3,1200000000
output.fenix,202,3.01,1199000000
output.fenix,203,3.02,1199000000
output.fenix,204,3.03,1198000000
output.fenix,205,3.04,1198000000
output.fenix,206,3.05,1197000000
output.fenix,207,3.06,1197000000
output.fenix,208,3.07,1196000000
output.fenix,209,3.08,1196000000
output.fenix,210,3.09,1195000000
output.fenix,211,3.1,1195000000
output.fenix,212,3.11,1194000000
output.fenix,213,3.12,1194000000
output.fenix,214,3.13,1193000000
output.fenix,215,3.14,1193000000
output.fenix,216,3.15,1192000000
output.fenix,217,3.16,1192000000
output.fenix,218,3.17,1191000000
output.fenix,219,3.18,1191000000
output.fenix,220,3.19,1190000000
output.fenix,221,3.2,1190000000
output.fenix,222,3.21,1189000000
output.fenix,223,3.22,1189000000
output.fenix,224,3.23,1188000000
output.fenix,225,3.24,1188000000
output.fenix,226,3.25,1187000000
output.fenix,227,3.26,1187000000
output.fenix,228,3.27,1186000000
output.fenix,229,3.28,1186000000
output.fenix,230,3.29,1185000000
output.fenix,231,3.3,1185000000
output.fenix,232,3.31,1184000000
output.fenix,233,3.32,1184000000
output.fenix,234,3.33,1183000000
output.fenix,235,3.34,1183000000
output.fenix,236,3.35,1182000000
output.fenix,237,3.36,1182000000
output.fenix,238,3.37,1181000000
output.fenix,239,3.38,1181000000
output.fenix,240,3.39,1180000000
output.fenix,241,3.4,1180000000
output.fenix,242,3.41,1179000000
output.fenix,243,3.42,1179000000
output.fenix,244,3.43,1178000000
output.fenix,245,3.44,1178000000
output.fenix,246,3.45,1177000000
output.fenix,247,3.46,1177000000
output.fenix,248,3.47,1176000000
output.fenix,249,3.48,1176000000
output.fenix,250,3.49,1175000000
output.fenix,251,3.5,1175000000
output.fenix,252,3.51,1174000000
output.fenix,253,3.52,1174000000
output.fenix,254,3.53,1173000000
output.fenix,255,3.54,1173000000
output.fenix,256,3.55,1172000000
output.fenix,257,3.56,1172000000
output.fenix,258,3.57,1171000000
output.fenix,259,3.58,1171000000
output.fenix,260,3.59,1170000000
output.fenix,261,3.6,1170000000
output.fenix,262,3.61,1169000000
output.fenix,263,3.62,1169000000
output.fenix,264,3.63,1168000000
output.fenix,265,3.64,1168000000
output.fenix,266,3.65,1167000000
output.fenix,267,3.66,1167000000
output.fenix,268,3.67,1166000000
output.fenix,269,3.68,1166000000
output.fenix,270,3.69,1165000000
output.fenix,271,3.7,1165000000
output.fenix,272,3.71,1164000000
output.fenix,273,3.72,1164000000
output.fenix,274,3.73,1163000000
output.fenix,275,3.74,1163000000
output.fenix,276,3.75,1162000000
output.fenix,277,3.76,1162000000
output.fenix,278,3.77,1161000000
output.fenix,279,3.78,1161000000
output.fenix,280,3.79,1160000000
output.fenix,281,3.8,1160000000
output.fenix,282,3.81,1159000000
output.fenix,283,3.82,1159000000
output.fenix,284,3.83,1158000000
output.fenix,285,3.84,1158000000
output.fenix,286,3.85,1157000000
output.fenix,287,3.86,1157000000
output.fenix,288,3.87,1156000000
output.fenix,289,3.88,1156000000
output.fenix,290,3.89,1155000000
output.fenix,291,3.9,1155000000
output.fenix,292,3.91,1154000000
output.fenix,293,3.92,1154000000
output.fenix,294,3.93,1153000000
output.fenix,295,3.94,1153000000
output.fenix,296,3.95,1152000000
output.fenix,297,3.96,1152000000
output.fenix,298,3.97,1151000000
output.fenix,299,3.98,1151000000
output.fenix,300,3.99,1150000000
output.fenix,301,4,1150000000
output.fenix,302,4.01,1149000000
output.fenix,303,4.02,1149000000
output.fenix,304,4.03,1148000000
output.fenix,305,4.04,1148000000
output.fenix,306,4.05,1147000000
output.fenix,307,4.06,1147000000
output.fenix,308,4.07,1146000000
output.fenix,309,4.08,1146000000
output.fenix,310,4.09,1145000000
output.fenix,311,4.1,1145000000
output.fenix,312,4.11,1144000000
output.fenix,313,4.12,1144000000
output.fenix,314,4.13,1143000000
output.fenix,315,4.14,1143000000
output.fenix,316,4.15,1142000000
output.fenix,317,4.16,1142000000
output.fenix,318,4.17,1141000000
output.fenix,319,4.18,1141000000
output.fenix,320,4.19,1140000000
output.fenix,321,4.2,1140000000
output.fenix,322,4.21,1139000000
output.fenix,323,4.22,1139000000
output.fenix,324,4.23,1138000000
output.fenix,325,4.24,1138000000
output.fenix,326,4.25,1137000000
output.fenix,327,4.26,1137000000
output.fenix,328,4.27,1136000000
output.fenix,329,4.28,1136000000
output.fenix,330,4.29,1135000000
output.fenix,331,4.3,1135000000
output.fenix,332,4.31,1134000000
output.fenix,333,4.32,1134000000
output.fenix,334,4.33,1133000000
output.fenix,335,4.34,1133000000
output.fenix,336,4.35,1132000000
output.fenix,337,4.36,1132000000
output.fenix,338,4.37,1131000000
output.fenix,339,4.38,1131000000
output.fenix,340,4.39,1130000000
output.fenix,341,4.4,1130000000
output.fenix,342,4.41,1129000000
output.fenix,343,4.42,1129000000
output.fenix,344,4.43,1128000000
output.fenix,345,4.44,1128000000
output.fenix,346,4.45,1127000000
output.fenix,347,4.46,1127000000
output.fenix,348,4.47,1126000000
output.fenix,349,4.48,1126000000
output.fenix,350,4.49,1125000000
output.fenix,351,4.5,1125000000
output.fenix,352,4.51,1124000000
output.fenix,353,4.52,1124000000
output.fenix,354,4.53,1123000000
output.fenix,355,4.54,1123000000
output.fenix,356,4.55,1122000000
output.fenix,357,4.56,1122000000
output.fenix,358,4.57,1121000000
output.fenix,359,4.58,1121000000
output.fenix,360,4.59,1120000000
output.fenix,361,4.6,1120000000
output.fenix,362,4.61,1119000000
output.fenix,363,4.62,1119000000
output.fenix,364,4.63,1118000000
output.fenix,365,4.64,1118000000
output.fenix,366,4.65,1117000000
output.fenix,367,4.66,1117000000
output.fenix,368,4.67,1116000000
output.fenix,369,4.68,1116000000
output.fenix,370,4.69,1115000000
output.fenix,371,4.7,1115000000
output.fenix,372,4.71,1114000000
output.fenix,373,4.72,1114000000
output.fenix,374,4.73,1113000000
output.fenix,375,4.74,1113000000
output.fenix,376,4.75,1112000000
output.fenix,377,4.76,1112000000
output.fenix,378,4.77,1111000000
output.fenix,379,4.78,1111000000
output.fenix,380,4.79,1110000000
output.fenix,381,4.8,1110000000
output.fenix,382,4.81,1109000000
output.fenix,383,4.82,1109000000
output.fenix,384,4.83,1108000000
output.fenix,385,4.84,1108000000
output.fenix,386,4.85,1107000000
output.fenix,387,4.86,1107000000
output.fenix,388,4.87,1106000000
output.fenix,389,4.88,1106000000
output.fenix,390,4.89,1105000000
output.fenix,391,4.9,1105000000
output.fenix,392,4.91,1104000000
output.fenix,393,4.92,1104000000
output.fenix,394,4.93,1103000000
output.fenix,395,4.94,1103000000
output.fenix,396,4.95,1102000000
output.fenix,397,4.96,1102000000
output.fenix,398,4.97,1101000000
output.fenix,399,4.98,1101000000
output.fenix,400,4.99,1100000000
output.fenix,401,5,1099000000
output.fenix,402,5.01,1098000000
output.fenix,403,5.02,1097000000
output.fenix,404,5.03,1096000000
output.fenix,405,5.04,1095000000
output.fenix,406,5.05,1094000000
output.fenix,407,5.06,1093000000
output.fenix,408,5.07,1092000000
output.fenix,409,5.08,1091000000
output.fenix,410,5.09,1090000000
output.fenix,411,5.1,1089000000
output.fenix,412,5.11,1088000000
output.fenix,413,5.12,1087000000
output.fenix,414,5.13,1086000000
output.fenix,415,5.14,1085000000
output.fenix,416,5.15,1084000000
output.fenix,417,5.16,1083000000
output.fenix,418,5.17,1082000000
output.fenix,419,5.18,1081000000
output.fenix,420,5.19,1080000000
output.fenix,421,5.2,1079000000
output.fenix,422,5.21,1078000000
output.fenix,423,5.22,1077000000
output.fenix,424,5.23,1076000000
output.fenix,425,5.24,1075000000
output.fenix,426,5.25,1074000000
output.fenix,427,5.26,1073000000
output.fenix,428,5.27,1072000000
output.fenix,429,5.28,1071000000
output.fenix,430,5.29,1070000000
output.fenix,431,5.3,1069000000
output.fenix,432,5.31,1068000000
output.fenix,433,5.32,1067000000
output.fenix,434,5.33,1066000000
output.fenix,435,5.34,1065000000
output.fenix,436,5.35,1064000000
output.fenix,437,5.36,1063000000
output.fenix,438,5.37,1062000000
output.fenix,439,5.38,1061000000
output.fenix,440,5.39,1060000000
output.fenix,441,5.4,1059000000
output.fenix,442,5.41,1058000000
output.fenix,443,5.42,1057000000
output.fenix,444,5.43,1056000000
output.fenix,445,5.44,1055000000
output.fenix,446,5.45,1054000000
output.fenix,447,5.46,1053000000
output.fenix,448,5.47,1052000000
output.fenix,449,5.48,1051000000
output.fenix,450,5.49,1050000000
output.fenix,451,5.5,1049000000
output.fenix,452,5.51,1048000000
output.fenix,453,5.52,1047000000
output.fenix,454,5.53,1046000000
output.fenix,455,5.54,1045000000
output.fenix,456,5.55,1044000000
output.fenix,457,5.56,1043000000
output.fenix,458,5.57,1042000000
output.fenix,459,5.58,1041000000
output.fenix,460,5.59,1040000000
output.fenix,461,5.6,1039000000
output.fenix,462,5.61,1038000000
output.fenix,463,5.62,1037000000
output.fenix,464,5.63,1036000000
output.fenix,465,5.64,1035000000
output.fenix,466,5.65,1034000000
output.fenix,467,5.66,1033000000
output.fenix,468,5.67,1032000000
output.fenix,469,5.68,1031000000
output.fenix,470,5.69,1030000000
output.fenix,471,5.7,1029000000
output.fenix,472,5.71,1028000000
output.fenix,473,5.72,1027000000
output.fenix,474,5.73,1026000000
output.fenix,475,5.74,1025000000
output.fenix,476,5.75,1024000000
output.fenix,477,5.76,1023000000
output.fenix,478,5.77,1022000000
output.fenix,479,5.78,1021000000
output.fenix,480,5.79,1020000000
output.fenix,481,5.8,1019000000
output.fenix,482,5.81,1018000000
output.fenix,483,5.82,1017000000
output.fenix,484,5.83,1016000000
output.fenix,485,5.84,1015000000
output.fenix,486,5.85,1014000000
output.fenix,487,5.86,1013000000
output.fenix,488,5.87,1012000000
output.fenix,489,5.88,1011000000
output.fenix,490,5.89,1010000000
output.fenix,491,5.9,1009000000
output.fenix,492,5.91,1008000000
output.fenix,493,5.92,1007000000
output.fenix,494,5.93,1006000000
output.fenix,495,5.94,1005000000
output.fenix,496,5.95,1004000000
output.fenix,497,5.96,1003000000
output.fenix,498,5.97,1002000000
output.fenix,499,5.98,1001000000
output.fenix,500,5.99,1000000000
output.fenix,501,6,999000000
output.fenix,502,6.01,998000000
output.fenix,503,6.02,997000000
output.fenix,504,6.03,996000000
output.fenix,505,6.04,995000000
output.fenix,506,6.05,994000000
output.fenix,507,6.06,993000000
output.fenix,508,6.07,992000000
output.fenix,509,6.08,991000000
output.fenix,510,6.09,990000000
output.fenix,511,6.1,989000000
output.fenix,512,6.11,988000000
output.fenix,513,6.12,987000000
output.fenix,514,6.13,986000000
output.fenix,515,6.14,985000000
output.fenix,516,6.15,984000000
output.fenix,517,6.16,983000000
output.fenix,518,6.17,982000000
output.fenix,519,6.18,981000000
output.fenix,520,6.19,980000000
output.fenix,521,6.2,979000000
output.fenix,522,6.21,978000000
output.fenix,523,6.22,977000000
output.fenix,524,6.23,976000000
output.fenix,525,6.24,975000000
output.fenix,526,6.25,974000000
output.fenix,527,6.26,973000000
output.fenix,528,6.27,972000000
output.fenix,529,6.28,971000000
output.fenix,530,6.29,970000000
output.fenix,531,6.3,969000000
output.fenix,532,6.31,968000000
output.fenix,533,6.32,967000000
output.fenix,534,6.33,966000000
output.fenix,535,6.34,965000000
output.fenix,536,6.35,964000000
output.fenix,537,6.36,963000000
output.fenix,538,6.37,962000000
output.fenix,539,6.38,961000000
output.fenix,540,6.39,960000000
output.fenix,541,6.4,959000000
output.fenix,542,6.41,958000000
output.fenix,543,6.42,957000000
output.fenix,544,6.43,956000000
output.fenix,545,6.44,955000000
output.fenix,546,6.45,954000000
output.fenix,547,6.46,953000000
output.fenix,548,6.47,952000000
output.fenix,549,6.48,951000000
output.fenix,550,6.49,950000000
output.fenix,551,6.5,949000000
output.fenix,552,6.51,948000000
output.fenix,553,6.52,947000000
output.fenix,554,6.53,946000000
output.fenix,555,6.54,945000000
output.fenix,556,6.55,944000000
output.fenix,557,6.56,943000000
output.fenix,558,6.57,942000000
output.fenix,559,6.58,941000000
output.fenix,560,6.59,940000000
output.fenix,561,6.6,939000000
output.fenix,562,6.61,938000000
output.fenix,563,6.62,937000000
output.fenix,564,6.63,936000000
output.fenix,565,6.64,935000000
output.fenix,566,6.65,934000000
output.fenix,567,6.66,933000000
output.fenix,568,6.67,932000000
output.fenix,569,6.68,931000000
output.fenix,570,6.69,930000000
output.fenix,571,6.7,929000000
output.fenix,572,6.71,928000000
output.fenix,573,6.72,927000000
output.fenix,574,6.73,926000000
output.fenix,575,6.74,925000000
output.fenix,576,6.75,924000000
output.fenix,577,6.76,923000000
output.fenix,578,6.77,922000000
output.fenix,579,6.78,921000000
output.fenix,580,6.79,920000000
output.fenix,581,6.8,919000000
output.fenix,582,6.81,918000000
output.fenix,583,6.82,917000000
output.fenix,584,6.83,916000000
output.fenix,585,6.84,915000000
output.fenix,586,6.85,914000000
output.fenix,587,6.86,913000000
output.fenix,588,6.87,912000000
output.fenix,589,6.88,911000000
output.fenix,590,6.89,910000000
output.fenix,591,6.9,909000000
output.fenix,592,6.91,908000000
output.fenix,593,6.92,907000000
output.fenix,594,6.93,906000000
output.fenix,595,6.94,905000000
output.fenix,596,6.95,904000000
output.fenix,597,6.96,903000000
output.fenix,598,6.97,902000000
output.fenix,599,6.98,901000000
output.fenix,600,6.99,900000000
output.fenix,601,7,898700000
output.fenix,602,7.01,897300000
output.fenix,603,7.02,896000000
output.fenix,604,7.03,894700000
output.fenix,605,7.04,893300000
output.fenix,606,7.05,892000000
output.fenix,607,7.06,890700000
output.fenix,608,7.07,889300000
output.fenix,609,7.08,888000000
output.fenix,610,7.09,886700000
output.fenix,611,7.1,885300000
output.fenix,612,7.11,884000000
output.fenix,613,7.12,882700000
output.fenix,614,7.13,881300000
output.fenix,615,7.14,880000000
output.fenix,616,7.15,878700000
output.fenix,617,7.16,877300000
output.fenix,618,7.17,876000000
output.fenix,619,7.18,874700000
output.fenix,620,7.19,873300000
output.fenix,621,7.2,872000000
output.fenix,622,7.21,870700000
output.fenix,623,7.22,869300000
output.fenix,624,7.23,868000000
output.fenix,625,7.24,866700000
output.fenix,626,7.25,865300000
output.fenix,627,7.26,864000000
output.fenix,628,7.27,862700000
output.fenix,629,7.28,861300000
output.fenix,630,7.29,860000000
output.fenix,631,7.3,858700000
output.fenix,632,7.31,857300000
output.fenix,633,7.32,856000000
output.fenix,634,7.33,854700000
output.fenix,635,7.34,853300000
output.fenix,636,7.35,852000000
output.fenix,637,7.36,850700000
output.fenix,638,7.37,849300000
output.fenix,639,7.38,848000000
output.fenix,640,7.39,846700000
output.fenix,641,7.4,845300000
output.fenix,642,7.41,844000000
output.fenix,643,7.42,842700000
output.fenix,644,7.43,841300000
output.fenix,645,7.44,840000000
output.fenix,646,7.45,838700000
output.fenix,647,7.46,837300000
output.fenix,648,7.47,836000000
output.fenix,649,7.48,834700000
output.fenix,650,7.49,833300000
output.fenix,651,7.5,832000000
output.fenix,652,7.51,830700000
output.fenix,653,7.52,829300000
output.fenix,654,7.53,828000000
output.fenix,655,7.54,826700000
output.fenix,656,7.55,825300000
output.fenix,657,7.56,824000000
output.fenix,658,7.57,822700000
output.fenix,659,7.58,821300000
output.fenix,660,7.59,820000000
output.fenix,661,7.6,818700000
output.fenix,662,7.61,817300000
output.fenix,663,7.62,816000000
output.fenix,664,7.63,814700000
output.fenix,665,7.64,813300000
output.fenix,666,7.65,812000000
output.fenix,667,7.66,810700000
output.fenix,668,7.67,809300000
output.fenix,669,7.68,808000000
output.fenix,670,7.69,806700000
output.fenix,671,7.7,805300000
output.fenix,672,7.71,804000000
output.fenix,673,7.72,802700000
output.fenix,674,7.73,801300000
output.fenix,675,7.74,800000000
output.fenix,676,7.75,798700000
output.fenix,677,7.76,797300000
output.fenix,678,7.77,796000000
output.fenix,679,7.78,794700000
output.fenix,680,7.79,793300000
output.fenix,681,7.8,792000000
output.fenix,682,7.81,790700000
output.fenix,683,7.82,789300000
output.fenix,684,7.83,788000000
output.fenix,685,7.84,786700000
output.fenix,686,7.85,785300000
output.fenix,687,7.86,784000000
output.fenix,688,7.87,782700000
output.fenix,689,7.88,781300000
output.fenix,690,7.89,780000000
output.fenix,691,7.9,778700000
output.fenix,692,7.91,777300000
output.fenix,693,7.92,776000000
output.fenix,694,7.93,774700000
output.fenix,695,7.94,773300000
output.fenix,696,7.95,772000000
output.fenix,697,7.96,770700000
output.fenix,698,7.97,769300000
output.fenix,699,7.98,768000000
output.fenix,700,7.99,766700000
output.fenix,701,8,765300000
output.fenix,702,8.01,764000000
output.fenix,703,8.02,762700000
output.fenix,704,8.03,761300000
output.fenix,705,8.04,760000000
output.fenix,706,8.05,758700000
output.fenix,707,8.06,757300000
output.fenix,708,8.07,756000000
output.fenix,709,8.08,754700000
output.fenix,710,8.09,753300000
output.fenix,711,8.1,752000000
output.fenix,712,8.11,750700000
output.fenix,713,8.12,749300000
output.fenix,714,8.13,748000000
output.fenix,715,8.14,746700000
output.fenix,716,8.15,745300000
output.fenix,717,8.16,744000000
output.fenix,718,8.17,742700000
output.fenix,719,8.18,741300000
output.fenix,720,8.19,740000000
output.fenix,721,8.2,738700000
output.fenix,722,8.21,737300000
output.fenix,723,8.22,736000000
output.fenix,724,8.23,734700000
output.fenix,725,8.24,733300000
output.fenix,726,8.25,732000000
output.fenix,727,8.26,730700000
output.fenix,728,8.27,729300000
output.fenix,729,8.28,728000000
output.fenix,730,8.29,726700000
output.fenix,731,8.3,725300000
output.fenix,732,8.31,724000000
output.fenix,733,8.32,722700000
output.fenix,734,8.33,721300000
output.fenix,735,8.34,720000000
output.fenix,736,8.35,718700000
output.fenix,737,8.36,717300000
output.fenix,738,8.37,716000000
output.fenix,739,8.38,714700000
output.fenix,740,8.39,713300000
output.fenix,741,8.4,712000000
output.fenix,742,8.41,710700000
output.fenix,743,8.42,709300000
output.fenix,744,8.43,708000000
output.fenix,745,8.44,706700000
output.fenix,746,8.45,705300000
output.fenix,747,8.46,704000000
output.fenix,748,8.47,702700000
output.fenix,749,8.48,701300000
output.fenix,750,8.49,700000000
output.fenix,751,8.5,698000000
output.fenix,752,8.51,696000000
output.fenix,753,8.52,694000000
output.fenix,754,8.53,692000000
output.fenix,755,8.54,690000000
output.fenix,756,8.55,688000000
output.fenix,757,8.56,686000000
output.fenix,758,8.57,684000000
output.fenix,759,8.58,682000000
output.fenix,760,8.59,680000000
output.fenix,761,8.6,678000000
output.fenix,762,8.61,676000000
output.fenix,763,8.62,674000000
output.fenix,764,8.63,672000000
output.fenix,765,8.64,670000000
output.fenix,766,8.65,668000000
output.fenix,767,8.66,666000000
output.fenix,768,8.67,664000000
output.fenix,769,8.68,662000000
output.fenix,770,8.69,660000000
output.fenix,771,8.7,658000000
output.fenix,772,8.71,656000000
output.fenix,773,8.72,654000000
output.fenix,774,8.73,652000000
output.fenix,775,8.74,650000000
output.fenix,776,8.75,648000000
output.fenix,777,8.76,646000000
output.fenix,778,8.77,644000000
output.fenix,779,8.78,642000000
output.fenix,780,8.79,640000000
output.fenix,781,8.8,638000000
output.fenix,782,8.81,636000000
output.fenix,783,8.82,634000000
output.fenix,784,8.83,632000000
output.fenix,785,8.84,630000000
output.fenix,786,8.85,628000000
output.fenix,787,8.86,626000000
output.fenix,788,8.87,624000000
output.fenix,789,8.88,622000000
output.fenix,790,8.89,620000000
output.fenix,791,8.9,618000000
output.fenix,792,8.91,616000000
output.fenix,793,8.92,614000000
output.fenix,794,8.93,612000000
output.fenix,795,8.94,610000000
output.fenix,796,8.95,608000000
output.fenix,797,8.96,606000000
output.fenix,798,8.97,604000000
output.fenix,799,8.98,602000000
output.fenix,800,8.99,600000000
output.fenix,801,9,598700000
output.fenix,802,9.01,597300000
output.fenix,803,9.02,596000000
output.fenix,804,9.03,594700000
output.fenix,805,9.04,593300000
output.fenix,806,9.05,592000000,592000000
output.fenix,807,9.06,590700000,592000000
output.fenix,808,9.07,589300000,592000000
output.fenix,809,9.08,588000000,592000000
output.fenix,810,9.09,586700000,592000000
output.fenix,811,9.1,585300000,592000000
output.fenix,812,9.11,584000000,592000000
output.fenix,813,9.12,582700000,592000000
output.fenix,814,9.13,581300000,592000000
output.fenix,815,9.14,580000000,592000000
output.fenix,816,9.15,578700000,592000000
output.fenix,817,9.16,577300000,592000000
output.fenix,818,9.17,576000000,592000000
output.fenix,819,9.18,574700000,592000000
output.fenix,820,9.19,573300000,592000000
output.fenix,821,9.2,572000000,592000000
output.fenix,822,9.21,570700000,592000000
output.fenix,823,9.22,569300000,592000000
output.fenix,824,9.23,568000000,592000000
output.fenix,825,9.24,566700000,592000000
output.fenix,826,9.25,565300000,592000000
output.fenix,827,9.26,564000000,592000000
output.fenix,828,9.27,562700000,592000000
output.fenix,829,9.28,561300000,592000000
output.fenix,830,9.29,560000000,592000000
output.fenix,831,9.3,558700000,592000000
output.fenix,832,9.31,557300000,592000000
output.fenix,833,9.32,556000000,592000000
output.fenix,834,9.33,554700000,592000000
output.fenix,835,9.34,553300000,592000000
output.fenix,836,9.35,552000000,592000000
output.fenix,837,9.36,550700000,592000000
output.fenix,838,9.37,549300000,592000000
output.fenix,839,9.38,548000000,592000000
output.fenix,840,9.39,546700000,592000000
output.fenix,841,9.4,545300000,592000000
output.fenix,842,9.41,544000000,592000000
output.fenix,843,9.42,542700000,592000000
output.fenix,844,9.43,541300000,592000000
output.fenix,845,9.44,540000000,592000000
output.fenix,846,9.45,538700000,592000000
output.fenix,847,9.46,537300000,592000000
output.fenix,848,9.47,536000000,592000000
output.fenix,849,9.48,534700000,592000000
output.fenix,850,9.49,533300000,592000000
output.fenix,851,9.5,532000000,592000000
output.fenix,852,9.51,530700000,592000000
output.fenix,853,9.52,529300000,592000000
output.fenix,854,9.53,528000000,592000000
output.fenix,855,9.54,526700000,592000000
output.fenix,856,9.55,525300000,592000000
output.fenix,857,9.56,524000000,592000000
output.fenix,858,9.57,522700000,592000000
output.fenix,859,9.58,521300000,592000000
output.fenix,860,9.59,520000000,592000000
output.fenix,861,9.6,518700000,592000000
output.fenix,862,9.61,517300000,592000000
output.fenix,863,9.62,516000000,592000000
output.fenix,864,9.63,514700000,592000000
output.fenix,865,9.64,513300000,592000000
output.fenix,866,9.65,512000000,592000000
output.fenix,867,9.66,510700000,592000000
output.fenix,868,9.67,509300000,592000000
output.fenix,869,9.68,508000000,592000000
output.fenix,870,9.69,506700000,592000000
output.fenix,871,9.7,505300000,592000000
output.fenix,872,9.71,504000000,592000000
output.fenix,873,9.72,502700000,592000000
output.fenix,874,9.73,501300000,592000000
output.fenix,875,9.74,500000000,592000000
output.fenix,876,9.75,498700000,592000000
output.fenix,877,9.76,497300000,592000000
output.fenix,878,9.77,496000000,592000000
output.fenix,879,9.78,494700000,592000000
output.fenix,880,9.79,493300000,592000000
output.fenix,881,9.8,492000000,592000000
output.fenix,882,9.81,490700000,592000000
output.fenix,883,9.82,489300000,592000000
output.fenix,884,9.83,488000000,592000000
output.fenix,885,9.84,486700000,592000000
output.fenix,886,9.85,485300000,592000000
output.fenix,887,9.86,484000000,592000000
output.fenix,888,9.87,482700000,592000000
output.fenix,889,9.88,481300000,592000000
output.fenix,890,9.89,480000000,592000000
output.fenix,891,9.9,478700000,592000000
output.fenix,892,9.91,477300000,592000000
output.fenix,893,9.92,476000000,592000000
output.fenix,894,9.93,474700000,592000000
output.fenix,895,9.94,473300000,592000000
output.fenix,896,9.95,472000000,592000000
output.fenix,897,9.96,470700000,592000000
output.fenix,898,9.97,469300000,592000000
output.fenix,899,9.98,468000000,592000000
output.fenix,900,9.99,466700000,592000000
output.fenix,901,10,465300000,592000000
output.fenix,902,10.01,464000000,592000000
output.fenix,903,10.02,462700000,592000000
output.fenix,904,10.03,461300000,592000000
output.fenix,905,10.04,460000000,592000000
output.fenix,906,10.05,458700000,592000000
output.fenix,907,10.06,457300000,592000000
output.fenix,908,10.07,456000000,592000000
output.fenix,909,10.08,454700000,592000000
output.fenix,910,10.09,453300000,592000000
output.fenix,911,10.1,452000000,592000000
output.fenix,912,10.11,450700000,592000000
output.fenix,913,10.12,449300000,592000000
output.fenix,914,10.13,448000000,592000000
output.fenix,915,10.14,446700000,592000000
output.fenix,916,10.15,445300000,592000000
output.fenix,917,10.16,444000000,592000000
output.fenix,918,10.17,442700000,592000000
output.fenix,919,10.18,441300000,592000000
output.fenix,920,10.19,440000000,592000000
output.fenix,921,10.2,438700000,592000000
output.fenix,922,10.21,437300000,592000000
output.fenix,923,10.22,436000000,592000000
output.fenix,924,10.23,434700000,592000000
output.fenix,925,10.24,433300000,592000000
output.fenix,926,10.25,432000000,592000000
output.fenix,927,10.26,430700000,592000000
output.fenix,928,10.27,429300000,592000000
output.fenix,929,10.28,428000000,592000000
output.fenix,930,10.29,426700000,592000000
output.fenix,931,10.3,425300000,592000000
output.fenix,932,10.31,424000000,592000000
output.fenix,933,10.32,422700000,592000000
output.fenix,934,10.33,421300000,592000000
output.fenix,935,10.34,420000000,592000000
output.fenix,936,10.35,418700000,592000000
output.fenix,937,10.36,417300000,592000000
output.fenix,938,10.37,416000000,592000000
output.fenix,939,10.38,414700000,592000000
output.fenix,940,10.39,413300000,592000000
output.fenix,941,10.4,412000000,592000000
output.fenix,942,10.41,410700000,592000000
output.fenix,943,10.42,409300000,592000000
output.fenix,944,10.43,408000000,592000000
output.fenix,945,10.44,406700000,592000000
output.fenix,946,10.45,405300000,592000000
output.fenix,947,10.46,404000000,592000000
output.fenix,948,10.47,402700000,592000000
output.fenix,949,10.48,401300000,592000000
output.fenix,950,10.49,400000000,592000000
output.fenix,951,10.5,398900000,592000000
output.fenix,952,10.51,397800000,592000000
output.fenix,953,10.52,396700000,592000000
output.fenix,954,10.53,395600000,592000000
output.fenix,955,10.54,394400000,592000000
output.fenix,956,10.55,393300000,592000000
output.fenix,957,10.56,392200000,592000000
output.fenix,958,10.57,391100000,592000000
output.fenix,959,10.58,390000000,592000000
output.fenix,960,10.59,388900000,592000000
output.fenix,961,10.6,387800000,592000000
output.fenix,962,10.61,386700000,592000000
output.fenix,963,10.62,385600000,592000000
output.fenix,964,10.63,384400000,592000000
output.fenix,965,10.64,383300000,592000000
output.fenix,966,10.65,382200000,592000000
output.fenix,967,10.66,381100000,592000000
output.fenix,968,10.67,380000000,592000000
output.fenix,969,10.68,378900000,592000000
output.fenix,970,10.69,377800000,592000000
output.fenix,971,10.7,376700000,592000000
output.fenix,972,10.71,375600000,592000000
output.fenix,973,10.72,374400000,592000000
output.fenix,974,10.73,373300000,592000000
output.fenix,975,10.74,372200000,592000000
output.fenix,976,10.75,371100000,592000000
output.fenix,977,10.76,370000000,592000000
output.fenix,978,10.77,368900000,592000000
output.fenix,979,10.78,367800000,592000000
output.fenix,980,10.79,366700000,592000000
output.fenix,981,10.8,365600000,592000000
output.fenix,982,10.81,364400000,592000000
output.fenix,983,10.82,363300000,592000000
output.fenix,984,10.83,362200000,592000000
output.fenix,985,10.84,361100000,592000000
output.fenix,986,10.85,360000000,592000000
output.fenix,987,10.86,358900000,592000000
output.fenix,988,10.87,357800000,592000000
output.fenix,989,10.88,356700000,592000000
output.fenix,990,10.89,355600000,592000000
output.fenix,991,10.9,354400000,592000000
output.fenix,992,10.91,353300000,592000000
output.fenix,993,10.92,352200000,592000000
output.fenix,994,10.93,351100000,592000000
output.fenix,995,10.94,350000000,592000000
output.fenix,996,10.95,348900000,592000000
output.fenix,997,10.96,347800000,592000000
output.fenix,998,10.97,346700000,592000000
output.fenix,999,10.98,345600000,592000000
output.fenix,1000,10.99,344400000,592000000
output.fenix,1001,11,343300000
output.fenix,1002,14,342200000
output.fenix,1003,17,341100000
output.fenix,1004,20,340000000
output.fenix,1005,23,338900000
output.fenix,1006,26,337800000
output.fenix,1007,29,336700000
output.fenix,1008,32,335600000
output.fenix,1009,35,334400000
output.fenix,1010,38,333300000
output.fenix,1011,41,332200000
output.fenix,1012,44,331100000
output.fenix,1013,47,330000000
output.fenix,1014,50,328900000
output.fenix,1015,53,327800000
output.fenix,1016,56,326700000
output.fenix,1017,59,325600000
output.fenix,1018,62,324400000
output.fenix,1019,65,323300000
output.fenix,1020,68,322200000
output.fenix,1021,71,321100000
output.fenix,1022,74,320000000
output.fenix,1023,77,318900000
output.fenix,1024,80,317800000
output.fenix,1025,83,316700000
output.fenix,1026,86,315600000
output.fenix,1027,89,314400000
output.fenix,1028,92,313300000
output.fenix,1029,95,312200000
output.fenix,1030,98,311100000
output.fenix,1031,101,310000000
output.fenix,1032,104,308900000
output.fenix,1033,107,307800000
output.fenix,1034,110,306700000
output.fenix,1035,113,305600000
output.fenix,1036,116,304400000
output.fenix,1037,119,303300000
output.fenix,1038,122,302200000
output.fenix,1039,125,301100000
output.fenix,1040,128,300000000
output.fenix,1041,131,290000000
output.fenix,1042,134,280000000
output.fenix,1043,137,270000000
output.fenix,1044,140,260000000
output.fenix,1045,143,250000000
output.fenix,1046,146,240000000
output.fenix,1047,149,230000000
output.fenix,1048,152,220000000
output.fenix,1049,155,210000000
output.fenix,1050,158,200000000
output.fenix,1051,161,190000000
output.fenix,1052,164,180000000
output.fenix,1053,167,170000000
output.fenix,1054,170,160000000
output.fenix,1055,173,150000000
output.fenix,1056,176,140000000
output.fenix,1057,179,130000000
output.fenix,1058,182,120000000
output.fenix,1059,185,110000000
output.fenix,1060,188,100000000
output.fenix,1061,191,99860000
output.fenix,1062,194,99730000
output.fenix,1063,197,99590000
output.fenix,1064,200,99460000
output.fenix,1065,203,99320000
output.fenix,1066,206,99190000
output.fenix,1067,209,99050000
output.fenix,1068,212,98920000
output.fenix,1069,215,98780000
output.fenix,1070,218,98650000
output.fenix,1071,221,98510000
output.fenix,1072,224,98380000
output.fenix,1073,227,98240000
output.fenix,1074,230,98110000
output.fenix,1075,233,97970000
output.fenix,1076,236,97840000
output.fenix,1077,239,97700000
output.fenix,1078,242,97570000
output.fenix,1079,245,97430000
output.fenix,1080,248,97300000
output.fenix,1081,251,97160000
output.fenix,1082,254,97030000
output.fenix,1083,257,96890000
output.fenix,1084,260,96760000
output.fenix,1085,263,96620000
output.fenix,1086,266,96490000
output.fenix,1087,269,96350000
output.fenix,1088,272,96220000
output.fenix,1089,275,96080000
output.fenix,1090,278,95950000
output.fenix,1091,281,95810000
output.fenix,1092,284,95680000
output.fenix,1093,287,95540000
output.fenix,1094,290,95410000
output.fenix,1095,293,95270000
output.fenix,1096,296,95140000
output.fenix,1097,299,95000000
output.fenix,1098,302,94860000
output.fenix,1099,305,94730000
output.fenix,1100,308,94590000
output.fenix,1101,311,94460000
output.fenix,1102,314,94320000
output.fenix,1103,317,94190000
output.fenix,1104,320,94050000
output.fenix,1105,323,93920000
output.fenix,1106,326,93780000
output.fenix,1107,329,93650000
output.fenix,1108,332,93510000
output.fenix,1109,335,93380000
output.fenix,1110,338,93240000
output.fenix,1111,341,93110000
output.fenix,1112,344,92970000
output.fenix,1113,347,92840000
output.fenix,1114,350,92700000
output.fenix,1115,353,92570000
output.fenix,1116,356,92430000
output.fenix,1117,359,92300000
output.fenix,1118,362,92160000
output.fenix,1119,365,92030000
output.fenix,1120,368,91890000
output.fenix,1121,371,91760000
output.fenix,1122,374,91620000
output.fenix,1123,377,91490000
output.fenix,1124,380,91350000
output.fenix,1125,383,91220000
output.fenix,1126,386,91080000
output.fenix,1127,389,90950000
output.fenix,1128,392,90810000
output.fenix,1129,395,90680000
output.fenix,1130,398,90540000
output.fenix,1131,401,90410000
output.fenix,1132,404,90270000
output.fenix,1133,407,90140000
output.fenix,1134,410,90000000
output.fenix,1135,413,89860000
output.fenix,1136,416,89730000
output.fenix,1137,419,89590000
output.fenix,1138,422,89460000
output.fenix,1139,425,89320000
output.fenix,1140,428,89190000
output.fenix,1141,431,89050000
output.fenix,1142,434,88920000
output.fenix,1143,437,88780000
output.fenix,1144,440,88650000
output.fenix,1145,443,88510000
output.fenix,1146,446,88380000
output.fenix,1147,449,88240000
output.fenix,1148,452,88110000
output.fenix,1149,455,87970000
output.fenix,1150,458,87840000
output.fenix,1151,461,87700000
output.fenix,1152,464,87570000
output.fenix,1153,467,87430000
output.fenix,1154,470,87300000
output.fenix,1155,473,87160000
output.fenix,1156,476,87030000
output.fenix,1157,479,86890000
output.fenix,1158,482,86760000
output.fenix,1159,485,86620000
output.fenix,1160,488,86490000
output.fenix,1161,491,86350000
output.fenix,1162,494,86220000
output.fenix,1163,497,86080000
output.fenix,1164,500,85950000
output.fenix,1165,503,85810000
output.fenix,1166,506,85680000
output.fenix,1167,509,85540000
output.fenix,1168,512,85410000
output.fenix,1169,515,85270000
output.fenix,1170,518,85140000
output.fenix,1171,521,85000000
output.fenix,1172,524,84860000
output.fenix,1173,527,84730000
output.fenix,1174,530,84590000
output.fenix,1175,533,84460000
output.fenix,1176,536,84320000
output.fenix,1177,539,84190000
output.fenix,1178,542,84050000
output.fenix,1179,545,83920000
output.fenix,1180,548,83780000
output.fenix,1181,551,83650000
output.fenix,1182,554,83510000
output.fenix,1183,557,83380000
output.fenix,1184,560,83240000
output.fenix,1185,563,83110000
output.fenix,1186,566,82970000
output.fenix,1187,569,82840000
output.fenix,1188,572,82700000
output.fenix,1189,575,82570000
output.fenix,1190,578,82430000
output.fenix,1191,581,82300000
output.fenix,1192,584,82160000
output.fenix,1193,587,82030000
output.fenix,1194,590,81890000
output.fenix,1195,593,81760000
output.fenix,1196,596,81620000
output.fenix,1197,599,81490000
output.fenix,1198,602,81350000
output.fenix,1199,605,81220000
output.fenix,1200,608,81080000
output.fenix,1201,611,80950000
output.fenix,1202,614,80810000
output.fenix,1203,617,80680000
output.fenix,1204,620,80540000
output.fenix,1205,623,80410000
output.fenix,1206,626,80270000
output.fenix,1207,629,80140000
output.fenix,1208,632,80000000
output.fenix,1209,635,79860000
output.fenix,1210,638,79730000
output.fenix,1211,641,79590000
output.fenix,1212,644,79460000
output.fenix,1213,647,79320000
output.fenix,1214,650,79190000
output.fenix,1215,653,79050000
output.fenix,1216,656,78920000
output.fenix,1217,659,78780000
output.fenix,1218,662,78650000
output.fenix,1219,665,78510000
output.fenix,1220,668,78380000
output.fenix,1221,671,78240000
output.fenix,1222,674,78110000
output.fenix,1223,677,77970000
output.fenix,1224,680,77840000
output.fenix,1225,683,77700000
output.fenix,1226,686,77570000
output.fenix,1227,689,77430000
output.fenix,1228,692,77300000
output.fenix,1229,695,77160000
output.fenix,1230,698,77030000
output.fenix,1231,701,76890000
output.fenix,1232,704,76760000
output.fenix,1233,707,76620000
output.fenix,1234,710,76490000
output.fenix,1235,713,76350000
output.fenix,1236,716,76220000
output.fenix,1237,719,76080000
output.fenix,1238,722,75950000
output.fenix,1239,725,75810000
output.fenix,1240,728,75680000
output.fenix,1241,731,75540000
output.fenix,1242,734,75410000
output.fenix,1243,737,75270000
output.fenix,1244,740,75140000
output.fenix,1245,743,75000000
output.fenix,1246,746,74860000
output.fenix,1247,749,74730000
output.fenix,1248,752,74590000
output.fenix,1249,755,74460000
output.fenix,1250,758,74320000
output.fenix,1251,761,74190000
output.fenix,1252,764,74050000
output.fenix,1253,767,73920000
output.fenix,1254,770,73780000
output.fenix,1255,773,73650000
output.fenix,1256,776,73510000
output.fenix,1257,779,73380000
output.fenix,1258,782,73240000
output.fenix,1259,785,73110000
output.fenix,1260,788,72970000
output.fenix,1261,791,72840000
output.fenix,1262,794,72700000
output.fenix,1263,797,72570000
output.fenix,1264,800,72430000
output.fenix,1265,803,72300000
output.fenix,1266,806,72160000
output.fenix,1267,809,72030000
output.fenix,1268,812,71890000
output.fenix,1269,815,71760000
output.fenix,1270,818,71620000
output.fenix,1271,821,71490000
output.fenix,1272,824,71350000
output.fenix,1273,827,71220000
output.fenix,1274,830,71080000
output.fenix,1275,833,70950000
output.fenix,1276,836,70810000
output.fenix,1277,839,70680000
output.fenix,1278,842,70540000
output.fenix,1279,845,70410000
output.fenix,1280,848,70270000
output.fenix,1281,851,70140000
output.fenix,1282,854,70000000
output.fenix,1283,857,69860000
output.fenix,1284,860,69730000
output.fenix,1285,863,69590000
output.fenix,1286,866,69460000
output.fenix,1287,869,69320000
output.fenix,1288,872,69190000
output.fenix,1289,875,69050000
output.fenix,1290,878,68920000
output.fenix,1291,881,68780000
output.fenix,1292,884,68650000
output.fenix,1293,887,68510000
output.fenix,1294,890,68380000
output.fenix,1295,893,68240000
output.fenix,1296,896,68110000
output.fenix,1297,899,67970000
output.fenix,1298,902,67840000
output.fenix,1299,905,67700000
output.fenix,1300,908,67570000
output.fenix,1301,911,67430000
output.fenix,1302,914,67300000
output.fenix,1303,917,67160000
output.fenix,1304,920,67030000
output.fenix,1305,923,66890000
output.fenix,1306,926,66760000
output.fenix,1307,929,66620000
output.fenix,1308,932,66490000
output.fenix,1309,935,66350000
output.fenix,1310,938,66220000
output.fenix,1311,941,66080000
output.fenix,1312,944,65950000
output.fenix,1313,947,65810000
output.fenix,1314,950,65680000
output.fenix,1315,953,65540000
output.fenix,1316,956,65410000
output.fenix,1317,959,65270000
output.fenix,1318,962,65140000
output.fenix,1319,965,65000000
output.fenix,1320,968,64860000
output.fenix,1321,971,64730000
output.fenix,1322,974,64590000
output.fenix,1323,977,64460000
output.fenix,1324,980,64320000
output.fenix,1325,983,64190000
output.fenix,1326,986,64050000
output.fenix,1327,989,63920000
output.fenix,1328,992,63780000
output.fenix,1329,995,63650000
output.fenix,1330,998,63510000
output.fenix,1331,1001,63380000
output.fenix,1332,1004,63240000
output.fenix,1333,1007,63110000
output.fenix,1334,1010,62970000
output.fenix,1335,1013,62840000
output.fenix,1336,1016,62700000
output.fenix,1337,1019,62570000
output.fenix,1338,1022,62430000
output.fenix,1339,1025,62300000
output.fenix,1340,1028,62160000
output.fenix,1341,1031,62030000
output.fenix,1342,1034,61890000
output.fenix,1343,1037,61760000
output.fenix,1344,1040,61620000
output.fenix,1345,1043,61490000
output.fenix,1346,1046,61350000
output.fenix,1347,1049,61220000
output.fenix,1348,1052,61080000
output.fenix,1349,1055,60950000
output.fenix,1350,1058,60810000
output.fenix,1351,1061,60680000
output.fenix,1352,1064,60540000
output.fenix,1353,1067,60410000
output.fenix,1354,1070,60270000
output.fenix,1355,1073,60140000
output.fenix,1356,1076,60000000
output.fenix,1357,1079,59860000
output.fenix,1358,1082,59730000
output.fenix,1359,1085,59590000
output.fenix,1360,1088,59460000
output.fenix,1361,1091,59320000
output.fenix,1362,1094,59190000
output.fenix,1363,1097,59050000
output.fenix,1364,1100,58920000
output.fenix,1365,1103,58780000
output.fenix,1366,1106,58650000
output.fenix,1367,1109,58510000
output.fenix,1368,1112,58380000
output.fenix,1369,1115,58240000
output.fenix,1370,1118,58110000
output.fenix,1371,1121,57970000
output.fenix,1372,1124,57840000
output.fenix,1373,1127,57700000
output.fenix,1374,1130,57570000
output.fenix,1375,1133,57430000
output.fenix,1376,1136,57300000
output.fenix,1377,1139,57160000
output.fenix,1378,1142,57030000
output.fenix,1379,1145,56890000
output.fenix,1380,1148,56760000
output.fenix,1381,1151,56620000
output.fenix,1382,1154,56490000
output.fenix,1383,1157,56350000
output.fenix,1384,1160,56220000
output.fenix,1385,1163,56080000
output.fenix,1386,1166,55950000
output.fenix,1387,1169,55810000
output.fenix,1388,1172,55680000
output.fenix,1389,1175,55540000
output.fenix,1390,1178,55410000
output.fenix,1391,1181,55270000
output.fenix,1392,1184,55140000
output.fenix,1393,1187,55000000
output.fenix,1394,1190,54860000
output.fenix,1395,1193,54730000
output.fenix,1396,1196,54590000
output.fenix,1397,1199,54460000
output.fenix,1398,1202,54320000
output.fenix,1399,1205,54190000
output.fenix,1400,1208,54050000
output.fenix,1401,1211,53920000
output.fenix,1402,1214,53780000
output.fenix,1403,1217,53650000
output.fenix,1404,1220,53510000
output.fenix,1405,1223,53380000
output.fenix,1406,1226,53240000
output.fenix,1407,1229,53110000
output.fenix,1408,1232,52970000
output.fenix,1409,1235,52840000
output.fenix,1410,1238,52700000
output.fenix,1411,1241,52570000
output.fenix,1412,1244,52430000
output.fenix,1413,1247,52300000
output.fenix,1414,1250,52160000
output.fenix,1415,1253,52030000
output.fenix,1416,1256,51890000
output.fenix,1417,1259,51760000
output.fenix,1418,1262,51620000
output.fenix,1419,1265,51490000
output.fenix,1420,1268,51350000
output.fenix,1421,1271,51220000
output.fenix,1422,1274,51080000
output.fenix,1423,1277,50950000
output.fenix,1424,1280,50810000
output.fenix,1425,1283,50680000
output.fenix,1426,1286,50540000
output.fenix,1427,1289,50410000
output.fenix,1428,1292,50270000
output.fenix,1429,1295,50140000
output.fenix,1430,1298,50000000
output.fenix,1431,1301,49860000
output.fenix,1432,1304,49730000
output.fenix,1433,1307,49590000
output.fenix,1434,1310,49460000
output.fenix,1435,1313,49320000
output.fenix,1436,1316,49190000
output.fenix,1437,1319,49050000
output.fenix,1438,1322,48920000
output.fenix,1439,1325,48780000
output.fenix,1440,1328,48650000
output.fenix,1441,1331,48510000
output.fenix,1442,1334,48380000
output.fenix,1443,1337,48240000
output.fenix,1444,1340,48110000
output.fenix,1445,1343,47970000
output.fenix,1446,1346,47840000
output.fenix,1447,1349,47700000
output.fenix,1448,1352,47570000
output.fenix,1449,1355,47430000
output.fenix,1450,1358,47300000
output.fenix,1451,1361,47160000
output.fenix,1452,1364,47030000
output.fenix,1453,1367,46890000
output.fenix,1454,1370,46760000
output.fenix,1455,1373,46620000
output.fenix,1456,1376,46490000
output.fenix,1457,1379,46350000
output.fenix,1458,1382,46220000
output.fenix,1459,1385,46080000
output.fenix,1460,1388,45950000
output.fenix,1461,1391,45810000
output.fenix,1462,1394,45680000
output.fenix,1463,1397,45540000
output.fenix,1464,1400,45410000
output.fenix,1465,1403,45270000
output.fenix,1466,1406,45140000
output.fenix,1467,1409,45000000
output.fenix,1468,1412,44860000
output.fenix,1469,1415,44730000
output.fenix,1470,1418,44590000
output.fenix,1471,1421,44460000
output.fenix,1472,1424,44320000
output.fenix,1473,1427,44190000
output.fenix,1474,1430,44050000
output.fenix,1475,1433,43920000
output.fenix,1476,1436,43780000
output.fenix,1477,1439,43650000
output.fenix,1478,1442,43510000
output.fenix,1479,1445,43380000
output.fenix,1480,1448,43240000
output.fenix,1481,1451,43110000
output.fenix,1482,1454,42970000
output.fenix,1483,1457,42840000
output.fenix,1484,1460,42700000
output.fenix,1485,1463,42570000
output.fenix,1486,1466,42430000
output.fenix,1487,1469,42300000
output.fenix,1488,1472,42160000
output.fenix,1489,1475,42030000
output.fenix,1490,1478,41890000
output.fenix,1491,1481,41760000
output.fenix,1492,1484,41620000
output.fenix,1493,1487,41490000
output.fenix,1494,1490,41350000
output.fenix,1495,1493,41220000
output.fenix,1496,1496,41080000
output.fenix,1497,1499,40950000
output.fenix,1498,1502,40810000
output.fenix,1499,1505,40680000
output.fenix,1500,1508,40540000
output.fenix,1501,1511,40410000
output.fenix,1502,1514,40270000
output.fenix,1503,1517,40140000
output.fenix,1504,1520,40000000
output.fenix,1505,1523,39860000
output.fenix,1506,1526,39730000
output.fenix,1507,1529,39590000
output.fenix,1508,1532,39460000
output.fenix,1509,1535,39320000
output.fenix,1510,1538,39190000
output.fenix,1511,1541,39050000
output.fenix,1512,1544,38920000
output.fenix,1513,1547,38780000
output.fenix,1514,1550,38650000
output.fenix,1515,1553,38510000
output.fenix,1516,1556,38380000
output.fenix,1517,1559,38240000
output.fenix,1518,1562,38110000
output.fenix,1519,1565,37970000
output.fenix,1520,1568,37840000
output.fenix,1521,1571,37700000
output.fenix,1522,1574,37570000
output.fenix,1523,1577,37430000
output.fenix,1524,1580,37300000
output.fenix,1525,1583,37160000
output.fenix,1526,1586,37030000
output.fenix,1527,1589,36890000
output.fenix,1528,1592,36760000
output.fenix,1529,1595,36620000
output.fenix,1530,1598,36490000
output.fenix,1531,1601,36350000
output.fenix,1532,1604,36220000
output.fenix,1533,1607,36080000
output.fenix,1534,1610,35950000
output.fenix,1535,1613,35810000
output.fenix,1536,1616,35680000
output.fenix,1537,1619,35540000
output.fenix,1538,1622,35410000
output.fenix,1539,1625,35270000
output.fenix,1540,1628,35140000
output.fenix,1541,1631,35000000
output.fenix,1542,1634,34860000
output.fenix,1543,1637,34730000
output.fenix,1544,1640,34590000
output.fenix,1545,1643,34460000
output.fenix,1546,1646,34320000
output.fenix,1547,1649,34190000
output.fenix,1548,1652,34050000
output.fenix,1549,1655,33920000
output.fenix,1550,1658,33780000
output.fenix,1551,1661,33650000
output.fenix,1552,1664,33510000
output.fenix,1553,1667,33380000
output.fenix,1554,1670,33240000
output.fenix,1555,1673,33110000
output.fenix,1556,1676,32970000
output.fenix,1557,1679,32840000
output.fenix,1558,1682,32700000
output.fenix,1559,1685,32570000
output.fenix,1560,1688,32430000
output.fenix,1561,1691,32300000
output.fenix,1562,1694,32160000
output.fenix,1563,1697,32030000
output.fenix,1564,1700,31890000
output.fenix,1565,1703,31760000
output.fenix,1566,1706,31620000
output.fenix,1567,1709,31490000
output.fenix,1568,1712,31350000
output.fenix,1569,1715,31220000
output.fenix,1570,1718,31080000
output.fenix,1571,1721,30950000
output.fenix,1572,1724,30810000
output.fenix,1573,1727,30680000
output.fenix,1574,1730,30540000
output.fenix,1575,1733,30410000
output.fenix,1576,1736,30270000
output.fenix,1577,1739,30140000
output.fenix,1578,1742,30000000
output.fenix,1579,1745,29860000
output.fenix,1580,1748,29730000
output.fenix,1581,1751,29590000
output.fenix,1582,1754,29460000
output.fenix,1583,1757,29320000
output.fenix,1584,1760,29190000
output.fenix,1585,1763,29050000
output.fenix,1586,1766,28920000
output.fenix,1587,1769,28780000
output.fenix,1588,1772,28650000
output.fenix,1589,1775,28510000
output.fenix,1590,1778,28380000
output.fenix,1591,1781,28240000
output.fenix,1592,1784,28110000
output.fenix,1593,1787,27970000
output.fenix,1594,1790,27840000
output.fenix,1595,1793,27700000
output.fenix,1596,1796,27570000
output.fenix,1597,1799,27430000
output.fenix,1598,1802,27300000
output.fenix,1599,1805,27160000
output.fenix,1600,1808,27030000
output.fenix,1601,1811,26890000
output.fenix,1602,1814,26760000
output.fenix,1603,1817,26620000
output.fenix,1604,1820,26490000
output.fenix,1605,1823,26350000
output.fenix,1606,1826,26220000
output.fenix,1607,1829,26080000
output.fenix,1608,1832,25950000
output.fenix,1609,1835,25810000
output.fenix,1610,1838,25680000
output.fenix,1611,1841,25540000
output.fenix,1612,1844,25410000
output.fenix,1613,1847,25270000
output.fenix,1614,1850,25140000
output.fenix,1615,1853,25000000
output.fenix,1616,1856,24860000
output.fenix,1617,1859,24730000
output.fenix,1618,1862,24590000
output.fenix,1619,1865,24460000
output.fenix,1620,1868,24320000
output.fenix,1621,1871,24190000
output.fenix,1622,1874,24050000
output.fenix,1623,1877,23920000
output.fenix,1624,1880,23780000
output.fenix,1625,1883,23650000
output.fenix,1626,1886,23510000
output.fenix,1627,1889,23380000
output.fenix,1628,1892,23240000
output.fenix,1629,1895,23110000
output.fenix,1630,1898,22970000
output.fenix,1631,1901,22840000
output.fenix,1632,1904,22700000
output.fenix,1633,1907,22570000
output.fenix,1634,1910,22430000
output.fenix,1635,1913,22300000
output.fenix,1636,1916,22160000
output.fenix,1637,1919,22030000
output.fenix,1638,1922,21890000
output.fenix,1639,1925,21760000
output.fenix,1640,1928,21620000
output.fenix,1641,1931,21490000
output.fenix,1642,1934,21350000
output.fenix,1643,1937,21220000
output.fenix,1644,1940,21080000
output.fenix,1645,1943,20950000
output.fenix,1646,1946,20810000
output.fenix,1647,1949,20680000
output.fenix,1648,1952,20540000
output.fenix,1649,1955,20410000
output.fenix,1650,1958,20270000
output.fenix,1651,1961,20140000
output.fenix,1652,1964,20000000
output.fenix,1653,1967,19860000
output.fenix,1654,1970,19730000
output.fenix,1655,1973,19590000
output.fenix,1656,1976,19460000
output.fenix,1657,1979,19320000
output.fenix,1658,1982,19190000
output.fenix,1659,1985,19050000
output.fenix,1660,1988,18920000
output.fenix,1661,1991,18780000
output.fenix,1662,1994,18650000
output.fenix,1663,1997,18510000
output.fenix,1664,2000,18380000
output.fenix,1665,2003,18240000
output.fenix,1666,2006,18110000
output.fenix,1667,2009,17970000
output.fenix,1668,2012,17840000
output.fenix,1669,2015,17700000
output.fenix,1670,2018,17570000
output.fenix,1671,2021,17430000
output.fenix,1672,2024,17300000
output.fenix,1673,2027,17160000
output.fenix,1674,2030,17030000
output.fenix,1675,2033,16890000
output.fenix,1676,2036,16760000
output.fenix,1677,2039,16620000
output.fenix,1678,2042,16490000
output.fenix,1679,2045,16350000
output.fenix,1680,2048,16220000
output.fenix,1681,2051,16080000
output.fenix,1682,2054,15950000
output.fenix,1683,2057,15810000
output.fenix,1684,2060,15680000
output.fenix,1685,2063,15540000
output.fenix,1686,2066,15410000
output.fenix,1687,2069,15270000
output.fenix,1688,2072,15140000
output.fenix,1689,2075,15000000
output.fenix,1690,2078,14860000
output.fenix,1691,2081,14730000
output.fenix,1692,2084,14590000
output.fenix,1693,2087,14460000
output.fenix,1694,2090,14320000
output.fenix,1695,2093,14190000
output.fenix,1696,2096,14050000
output.fenix,1697,2099,13920000
output.fenix,1698,2102,13780000
output.fenix,1699,2105,13650000
output.fenix,1700,2108,13510000
output.fenix,1701,2111,13380000
output.fenix,1702,2114,13240000
output.fenix,1703,2117,13110000
output.fenix,1704,2120,12970000
output.fenix,1705,2123,12840000
output.fenix,1706,2126,12700000
output.fenix,1707,2129,12570000
output.fenix,1708,2132,12430000
output.fenix,1709,2135,12300000
output.fenix,1710,2138,12160000
output.fenix,1711,2141,12030000
output.fenix,1712,2144,11890000
output.fenix,1713,2147,11760000
output.fenix,1714,2150,11620000
output.fenix,1715,2153,11490000
output.fenix,1716,2156,11350000
output.fenix,1717,2159,11220000
output.fenix,1718,2162,11080000
output.fenix,1719,2165,10950000
output.fenix,1720,2168,10810000
output.fenix,1721,2171,10680000
output.fenix,1722,2174,10540000
output.fenix,1723,2177,10410000
output.fenix,1724,2180,10270000
output.fenix,1725,2183,10140000
output.fenix,1726,2186,10000000
output.fenix,1727,2189,9865000
output.fenix,1728,2192,9730000
output.fenix,1729,2195,9595000
output.fenix,1730,2198,9459000
output.fenix,1731,2201,9324000
output.fenix,1732,2204,9189000
output.fenix,1733,2207,9054000
output.fenix,1734,2210,8919000
output.fenix,1735,2213,8784000
output.fenix,1736,2216,8649000
output.fenix,1737,2219,8514000
output.fenix,1738,2222,8378000
output.fenix,1739,2225,8243000
output.fenix,1740,2228,8108000
output.fenix,1741,2231,7973000
output.fenix,1742,2234,7838000
output.fenix,1743,2237,7703000
output.fenix,1744,2240,7568000
output.fenix,1745,2243,7432000
output.fenix,1746,2246,7297000
output.fenix,1747,2249,7162000
output.fenix,1748,2252,7027000
output.fenix,1749,2255,6892000
output.fenix,1750,2258,6757000
output.fenix,1751,2261,6622000
output.fenix,1752,2264,6486000
output.fenix,1753,2267,6351000
output.fenix,1754,2270,6216000
output.fenix,1755,2273,6081000
output.fenix,1756,2276,5946000
output.fenix,1757,2279,5811000
output.fenix,1758,2282,5676000
output.fenix,1759,2285,5541000
output.fenix,1760,2288,5405000
output.fenix,1761,2291,5270000
output.fenix,1762,2294,5135000
output.fenix,1763,2297,5000000
output.fenix,1764,2300,4865000
output.fenix,1765,2303,4730000
output.fenix,1766,2306,4595000
output.fenix,1767,2309,4459000
output.fenix,1768,2312,4324000
output.fenix,1769,2315,4189000
output.fenix,1770,2318,4054000
output.fenix,1771,2321,3919000
output.fenix,1772,2324,3784000
output.fenix,1773,2327,3649000
output.fenix,1774,2330,3514000
output.fenix,1775,2333,3378000
output.fenix,1776,2336,3243000
output.fenix,1777,2339,3108000
output.fenix,1778,2342,2973000
output.fenix,1779,2345,2838000
output.fenix,1780,2348,2703000
output.fenix,1781,2351,2568000
output.fenix,1782,2354,2432000
output.fenix,1783,2357,2297000
output.fenix,1784,2360,2162000
output.fenix,1785,2363,2027000
output.fenix,1786,2366,1892000
output.fenix,1787,2369,1757000
output.fenix,1788,2372,1622000
output.fenix,1789,2375,1486000
output.fenix,1790,2378,1351000
output.fenix,1791,2381,1216000
output.fenix,1792,2384,1081000
output.fenix,1793,2387,945900
output.fenix,1794,2390,810800
output.fenix,1795,2393,675700
output.fenix,1796,2396,540500
output.fenix,1797,2399,405400
output.fenix,1798,2402,270300
output.fenix,1799,2405,135100
output.fenix,1800,2408,0
output.gamma,1,1,1300000000
output.gamma,2,1.01,1299000000
output.gamma,3,1.02,1299000000
output.gamma,4,1.03,1298000000
output.gamma,5,1.04,1298000000
output.gamma,6,1.05,1298000000
output.gamma,7,1.06,1297000000
output.gamma,8,1.07,1297000000
output.gamma,9,1.08,1296000000
output.gamma,10,1.09,1296000000
output.gamma,11,1.1,1296000000
output.gamma,12,1.11,1295000000
output.gamma,13,1.12,1295000000
output.gamma,14,1.13,1294000000
output.gamma,15,1.14,1294000000
output.gamma,16,1.15,1294000000
output.gamma,17,1.16,1293000000
output.gamma,18,1.17,1293000000
output.gamma,19,1.18,1292000000
output.gamma,20,1.19,1292000000
output.gamma,21,1.2,1292000000
output.gamma,22,1.21,1291000000
output.gamma,23,1.22,1291000000
output.gamma,24,1.23,1290000000
output.gamma,25,1.24,1290000000
output.gamma,26,1.25,1290000000
output.gamma,27,1.26,1289000000
output.gamma,28,1.27,1289000000
output.gamma,29,1.28,1288000000
output.gamma,30,1.29,1288000000
output.gamma,31,1.3,1288000000
output.gamma,32,1.31,1287000000
output.gamma,33,1.32,1287000000
output.gamma,34,1.33,1286000000
output.gamma,35,1.34,1286000000
output.gamma,36,1.35,1286000000
output.gamma,37,1.36,1285000000
output.gamma,38,1.37,1285000000
output.gamma,39,1.38,1284000000
output.gamma,40,1.39,1284000000
output.gamma,41,1.4,1284000000
output.gamma,42,1.41,1283000000
output.gamma,43,1.42,1283000000
output.gamma,44,1.43,1282000000
output.gamma,45,1.44,1282000000
output.gamma,46,1.45,1282000000
output.gamma,47,1.46,1281000000
output.gamma,48,1.47,1281000000
output.gamma,49,1.48,1280000000
output.gamma,50,1.49,1280000000
output.gamma,51,1.5,1280000000
output.gamma,52,1.51,1279000000
output.gamma,53,1.52,1279000000
output.gamma,54,1.53,1278000000
output.gamma,55,1.54,1278000000
output.gamma,56,1.55,1278000000
output.gamma,57,1.56,1277000000
output.gamma,58,1.57,1277000000
output.gamma,59,1.58,1276000000
output.gamma,60,1.59,1276000000
output.gamma,61,1.6,1276000000
output.gamma,62,1.61,1275000000
output.gamma,63,1.62,1275000000
output.gamma,64,1.63,1274000000
output.gamma,65,1.64,1274000000
output.gamma,66,1.65,1274000000
output.gamma,67,1.66,1273000000
output.gamma,68,1.67,1273000000
output.gamma,69,1.68,1272000000
output.gamma,70,1.69,1272000000
output.gamma,71,1.7,1272000000
output.gamma,72,1.71,1271000000
output.gamma,73,1.72,1271000000
output.gamma,74,1.73,1270000000
output.gamma,75,1.74,1270000000
output.gamma,76,1.75,1270000000
output.gamma,77,1.76,1269000000
output.gamma,78,1.77,1269000000
output.gamma,79,1.78,1268000000
output.gamma,80,1.79,1268000000
output.gamma,81,1.8,1268000000
output.gamma,82,1.81,1267000000
output.gamma,83,1.82,1267000000
output.gamma,84,1.83,1266000000
output.gamma,85,1.84,1266000000
output.gamma,86,1.85,1266000000
output.gamma,87,1.86,1265000000
output.gamma,88,1.87,1265000000
output.gamma,89,1.88,1264000000
output.gamma,90,1.89,1264000000
output.gamma,91,1.9,1264000000
output.gamma,92,1.91,1263000000
output.gamma,93,1.92,1263000000
output.gamma,94,1.93,1262000000
output.gamma,95,1.94,1262000000
output.gamma,96,1.95,1262000000
output.gamma,97,1.96,1261000000
output.gamma,98,1.97,1261000000
output.gamma,99,1.98,1260000000
output.gamma,100,1.99,1260000000
output.gamma,101,2,1260000000
output.gamma,102,2.01,1259000000
output.gamma,103,2.02,1259000000
output.gamma,104,2.03,1258000000
output.gamma,105,2.04,1258000000
output.gamma,106,2.05,1258000000
output.gamma,107,2.06,1257000000
output.gamma,108,2.07,1257000000
output.gamma,109,2.08,1256000000
output.gamma,110,2.09,1256000000
output.gamma,111,2.1,1256000000
output.gamma,112,2.11,1255000000
output.gamma,113,2.12,1255000000
output.gamma,114,2.13,1254000000
output.gamma,115,2.14,1254000000
output.gamma,116,2.15,1254000000
output.gamma,117,2.16,1253000000
output.gamma,118,2.17,1253000000
output.gamma,119,2.18,1252000000
output.gamma,120,2.19,1252000000
output.gamma,121,2.2,1252000000
output.gamma,122,2.21,1251000000
output.gamma,123,2.22,1251000000
output.gamma,124,2.23,1250000000
output.gamma,125,2.24,1250000000
output.gamma,126,2.25,1250000000
output.gamma,127,2.26,1249000000
output.gamma,128,2.27,1249000000
output.gamma,129,2.28,1248000000
output.gamma,130,2.29,1248000000
output.gamma,131,2.3,1248000000
output.gamma,132,2.31,1247000000
output.gamma,133,2.32,1247000000
output.gamma,134,2.33,1246000000
output.gamma,135,2.34,1246000000
output.gamma,136,2.35,1246000000
output.gamma,137,2.36,1245000000
output.gamma,138,2.37,1245000000
output.gamma,139,2.38,1244000000
output.gamma,140,2.39,1244000000
output.gamma,141,2.4,1244000000
output.gamma,142,2.41,1243000000
output.gamma,143,2.42,1243000000
output.gamma,144,2.43,1242000000
output.gamma,145,2.44,1242000000
output.gamma,146,2.45,1242000000
output.gamma,147,2.46,1241000000
output.gamma,148,2.47,1241000000
output.gamma,149,2.48,1240000000
output.gamma,150,2.49,1240000000
output.gamma,151,2.5,1240000000
output.gamma,152,2.51,1239000000
output.gamma,153,2.52,1239000000
output.gamma,154,2.53,1238000000
output.gamma,155,2.54,1238000000
output.gamma,156,2.55,1238000000
output.gamma,157,2.56,1237000000
output.gamma,158,2.57,1237000000
output.gamma,159,2.58,1236000000
output.gamma,160,2.59,1236000000
output.gamma,161,2.6,1236000000
output.gamma,162,2.61,1235000000
output.gamma,163,2.62,1235000000
output.gamma,164,2.63,1234000000
output.gamma,165,2.64,1234000000
output.gamma,166,2.65,1234000000
output.gamma,167,2.66,1233000000
output.gamma,168,2.67,1233000000
output.gamma,169,2.68,1232000000
output.gamma,170,2.69,1232000000
output.gamma,171,2.7,1232000000
output.gamma,172,2.71,1231000000
output.gamma,173,2.72,1231000000
output.gamma,174,2.73,1230000000
output.gamma,175,2.74,1230000000
output.gamma,176,2.75,1230000000
output.gamma,177,2.76,1229000000
output.gamma,178,2.77,1229000000
output.gamma,179,2.78,1228000000
output.gamma,180,2.79,1228000000
output.gamma,181,2.8,1228000000
output.gamma,182,2.81,1227000000
output.gamma,183,2.82,1227000000
output.gamma,184,2.83,1226000000
output.gamma,185,2.84,1226000000
output.gamma,186,2.85,1226000000
output.gamma,187,2.86,1225000000
output.gamma,188,2.87,1225000000
output.gamma,189,2.88,1224000000
output.gamma,190,2.89,1224000000
output.gamma,191,2.9,1224000000
output.gamma,192,2.91,1223000000
output.gamma,193,2.92,1223000000
output.gamma,194,2.93,1222000000
output.gamma,195,2.94,1222000000
output.gamma,196,2.95,1222000000
output.gamma,197,2.96,1221000000
output.gamma,198,2.97,1221000000
output.gamma,199,2.98,1220000000
output.gamma,200,2.99,1220000000
output.gamma,201,3,1220000000
output.gamma,202,3.01,1219000000
output.gamma,203,3.02,1219000000
output.gamma,204,3.03,1218000000
output.gamma,205,3.04,1218000000
output.gamma,206,3.05,1218000000
output.gamma,207,3.06,1217000000
output.gamma,208,3.07,1217000000
output.gamma,209,3.08,1216000000
output.gamma,210,3.09,1216000000
output.gamma,211,3.1,1216000000
output.gamma,212,3.11,1215000000
output.gamma,213,3.12,1215000000
output.gamma,214,3.13,1214000000
output.gamma,215,3.14,1214000000
output.gamma,216,3.15,1214000000
output.gamma,217,3.16,1213000000
output.gamma,218,3.17,1213000000
output.gamma,219,3.18,1212000000
output.gamma,220,3.19,1212000000
output.gamma,221,3.2,1212000000
output.gamma,222,3.21,1211000000
output.gamma,223,3.22,1211000000
output.gamma,224,3.23,1210000000
output.gamma,225,3.24,1210000000
output.gamma,226,3.25,1210000000
output.gamma,227,3.26,1209000000
output.gamma,228,3.27,1209000000
output.gamma,229,3.28,1208000000
output.gamma,230,3.29,1208000000
output.gamma,231,3.3,1208000000
output.gamma,232,3.31,1207000000
output.gamma,233,3.32,1207000000
output.gamma,234,3.33,1206000000
output.gamma,235,3.34,1206000000
output.gamma,236,3.35,1206000000
output.gamma,237,3.36,1205000000
output.gamma,238,3.37,1205000000
output.gamma,239,3.38,1204000000
output.gamma,240,3.39,1204000000
output.gamma,241,3.4,1204000000
output.gamma,242,3.41,1203000000
output.gamma,243,3.42,1203000000
output.gamma,244,3.43,1202000000
output.gamma,245,3.44,1202000000
output.gamma,246,3.45,1202000000
output.gamma,247,3.46,1201000000
output.gamma,248,3.47,1201000000
output.gamma,249,3.48,1200000000
output.gamma,250,3.49,1200000000
output.gamma,251,3.5,1200000000
output.gamma,252,3.51,1200000000
output.gamma,253,3.52,1199000000
output.gamma,254,3.53,1199000000
output.gamma,255,3.54,1199000000
output.gamma,256,3.55,1199000000
output.gamma,257,3.56,1198000000
output.gamma,258,3.57,1198000000
output.gamma,259,3.58,1198000000
output.gamma,260,3.59,1198000000
output.gamma,261,3.6,1197000000
output.gamma,262,3.61,1197000000
output.gamma,263,3.62,1197000000
output.gamma,264,3.63,1197000000
output.gamma,265,3.64,1196000000
output.gamma,266,3.65,1196000000
output.gamma,267,3.66,1196000000
output.gamma,268,3.67,1196000000
output.gamma,269,3.68,1196000000
output.gamma,270,3.69,1195000000
output.gamma,271,3.7,1195000000
output.gamma,272,3.71,1195000000
output.gamma,273,3.72,1195000000
output.gamma,274,3.73,1194000000
output.gamma,275,3.74,1194000000
output.gamma,276,3.75,1194000000
output.gamma,277,3.76,1194000000
output.gamma,278,3.77,1193000000
output.gamma,279,3.78,1193000000
output.gamma,280,3.79,1193000000
output.gamma,281,3.8,1193000000
output.gamma,282,3.81,1192000000
output.gamma,283,3.82,1192000000
output.gamma,284,3.83,1192000000
output.gamma,285,3.84,1192000000
output.gamma,286,3.85,1192000000
output.gamma,287,3.86,1191000000
output.gamma,288,3.87,1191000000
output.gamma,289,3.88,1191000000
output.gamma,290,3.89,1191000000
output.gamma,291,3.9,1190000000
output.gamma,292,3.91,1190000000
output.gamma,293,3.92,1190000000
output.gamma,294,3.93,1190000000
output.gamma,295,3.94,1189000000
output.gamma,296,3.95,1189000000
output.gamma,297,3.96,1189000000
output.gamma,298,3.97,1189000000
output.gamma,299,3.98,1188000000
output.gamma,300,3.99,1188000000
output.gamma,301,4,1188000000
output.gamma,302,4.01,1188000000
output.gamma,303,4.02,1188000000
output.gamma,304,4.03,1187000000
output.gamma,305,4.04,1187000000
output.gamma,306,4.05,1187000000
output.gamma,307,4.06,1187000000
output.gamma,308,4.07,1186000000
output.gamma,309,4.08,1186000000
output.gamma,310,4.09,1186000000
output.gamma,311,4.1,1186000000
output.gamma,312,4.11,1185000000
output.gamma,313,4.12,1185000000
output.gamma,314,4.13,1185000000
output.gamma,315,4.14,1185000000
output.gamma,316,4.15,1184000000
output.gamma,317,4.16,1184000000
output.gamma,318,4.17,1184000000
output.gamma,319,4.18,1184000000
output.gamma,320,4.19,1184000000
output.gamma,321,4.2,1183000000
output.gamma,322,4.21,1183000000
output.gamma,323,4.22,1183000000
output.gamma,324,4.23,1183000000
output.gamma,325,4.24,1182000000
output.gamma,326,4.25,1182000000
output.gamma,327,4.26,1182000000
output.gamma,328,4.27,1182000000
output.gamma,329,4.28,1181000000
output.gamma,330,4.29,1181000000
output.gamma,331,4.3,1181000000
output.gamma,332,4.31,1181000000
output.gamma,333,4.32,1180000000
output.gamma,334,4.33,1180000000
output.gamma,335,4.34,1180000000
output.gamma,336,4.35,1180000000
output.gamma,337,4.36,1180000000
output.gamma,338,4.37,1179000000
output.gamma,339,4.38,1179000000
output.gamma,340,4.39,1179000000
output.gamma,341,4.4,1179000000
output.gamma,342,4.41,1178000000
output.gamma,343,4.42,1178000000
output.gamma,344,4.43,1178000000
output.gamma,345,4.44,1178000000
output.gamma,346,4.45,1177000000
output.gamma,347,4.46,1177000000
output.gamma,348,4.47,1177000000
output.gamma,349,4.48,1177000000
output.gamma,350,4.49,1176000000
output.gamma,351,4.5,1176000000
output.gamma,352,4.51,1176000000
output.gamma,353,4.52,1176000000
output.gamma,354,4.53,1176000000
output.gamma,355,4.54,1175000000
output.gamma,356,4.55,1175000000
output.gamma,357,4.56,1175000000
output.gamma,358,4.57,1175000000
output.gamma,359,4.58,1174000000
output.gamma,360,4.59,1174000000
output.gamma,361,4.6,1174000000
output.gamma,362,4.61,1174000000
output.gamma,363,4.62,1173000000
output.gamma,364,4.63,1173000000
output.gamma,365,4.64,1173000000
output.gamma,366,4.65,1173000000
output.gamma,367,4.66,1172000000
output.gamma,368,4.67,1172000000
output.gamma,369,4.68,1172000000
output.gamma,370,4.69,1172000000
output.gamma,371,4.7,1172000000
output.gamma,372,4.71,1171000000
output.gamma,373,4.72,1171000000
output.gamma,374,4.73,1171000000
output.gamma,375,4.74,1171000000
output.gamma,376,4.75,1170000000
output.gamma,377,4.76,1170000000
output.gamma,378,4.77,1170000000
output.gamma,379,4.78,1170000000
output.gamma,380,4.79,1169000000
output.gamma,381,4.8,1169000000
output.gamma,382,4.81,1169000000
output.gamma,383,4.82,1169000000
output.gamma,384,4.83,1168000000
output.gamma,385,4.84,1168000000
output.gamma,386,4.85,1168000000
output.gamma,387,4.86,1168000000
output.gamma,388,4.87,1168000000
output.gamma,389,4.88,1167000000
output.gamma,390,4.89,1167000000
output.gamma,391,4.9,1167000000
output.gamma,392,4.91,1167000000
output.gamma,393,4.92,1166000000
output.gamma,394,4.93,1166000000
output.gamma,395,4.94,1166000000
output.gamma,396,4.95,1166000000
output.gamma,397,4.96,1165000000
output.gamma,398,4.97,1165000000
output.gamma,399,4.98,1165000000
output.gamma,400,4.99,1165000000
output.gamma,401,5,1164000000
output.gamma,402,5.01,1164000000
output.gamma,403,5.02,1164000000
output.gamma,404,5.03,1164000000
output.gamma,405,5.04,1164000000
output.gamma,406,5.05,1163000000
output.gamma,407,5.06,1163000000
output.gamma,408,5.07,1163000000
output.gamma,409,5.08,1163000000
output.gamma,410,5.09,1162000000
output.gamma,411,5.1,1162000000
output.gamma,412,5.11,1162000000
output.gamma,413,5.12,1162000000
output.gamma,414,5.13,1161000000
output.gamma,415,5.14,1161000000
output.gamma,416,5.15,1161000000
output.gamma,417,5.16,1161000000
output.gamma,418,5.17,1160000000
output.gamma,419,5.18,1160000000
output.gamma,420,5.19,1160000000
output.gamma,421,5.2,1160000000
output.gamma,422,5.21,1160000000
output.gamma,423,5.22,1159000000
output.gamma,424,5.23,1159000000
output.gamma,425,5.24,1159000000
output.gamma,426,5.25,1159000000
output.gamma,427,5.26,1158000000
output.gamma,428,5.27,1158000000
output.gamma,429,5.28,1158000000
output.gamma,430,5.29,1158000000
output.gamma,431,5.3,1157000000
output.gamma,432,5.31,1157000000
output.gamma,433,5.32,1157000000
output.gamma,434,5.33,1157000000
output.gamma,435,5.34,1156000000
output.gamma,436,5.35,1156000000
output.gamma,437,5.36,1156000000
output.gamma,438,5.37,1156000000
output.gamma,439,5.38,1156000000
output.gamma,440,5.39,1155000000
output.gamma,441,5.4,1155000000
output.gamma,442,5.41,1155000000
output.gamma,443,5.42,1155000000
output.gamma,444,5.43,1154000000
output.gamma,445,5.44,1154000000
output.gamma,446,5.45,1154000000
output.gamma,447,5.46,1154000000
output.gamma,448,5.47,1153000000
output.gamma,449,5.48,1153000000
output.gamma,450,5.49,1153000000
output.gamma,451,5.5,1153000000
output.gamma,452,5.51,1152000000
output.gamma,453,5.52,1152000000
output.gamma,454,5.53,1152000000
output.gamma,455,5.54,1152000000
output.gamma,456,5.55,1152000000
output.gamma,457,5.56,1151000000
output.gamma,458,5.57,1151000000
output.gamma,459,5.58,1151000000
output.gamma,460,5.59,1151000000
output.gamma,461,5.6,1150000000
output.gamma,462,5.61,1150000000
output.gamma,463,5.62,1150000000
output.gamma,464,5.63,1150000000
output.gamma,465,5.64,1149000000
output.gamma,466,5.65,1149000000
output.gamma,467,5.66,1149000000
output.gamma,468,5.67,1149000000
output.gamma,469,5.68,1148000000
output.gamma,470,5.69,1148000000
output.gamma,471,5.7,1148000000
output.gamma,472,5.71,1148000000
output.gamma,473,5.72,1148000000
output.gamma,474,5.73,1147000000
output.gamma,475,5.74,1147000000
output.gamma,476,5.75,1147000000
output.gamma,477,5.76,1147000000
output.gamma,478,5.77,1146000000
output.gamma,479,5.78,1146000000
output.gamma,480,5.79,1146000000
output.gamma,481,5.8,1146000000
output.gamma,482,5.81,1145000000
output.gamma,483,5.82,1145000000
output.gamma,484,5.83,1145000000
output.gamma,485,5.84,1145000000
output.gamma,486,5.85,1144000000
output.gamma,487,5.86,1144000000
output.gamma,488,5.87,1144000000
output.gamma,489,5.88,1144000000
output.gamma,490,5.89,1144000000
output.gamma,491,5.9,1143000000
output.gamma,492,5.91,1143000000
output.gamma,493,5.92,1143000000
output.gamma,494,5.93,1143000000
output.gamma,495,5.94,1142000000
output.gamma,496,5.95,1142000000
output.gamma,497,5.96,1142000000
output.gamma,498,5.97,1142000000
output.gamma,499,5.98,1141000000
output.gamma,500,5.99,1141000000
output.gamma,501,6,1141000000
output.gamma,502,6.01,1141000000
output.gamma,503,6.02,1140000000
output.gamma,504,6.03,1140000000
output.gamma,505,6.04,1140000000
output.gamma,506,6.05,1140000000
output.gamma,507,6.06,1140000000
output.gamma,508,6.07,1139000000
output.gamma,509,6.08,1139000000
output.gamma,510,6.09,1139000000
output.gamma,511,6.1,1139000000
output.gamma,512,6.11,1138000000
output.gamma,513,6.12,1138000000
output.gamma,514,6.13,1138000000
output.gamma,515,6.14,1138000000
output.gamma,516,6.15,1137000000
output.gamma,517,6.16,1137000000
output.gamma,518,6.17,1137000000
output.gamma,519,6.18,1137000000
output.gamma,520,6.19,1136000000
output.gamma,521,6.2,1136000000
output.gamma,522,6.21,1136000000
output.gamma,523,6.22,1136000000
output.gamma,524,6.23,1136000000
output.gamma,525,6.24,1135000000
output.gamma,526,6.25,1135000000
output.gamma,527,6.26,1135000000
output.gamma,528,6.27,1135000000
output.gamma,529,6.28,1134000000
output.gamma,530,6.29,1134000000
output.gamma,531,6.3,1134000000
output.gamma,532,6.31,1134000000
output.gamma,533,6.32,1133000000
output.gamma,534,6.33,1133000000
output.gamma,535,6.34,1133000000
output.gamma,536,6.35,1133000000
output.gamma,537,6.36,1132000000
output.gamma,538,6.37,1132000000
output.gamma,539,6.38,1132000000
output.gamma,540,6.39,1132000000
output.gamma,541,6.4,1132000000
output.gamma,542,6.41,1131000000
output.gamma,543,6.42,1131000000
output.gamma,544,6.43,1131000000
output.gamma,545,6.44,1131000000
output.gamma,546,6.45,1130000000
output.gamma,547,6.46,1130000000
output.gamma,548,6.47,1130000000
output.gamma,549,6.48,1130000000
output.gamma,550,6.49,1129000000
output.gamma,551,6.5,1129000000
output.gamma,552,6.51,1129000000
output.gamma,553,6.52,1129000000
output.gamma,554,6.53,1128000000
output.gamma,555,6.54,1128000000
output.gamma,556,6.55,1128000000
output.gamma,557,6.56,1128000000
output.gamma,558,6.57,1128000000
output.gamma,559,6.58,1127000000
output.gamma,560,6.59,1127000000
output.gamma,561,6.6,1127000000
output.gamma,562,6.61,1127000000
output.gamma,563,6.62,1126000000
output.gamma,564,6.63,1126000000
output.gamma,565,6.64,1126000000
output.gamma,566,6.65,1126000000
output.gamma,567,6.66,1125000000
output.gamma,568,6.67,1125000000
output.gamma,569,6.68,1125000000
output.gamma,570,6.69,1125000000
output.gamma,571,6.7,1124000000
output.gamma,572,6.71,1124000000
output.gamma,573,6.72,1124000000
output.gamma,574,6.73,1124000000
output.gamma,575,6.74,1124000000
output.gamma,576,6.75,1123000000
output.gamma,577,6.76,1123000000
output.gamma,578,6.77,1123000000
output.gamma,579,6.78,1123000000
output.gamma,580,6.79,1122000000
output.gamma,581,6.8,1122000000
output.gamma,582,6.81,1122000000
output.gamma,583,6.82,1122000000
output.gamma,584,6.83,1121000000
output.gamma,585,6.84,1121000000
output.gamma,586,6.85,1121000000
output.gamma,587,6.86,1121000000
output.gamma,588,6.87,1120000000
output.gamma,589,6.88,1120000000
output.gamma,590,6.89,1120000000
output.gamma,591,6.9,1120000000
output.gamma,592,6.91,1120000000
output.gamma,593,6.92,1119000000
output.gamma,594,6.93,1119000000
output.gamma,595,6.94,1119000000
output.gamma,596,6.95,1119000000
output.gamma,597,6.96,1118000000
output.gamma,598,6.97,1118000000
output.gamma,599,6.98,1118000000
output.gamma,600,6.99,1118000000
output.gamma,601,7,1117000000
output.gamma,602,7.01,1117000000
output.gamma,603,7.02,1117000000
output.gamma,604,7.03,1117000000
output.gamma,605,7.04,1116000000
output.gamma,606,7.05,1116000000
output.gamma,607,7.06,1116000000
output.gamma,608,7.07,1116000000
output.gamma,609,7.08,1116000000
output.gamma,610,7.09,1115000000
output.gamma,611,7.1,1115000000
output.gamma,612,7.11,1115000000
output.gamma,613,7.12,1115000000
output.gamma,614,7.13,1114000000
output.gamma,615,7.14,1114000000
output.gamma,616,7.15,1114000000
output.gamma,617,7.16,1114000000
output.gamma,618,7.17,1113000000
output.gamma,619,7.18,1113000000
output.gamma,620,7.19,1113000000
output.gamma,621,7.2,1113000000
output.gamma,622,7.21,1112000000
output.gamma,623,7.22,1112000000
output.gamma,624,7.23,1112000000
output.gamma,625,7.24,1112000000
output.gamma,626,7.25,1112000000
output.gamma,627,7.26,1111000000
output.gamma,628,7.27,1111000000
output.gamma,629,7.28,1111000000
output.gamma,630,7.29,1111000000
output.gamma,631,7.3,1110000000
output.gamma,632,7.31,1110000000
output.gamma,633,7.32,1110000000
output.gamma,634,7.33,1110000000
output.gamma,635,7.34,1109000000
output.gamma,636,7.35,1109000000
output.gamma,637,7.36,1109000000
output.gamma,638,7.37,1109000000
output.gamma,639,7.38,1108000000
output.gamma,640,7.39,1108000000
output.gamma,641,7.4,1108000000
output.gamma,642,7.41,1108000000
output.gamma,643,7.42,1108000000
output.gamma,644,7.43,1107000000
output.gamma,645,7.44,1107000000
output.gamma,646,7.45,1107000000
output.gamma,647,7.46,1107000000
output.gamma,648,7.47,1106000000
output.gamma,649,7.48,1106000000
output.gamma,650,7.49,1106000000
output.gamma,651,7.5,1106000000
output.gamma,652,7.51,1105000000
output.gamma,653,7.52,1105000000
output.gamma,654,7.53,1105000000
output.gamma,655,7.54,1105000000
output.gamma,656,7.55,1104000000
output.gamma,657,7.56,1104000000
output.gamma,658,7.57,1104000000
output.gamma,659,7.58,1104000000
output.gamma,660,7.59,1104000000
output.gamma,661,7.6,1103000000
output.gamma,662,7.61,1103000000
output.gamma,663,7.62,1103000000
output.gamma,664,7.63,1103000000
output.gamma,665,7.64,1102000000
output.gamma,666,7.65,1102000000
output.gamma,667,7.66,1102000000
output.gamma,668,7.67,1102000000
output.gamma,669,7.68,1101000000
output.gamma,670,7.69,1101000000
output.gamma,671,7.7,1101000000
output.gamma,672,7.71,1101000000
output.gamma,673,7.72,1100000000
output.gamma,674,7.73,1100000000
output.gamma,675,7.74,1100000000
output.gamma,676,7.75,1099000000
output.gamma,677,7.76,1099000000
output.gamma,678,7.77,1098000000
output.gamma,679,7.78,1098000000
output.gamma,680,7.79,1097000000
output.gamma,681,7.8,1097000000
output.gamma,682,7.81,1096000000
output.gamma,683,7.82,1095000000
output.gamma,684,7.83,1095000000
output.gamma,685,7.84,1094000000
output.gamma,686,7.85,1094000000
output.gamma,687,7.86,1093000000
output.gamma,688,7.87,1093000000
output.gamma,689,7.88,1092000000
output.gamma,690,7.89,1091000000
output.gamma,691,7.9,1091000000
output.gamma,692,7.91,1090000000
output.gamma,693,7.92,1090000000
output.gamma,694,7.93,1089000000
output.gamma,695,7.94,1089000000
output.gamma,696,7.95,1088000000
output.gamma,697,7.96,1087000000
output.gamma,698,7.97,1087000000
output.gamma,699,7.98,1086000000
output.gamma,700,7.99,1086000000
output.gamma,701,8,1085000000
output.gamma,702,8.01,1085000000
output.gamma,703,8.02,1084000000
output.gamma,704,8.03,1083000000
output.gamma,705,8.04,1083000000
output.gamma,706,8.05,1082000000
output.gamma,707,8.06,1082000000
output.gamma,708,8.07,1081000000
output.gamma,709,8.08,1081000000
output.gamma,710,8.09,1080000000
output.gamma,711,8.1,1079000000
output.gamma,712,8.11,1079000000
output.gamma,713,8.12,1078000000
output.gamma,714,8.13,1078000000
output.gamma,715,8.14,1077000000
output.gamma,716,8.15,1077000000
output.gamma,717,8.16,1076000000
output.gamma,718,8.17,1075000000
output.gamma,719,8.18,1075000000
output.gamma,720,8.19,1074000000
output.gamma,721,8.2,1074000000
output.gamma,722,8.21,1073000000
output.gamma,723,8.22,1073000000
output.gamma,724,8.23,1072000000
output.gamma,725,8.24,1071000000
output.gamma,726,8.25,1071000000
output.gamma,727,8.26,1070000000
output.gamma,728,8.27,1070000000
output.gamma,729,8.28,1069000000
output.gamma,730,8.29,1069000000
output.gamma,731,8.3,1068000000
output.gamma,732,8.31,1067000000
output.gamma,733,8.32,1067000000
output.gamma,734,8.33,1066000000
output.gamma,735,8.34,1066000000
output.gamma,736,8.35,1065000000
output.gamma,737,8.36,1065000000
output.gamma,738,8.37,1064000000
output.gamma,739,8.38,1063000000
output.gamma,740,8.39,1063000000
output.gamma,741,8.4,1062000000
output.gamma,742,8.41,1062000000
output.gamma,743,8.42,1061000000
output.gamma,744,8.43,1061000000
output.gamma,745,8.44,1060000000
output.gamma,746,8.45,1059000000
output.gamma,747,8.46,1059000000
output.gamma,748,8.47,1058000000
output.gamma,749,8.48,1058000000
output.gamma,750,8.49,1057000000
output.gamma,751,8.5,1057000000
output.gamma,752,8.51,1056000000
output.gamma,753,8.52,1055000000
output.gamma,754,8.53,1055000000
output.gamma,755,8.54,1054000000
output.gamma,756,8.55,1054000000
output.gamma,757,8.56,1053000000
output.gamma,758,8.57,1053000000
output.gamma,759,8.58,1052000000
output.gamma,760,8.59,1051000000
output.gamma,761,8.6,1051000000
output.gamma,762,8.61,1050000000
output.gamma,763,8.62,1050000000
output.gamma,764,8.63,1049000000
output.gamma,765,8.64,1049000000
output.gamma,766,8.65,1048000000
output.gamma,767,8.66,1047000000
output.gamma,768,8.67,1047000000
output.gamma,769,8.68,1046000000
output.gamma,770,8.69,1046000000
output.gamma,771,8.7,1045000000
output.gamma,772,8.71,1045000000
output.gamma,773,8.72,1044000000
output.gamma,774,8.73,1043000000
output.gamma,775,8.74,1043000000
output.gamma,776,8.75,1042000000
output.gamma,777,8.76,1042000000
output.gamma,778,8.77,1041000000
output.gamma,779,8.78,1041000000
output.gamma,780,8.79,1040000000
output.gamma,781,8.8,1039000000
output.gamma,782,8.81,1039000000
output.gamma,783,8.82,1038000000
output.gamma,784,8.83,1038000000
output.gamma,785,8.84,1037000000
output.gamma,786,8.85,1037000000
output.gamma,787,8.86,1036000000
output.gamma,788,8.87,1035000000
output.gamma,789,8.88,1035000000
output.gamma,790,8.89,1034000000
output.gamma,791,8.9,1034000000
output.gamma,792,8.91,1033000000
output.gamma,793,8.92,1033000000
output.gamma,794,8.93,1032000000
output.gamma,795,8.94,1031000000
output.gamma,796,8.95,1031000000
output.gamma,797,8.96,1030000000
output.gamma,798,8.97,1030000000
output.gamma,799,8.98,1029000000
output.gamma,800,8.99,1029000000
output.gamma,801,9,1028000000
output.gamma,802,9.01,1027000000
output.gamma,803,9.02,1027000000
output.gamma,804,9.03,1026000000
output.gamma,805,9.04,1026000000
output.gamma,806,9.05,1025000000,1025000000
output.gamma,807,9.06,1025000000,1025000000
output.gamma,808,9.07,1024000000,1025000000
output.gamma,809,9.08,1023000000,1025000000
output.gamma,810,9.09,1023000000,1025000000
output.gamma,811,9.1,1022000000,1025000000
output.gamma,812,9.11,1022000000,1025000000
output.gamma,813,9.12,1021000000,1025000000
output.gamma,814,9.13,1021000000,1025000000
output.gamma,815,9.14,1020000000,1025000000
output.gamma,816,9.15,1019000000,1025000000
output.gamma,817,9.16,1019000000,1025000000
output.gamma,818,9.17,1018000000,1025000000
output.gamma,819,9.18,1018000000,1025000000
output.gamma,820,9.19,1017000000,1025000000
output.gamma,821,9.2,1017000000,1025000000
output.gamma,822,9.21,1016000000,1025000000
output.gamma,823,9.22,1015000000,1025000000
output.gamma,824,9.23,1015000000,1025000000
output.gamma,825,9.24,1014000000,1025000000
output.gamma,826,9.25,1014000000,1025000000
output.gamma,827,9.26,1013000000,1025000000
output.gamma,828,9.27,1013000000,1025000000
output.gamma,829,9.28,1012000000,1025000000
output.gamma,830,9.29,1011000000,1025000000
output.gamma,831,9.3,1011000000,1025000000
output.gamma,832,9.31,1010000000,1025000000
output.gamma,833,9.32,1010000000,1025000000
output.gamma,834,9.33,1009000000,1025000000
output.gamma,835,9.34,1009000000,1025000000
output.gamma,836,9.35,1008000000,1025000000
output.gamma,837,9.36,1007000000,1025000000
output.gamma,838,9.37,1007000000,1025000000
output.gamma,839,9.38,1006000000,1025000000
output.gamma,840,9.39,1006000000,1025000000
output.gamma,841,9.4,1005000000,1025000000
output.gamma,842,9.41,1005000000,1025000000
output.gamma,843,9.42,1004000000,1025000000
output.gamma,844,9.43,1003000000,1025000000
output.gamma,845,9.44,1003000000,1025000000
output.gamma,846,9.45,1002000000,1025000000
output.gamma,847,9.46,1002000000,1025000000
output.gamma,848,9.47,1001000000,1025000000
output.gamma,849,9.48,1001000000,1025000000
output.gamma,850,9.49,1000000000,1025000000
output.gamma,851,9.5,999200000,1025000000
output.gamma,852,9.51,998400000,1025000000
output.gamma,853,9.52,997600000,1025000000
output.gamma,854,9.53,996800000,1025000000
output.gamma,855,9.54,996000000,1025000000
output.gamma,856,9.55,995200000,1025000000
output.gamma,857,9.56,994400000,1025000000
output.gamma,858,9.57,993600000,1025000000
output.gamma,859,9.58,992800000,1025000000
output.gamma,860,9.59,992000000,1025000000
output.gamma,861,9.6,991200000,1025000000
output.gamma,862,9.61,990400000,1025000000
output.gamma,863,9.62,989600000,1025000000
output.gamma,864,9.63,988800000,1025000000
output.gamma,865,9.64,988000000,1025000000
output.gamma,866,9.65,987200000,1025000000
output.gamma,867,9.66,986400000,1025000000
output.gamma,868,9.67,985600000,1025000000
output.gamma,869,9.68,984800000,1025000000
output.gamma,870,9.69,984000000,1025000000
output.gamma,871,9.7,983200000,1025000000
output.gamma,872,9.71,982400000,1025000000
output.gamma,873,9.72,981600000,1025000000
output.gamma,874,9.73,980800000,1025000000
output.gamma,875,9.74,980000000,1025000000
output.gamma,876,9.75,979200000,1025000000
output.gamma,877,9.76,978400000,1025000000
output.gamma,878,9.77,977600000,1025000000
output.gamma,879,9.78,976800000,1025000000
output.gamma,880,9.79,976000000,1025000000
output.gamma,881,9.8,975200000,1025000000
output.gamma,882,9.81,974400000,1025000000
output.gamma,883,9.82,973600000,1025000000
output.gamma,884,9.83,972800000,1025000000
output.gamma,885,9.84,972000000,1025000000
output.gamma,886,9.85,971200000,1025000000
output.gamma,887,9.86,970400000,1025000000
output.gamma,888,9.87,969600000,1025000000
output.gamma,889,9.88,968800000,1025000000
output.gamma,890,9.89,968000000,1025000000
output.gamma,891,9.9,967200000,1025000000
output.gamma,892,9.91,966400000,1025000000
output.gamma,893,9.92,965600000,1025000000
output.gamma,894,9.93,964800000,1025000000
output.gamma,895,9.94,964000000,1025000000
output.gamma,896,9.95,963200000,1025000000
output.gamma,897,9.96,962400000,1025000000
output.gamma,898,9.97,961600000,1025000000
output.gamma,899,9.98,960800000,1025000000
output.gamma,900,9.99,960000000,1025000000
output.gamma,901,10,959200000,1025000000
output.gamma,902,10.01,958400000,1025000000
output.gamma,903,10.02,957600000,1025000000
output.gamma,904,10.03,956800000,1025000000
output.gamma,905,10.04,956000000,1025000000
output.gamma,906,10.05,955200000,1025000000
output.gamma,907,10.06,954400000,1025000000
output.gamma,908,10.07,953600000,1025000000
output.gamma,909,10.08,952800000,1025000000
output.gamma,910,10.09,952000000,1025000000
output.gamma,911,10.1,951200000,1025000000
output.gamma,912,10.11,950400000,1025000000
output.gamma,913,10.12,949600000,1025000000
output.gamma,914,10.13,948800000,1025000000
output.gamma,915,10.14,948000000,1025000000
output.gamma,916,10.15,947200000,1025000000
output.gamma,917,10.16,946400000,1025000000
output.gamma,918,10.17,945600000,1025000000
output.gamma,919,10.18,944800000,1025000000
output.gamma,920,10.19,944000000,1025000000
output.gamma,921,10.2,943200000,1025000000
output.gamma,922,10.21,942400000,1025000000
output.gamma,923,10.22,941600000,1025000000
output.gamma,924,10.23,940800000,1025000000
output.gamma,925,10.24,940000000,1025000000
output.gamma,926,10.25,939200000,1025000000
output.gamma,927,10.26,938400000,1025000000
output.gamma,928,10.27,937600000,1025000000
output.gamma,929,10.28,936800000,1025000000
output.gamma,930,10.29,936000000,1025000000
output.gamma,931,10.3,935200000,1025000000
output.gamma,932,10.31,934400000,1025000000
output.gamma,933,10.32,933600000,1025000000
output.gamma,934,10.33,932800000,1025000000
output.gamma,935,10.34,932000000,1025000000
output.gamma,936,10.35,931200000,1025000000
output.gamma,937,10.36,930400000,1025000000
output.gamma,938,10.37,929600000,1025000000
output.gamma,939,10.38,928800000,1025000000
output.gamma,940,10.39,928000000,1025000000
output.gamma,941,10.4,927200000,1025000000
output.gamma,942,10.41,926400000,1025000000
output.gamma,943,10.42,925600000,1025000000
output.gamma,944,10.43,924800000,1025000000
output.gamma,945,10.44,924000000,1025000000
output.gamma,946,10.45,923200000,1025000000
output.gamma,947,10.46,922400000,1025000000
output.gamma,948,10.47,921600000,1025000000
output.gamma,949,10.48,920800000,1025000000
output.gamma,950,10.49,920000000,1025000000
output.gamma,951,10.5,919200000,1025000000
output.gamma,952,10.51,918400000,1025000000
output.gamma,953,10.52,917600000,1025000000
output.gamma,954,10.53,916800000,1025000000
output.gamma,955,10.54,916000000,1025000000
output.gamma,956,10.55,915200000,1025000000
output.gamma,957,10.56,914400000,1025000000
output.gamma,958,10.57,913600000,1025000000
output.gamma,959,10.58,912800000,1025000000
output.gamma,960,10.59,912000000,1025000000
output.gamma,961,10.6,911200000,1025000000
output.gamma,962,10.61,910400000,1025000000
output.gamma,963,10.62,909600000,1025000000
output.gamma,964,10.63,908800000,1025000000
output.gamma,965,10.64,908000000,1025000000
output.gamma,966,10.65,907200000,1025000000
output.gamma,967,10.66,906400000,1025000000
output.gamma,968,10.67,905600000,1025000000
output.gamma,969,10.68,904800000,1025000000
output.gamma,970,10.69,904000000,1025000000
output.gamma,971,10.7,903200000,1025000000
output.gamma,972,10.71,902400000,1025000000
output.gamma,973,10.72,901600000,1025000000
output.gamma,974,10.73,900800000,1025000000
output.gamma,975,10.74,900000000,1025000000
output.gamma,976,10.75,898500000,1025000000
output.gamma,977,10.76,897000000,1025000000
output.gamma,978,10.77,895500000,1025000000
output.gamma,979,10.78,894000000,1025000000
output.gamma,980,10.79,892500000,1025000000
output.gamma,981,10.8,891000000,1025000000
output.gamma,982,10.81,889600000,1025000000
output.gamma,983,10.82,888100000,1025000000
output.gamma,984,10.83,886600000,1025000000
output.gamma,985,10.84,885100000,1025000000
output.gamma,986,10.85,883600000,1025000000
output.gamma,987,10.86,882100000,1025000000
output.gamma,988,10.87,880600000,1025000000
output.gamma,989,10.88,879100000,1025000000
output.gamma,990,10.89,877600000,1025000000
output.gamma,991,10.9,876100000,1025000000
output.gamma,992,10.91,874600000,1025000000
output.gamma,993,10.92,873100000,1025000000
output.gamma,994,10.93,871600000,1025000000
output.gamma,995,10.94,870100000,1025000000
output.gamma,996,10.95,868700000,1025000000
output.gamma,997,10.96,867200000,1025000000
output.gamma,998,10.97,865700000,1025000000
output.gamma,999,10.98,864200000,1025000000
output.gamma,1000,10.99,862700000,1025000000
output.gamma,1001,11,861200000
output.gamma,1002,14,859700000
output.gamma,1003,17,858200000
output.gamma,1004,20,856700000
output.gamma,1005,23,855200000
output.gamma,1006,26,853700000
output.gamma,1007,29,852200000
output.gamma,1008,32,850700000
output.gamma,1009,35,849300000
output.gamma,1010,38,847800000
output.gamma,1011,41,846300000
output.gamma,1012,44,844800000
output.gamma,1013,47,843300000
output.gamma,1014,50,841800000
output.gamma,1015,53,840300000
output.gamma,1016,56,838800000
output.gamma,1017,59,837300000
output.gamma,1018,62,835800000
output.gamma,1019,65,834300000
output.gamma,1020,68,832800000
output.gamma,1021,71,831300000
output.gamma,1022,74,829900000
output.gamma,1023,77,828400000
output.gamma,1024,80,826900000
output.gamma,1025,83,825400000
output.gamma,1026,86,823900000
output.gamma,1027,89,822400000
output.gamma,1028,92,820900000
output.gamma,1029,95,819400000
output.gamma,1030,98,817900000
output.gamma,1031,101,816400000
output.gamma,1032,104,814900000
output.gamma,1033,107,813400000
output.gamma,1034,110,811900000
output.gamma,1035,113,810400000
output.gamma,1036,116,809000000
output.gamma,1037,119,807500000
output.gamma,1038,122,806000000
output.gamma,1039,125,804500000
output.gamma,1040,128,803000000
output.gamma,1041,131,801500000
output.gamma,1042,134,800000000
output.gamma,1043,137,788900000
output.gamma,1044,140,777800000
output.gamma,1045,143,766700000
output.gamma,1046,146,755600000
output.gamma,1047,149,744400000
output.gamma,1048,152,733300000
output.gamma,1049,155,722200000
output.gamma,1050,158,711100000
output.gamma,1051,161,700000000
output.gamma,1052,164,688900000
output.gamma,1053,167,677800000
output.gamma,1054,170,666700000
output.gamma,1055,173,655600000
output.gamma,1056,176,644400000
output.gamma,1057,179,633300000
output.gamma,1058,182,622200000
output.gamma,1059,185,611100000
output.gamma,1060,188,600000000
output.gamma,1061,191,590000000
output.gamma,1062,194,580000000
output.gamma,1063,197,570000000
output.gamma,1064,200,560000000
output.gamma,1065,203,550000000
output.gamma,1066,206,540000000
output.gamma,1067,209,530000000
output.gamma,1068,212,520000000
output.gamma,1069,215,510000000
output.gamma,1070,218,500000000
output.gamma,1071,221,490000000
output.gamma,1072,224,480000000
output.gamma,1073,227,470000000
output.gamma,1074,230,460000000
output.gamma,1075,233,450000000
output.gamma,1076,236,440000000
output.gamma,1077,239,430000000
output.gamma,1078,242,420000000
output.gamma,1079,245,410000000
output.gamma,1080,248,400000000
output.gamma,1081,251,390000000
output.gamma,1082,254,380000000
output.gamma,1083,257,370000000
output.gamma,1084,260,360000000
output.gamma,1085,263,350000000
output.gamma,1086,266,340000000
output.gamma,1087,269,330000000
output.gamma,1088,272,320000000
output.gamma,1089,275,310000000
output.gamma,1090,278,300000000
output.gamma,1091,281,290000000
output.gamma,1092,284,280000000
output.gamma,1093,287,270000000
output.gamma,1094,290,260000000
output.gamma,1095,293,250000000
output.gamma,1096,296,240000000
output.gamma,1097,299,230000000
output.gamma,1098,302,220000000
output.gamma,1099,305,210000000
output.gamma,1100,308,200000000
output.gamma,1101,311,190000000
output.gamma,1102,314,180000000
output.gamma,1103,317,170000000
output.gamma,1104,320,160000000
output.gamma,1105,323,150000000
output.gamma,1106,326,140000000
output.gamma,1107,329,130000000
output.gamma,1108,332,120000000
output.gamma,1109,335,110000000
output.gamma,1110,338,100000000
output.gamma,1111,341,99860000
output.gamma,1112,344,99710000
output.gamma,1113,347,99570000
output.gamma,1114,350,99420000
output.gamma,1115,353,99280000
output.gamma,1116,356,99130000
output.gamma,1117,359,98990000
output.gamma,1118,362,98840000
output.gamma,1119,365,98700000
output.gamma,1120,368,98550000
output.gamma,1121,371,98410000
output.gamma,1122,374,98260000
output.gamma,1123,377,98120000
output.gamma,1124,380,97970000
output.gamma,1125,383,97830000
output.gamma,1126,386,97680000
output.gamma,1127,389,97540000
output.gamma,1128,392,97390000
output.gamma,1129,395,97250000
output.gamma,1130,398,97100000
output.gamma,1131,401,96960000
output.gamma,1132,404,96810000
output.gamma,1133,407,96670000
output.gamma,1134,410,96520000
output.gamma,1135,413,96380000
output.gamma,1136,416,96230000
output.gamma,1137,419,96090000
output.gamma,1138,422,95940000
output.gamma,1139,425,95800000
output.gamma,1140,428,95650000
output.gamma,1141,431,95510000
output.gamma,1142,434,95360000
output.gamma,1143,437,95220000
output.gamma,1144,440,95070000
output.gamma,1145,443,94930000
output.gamma,1146,446,94780000
output.gamma,1147,449,94640000
output.gamma,1148,452,94490000
output.gamma,1149,455,94350000
output.gamma,1150,458,94200000
output.gamma,1151,461,94060000
output.gamma,1152,464,93910000
output.gamma,1153,467,93770000
output.gamma,1154,470,93620000
output.gamma,1155,473,93480000
output.gamma,1156,476,93330000
output.gamma,1157,479,93190000
output.gamma,1158,482,93040000
output.gamma,1159,485,92900000
output.gamma,1160,488,92750000
output.gamma,1161,491,92610000
output.gamma,1162,494,92460000
output.gamma,1163,497,92320000
output.gamma,1164,500,92170000
output.gamma,1165,503,92030000
output.gamma,1166,506,91880000
output.gamma,1167,509,91740000
output.gamma,1168,512,91590000
output.gamma,1169,515,91450000
output.gamma,1170,518,91300000
output.gamma,1171,521,91160000
output.gamma,1172,524,91010000
output.gamma,1173,527,90870000
output.gamma,1174,530,90720000
output.gamma,1175,533,90580000
output.gamma,1176,536,90430000
output.gamma,1177,539,90290000
output.gamma,1178,542,90140000
output.gamma,1179,545,90000000
output.gamma,1180,548,89860000
output.gamma,1181,551,89710000
output.gamma,1182,554,89570000
output.gamma,1183,557,89420000
output.gamma,1184,560,89280000
output.gamma,1185,563,89130000
output.gamma,1186,566,88990000
output.gamma,1187,569,88840000
output.gamma,1188,572,88700000
output.gamma,1189,575,88550000
output.gamma,1190,578,88410000
output.gamma,1191,581,88260000
output.gamma,1192,584,88120000
output.gamma,1193,587,87970000
output.gamma,1194,590,87830000
output.gamma,1195,593,87680000
output.gamma,1196,596,87540000
output.gamma,1197,599,87390000
output.gamma,1198,602,87250000
output.gamma,1199,605,87100000
output.gamma,1200,608,86960000
output.gamma,1201,611,86810000
output.gamma,1202,614,86670000
output.gamma,1203,617,86520000
output.gamma,1204,620,86380000
output.gamma,1205,623,86230000
output.gamma,1206,626,86090000
output.gamma,1207,629,85940000
output.gamma,1208,632,85800000
output.gamma,1209,635,85650000
output.gamma,1210,638,85510000
output.gamma,1211,641,85360000
output.gamma,1212,644,85220000
output.gamma,1213,647,85070000
output.gamma,1214,650,84930000
output.gamma,1215,653,84780000
output.gamma,1216,656,84640000
output.gamma,1217,659,84490000
output.gamma,1218,662,84350000
output.gamma,1219,665,84200000
output.gamma,1220,668,84060000
output.gamma,1221,671,83910000
output.gamma,1222,674,83770000
output.gamma,1223,677,83620000
output.gamma,1224,680,83480000
output.gamma,1225,683,83330000
output.gamma,1226,686,83190000
output.gamma,1227,689,83040000
output.gamma,1228,692,82900000
output.gamma,1229,695,82750000
output.gamma,1230,698,82610000
output.gamma,1231,701,82460000
output.gamma,1232,704,82320000
output.gamma,1233,707,82170000
output.gamma,1234,710,82030000
output.gamma,1235,713,81880000
output.gamma,1236,716,81740000
output.gamma,1237,719,81590000
output.gamma,1238,722,81450000
output.gamma,1239,725,81300000
output.gamma,1240,728,81160000
output.gamma,1241,731,81010000
output.gamma,1242,734,80870000
output.gamma,1243,737,80720000
output.gamma,1244,740,80580000
output.gamma,1245,743,80430000
output.gamma,1246,746,80290000
output.gamma,1247,749,80140000
output.gamma,1248,752,80000000
output.gamma,1249,755,79860000
output.gamma,1250,758,79710000
output.gamma,1251,761,79570000
output.gamma,1252,764,79420000
output.gamma,1253,767,79280000
output.gamma,1254,770,79130000
output.gamma,1255,773,78990000
output.gamma,1256,776,78840000
output.gamma,1257,779,78700000
output.gamma,1258,782,78550000
output.gamma,1259,785,78410000
output.gamma,1260,788,78260000
output.gamma,1261,791,78120000
output.gamma,1262,794,77970000
output.gamma,1263,797,77830000
output.gamma,1264,800,77680000
output.gamma,1265,803,77540000
output.gamma,1266,806,77390000
output.gamma,1267,809,77250000
output.gamma,1268,812,77100000
output.gamma,1269,815,76960000
output.gamma,1270,818,76810000
output.gamma,1271,821,76670000
output.gamma,1272,824,76520000
output.gamma,1273,827,76380000
output.gamma,1274,830,76230000
output.gamma,1275,833,76090000
output.gamma,1276,836,75940000
output.gamma,1277,839,75800000
output.gamma,1278,842,75650000
output.gamma,1279,845,75510000
output.gamma,1280,848,75360000
output.gamma,1281,851,75220000
output.gamma,1282,854,75070000
output.gamma,1283,857,74930000
output.gamma,1284,860,74780000
output.gamma,1285,863,74640000
output.gamma,1286,866,74490000
output.gamma,1287,869,74350000
output.gamma,1288,872,74200000
output.gamma,1289,875,74060000
output.gamma,1290,878,73910000
output.gamma,1291,881,73770000
output.gamma,1292,884,73620000
output.gamma,1293,887,73480000
output.gamma,1294,890,73330000
output.gamma,1295,893,73190000
output.gamma,1296,896,73040000
output.gamma,1297,899,72900000
output.gamma,1298,902,72750000
output.gamma,1299,905,72610000
output.gamma,1300,908,72460000
output.gamma,1301,911,72320000
output.gamma,1302,914,72170000
output.gamma,1303,917,72030000
output.gamma,1304,920,71880000
output.gamma,1305,923,71740000
output.gamma,1306,926,71590000
output.gamma,1307,929,71450000
output.gamma,1308,932,71300000
output.gamma,1309,935,71160000
output.gamma,1310,938,71010000
output.gamma,1311,941,70870000
output.gamma,1312,944,70720000
output.gamma,1313,947,70580000
output.gamma,1314,950,70430000
output.gamma,1315,953,70290000
output.gamma,1316,956,70140000
output.gamma,1317,959,70000000
output.gamma,1318,962,69860000
output.gamma,1319,965,69710000
output.gamma,1320,968,69570000
output.gamma,1321,971,69420000
output.gamma,1322,974,69280000
output.gamma,1323,977,69130000
output.gamma,1324,980,68990000
output.gamma,1325,983,68840000
output.gamma,1326,986,68700000
output.gamma,1327,989,68550000
output.gamma,1328,992,68410000
output.gamma,1329,995,68260000
output.gamma,1330,998,68120000
output.gamma,1331,1001,67970000
output.gamma,1332,1004,67830000
output.gamma,1333,1007,67680000
output.gamma,1334,1010,67540000
output.gamma,1335,1013,67390000
output.gamma,1336,1016,67250000
output.gamma,1337,1019,67100000
output.gamma,1338,1022,66960000
output.gamma,1339,1025,66810000
output.gamma,1340,1028,66670000
output.gamma,1341,1031,66520000
output.gamma,1342,1034,66380000
output.gamma,1343,1037,66230000
output.gamma,1344,1040,66090000
output.gamma,1345,1043,65940000
output.gamma,1346,1046,65800000
output.gamma,1347,1049,65650000
output.gamma,1348,1052,65510000
output.gamma,1349,1055,65360000
output.gamma,1350,1058,65220000
output.gamma,1351,1061,65070000
output.gamma,1352,1064,64930000
output.gamma,1353,1067,64780000
output.gamma,1354,1070,64640000
output.gamma,1355,1073,64490000
output.gamma,1356,1076,64350000
output.gamma,1357,1079,64200000
output.gamma,1358,1082,64060000
output.gamma,1359,1085,63910000
output.gamma,1360,1088,63770000
output.gamma,1361,1091,63620000
output.gamma,1362,1094,63480000
output.gamma,1363,1097,63330000
output.gamma,1364,1100,63190000
output.gamma,1365,1103,63040000
output.gamma,1366,1106,62900000
output.gamma,1367,1109,62750000
output.gamma,1368,1112,62610000
output.gamma,1369,1115,62460000
output.gamma,1370,1118,62320000
output.gamma,1371,1121,62170000
output.gamma,1372,1124,62030000
output.gamma,1373,1127,61880000
output.gamma,1374,1130,61740000
output.gamma,1375,1133,61590000
output.gamma,1376,1136,61450000
output.gamma,1377,1139,61300000
output.gamma,1378,1142,61160000
output.gamma,1379,1145,61010000
output.gamma,1380,1148,60870000
output.gamma,1381,1151,60720000
output.gamma,1382,1154,60580000
output.gamma,1383,1157,60430000
output.gamma,1384,1160,60290000
output.gamma,1385,1163,60140000
output.gamma,1386,1166,60000000
output.gamma,1387,1169,59860000
output.gamma,1388,1172,59710000
output.gamma,1389,1175,59570000
output.gamma,1390,1178,59420000
output.gamma,1391,1181,59280000
output.gamma,1392,1184,59130000
output.gamma,1393,1187,58990000
output.gamma,1394,1190,58840000
output.gamma,1395,1193,58700000
output.gamma,1396,1196,58550000
output.gamma,1397,1199,58410000
output.gamma,1398,1202,58260000
output.gamma,1399,1205,58120000
output.gamma,1400,1208,57970000
output.gamma,1401,1211,57830000
output.gamma,1402,1214,57680000
output.gamma,1403,1217,57540000
output.gamma,1404,1220,57390000
output.gamma,1405,1223,57250000
output.gamma,1406,1226,57100000
output.gamma,1407,1229,56960000
output.gamma,1408,1232,56810000
output.gamma,1409,1235,56670000
output.gamma,1410,1238,56520000
output.gamma,1411,1241,56380000
output.gamma,1412,1244,56230000
output.gamma,1413,1247,56090000
output.gamma,1414,1250,55940000
output.gamma,1415,1253,55800000
output.gamma,1416,1256,55650000
output.gamma,1417,1259,55510000
output.gamma,1418,1262,55360000
output.gamma,1419,1265,55220000
output.gamma,1420,1268,55070000
output.gamma,1421,1271,54930000
output.gamma,1422,1274,54780000
output.gamma,1423,1277,54640000
output.gamma,1424,1280,54490000
output.gamma,1425,1283,54350000
output.gamma,1426,1286,54200000
output.gamma,1427,1289,54060000
output.gamma,1428,1292,53910000
output.gamma,1429,1295,53770000
output.gamma,1430,1298,53620000
output.gamma,1431,1301,53480000
output.gamma,1432,1304,53330000
output.gamma,1433,1307,53190000
output.gamma,1434,1310,53040000
output.gamma,1435,1313,52900000
output.gamma,1436,1316,52750000
output.gamma,1437,1319,52610000
output.gamma,1438,1322,52460000
output.gamma,1439,1325,52320000
output.gamma,1440,1328,52170000
output.gamma,1441,1331,52030000
output.gamma,1442,1334,51880000
output.gamma,1443,1337,51740000
output.gamma,1444,1340,51590000
output.gamma,1445,1343,51450000
output.gamma,1446,1346,51300000
output.gamma,1447,1349,51160000
output.gamma,1448,1352,51010000
output.gamma,1449,1355,50870000
output.gamma,1450,1358,50720000
output.gamma,1451,1361,50580000
output.gamma,1452,1364,50430000
output.gamma,1453,1367,50290000
output.gamma,1454,1370,50140000
output.gamma,1455,1373,50000000
output.gamma,1456,1376,49860000
output.gamma,1457,1379,49710000
output.gamma,1458,1382,49570000
output.gamma,1459,1385,49420000
output.gamma,1460,1388,49280000
output.gamma,1461,1391,49130000
output.gamma,1462,1394,48990000
output.gamma,1463,1397,48840000
output.gamma,1464,1400,48700000
output.gamma,1465,1403,48550000
output.gamma,1466,1406,48410000
output.gamma,1467,1409,48260000
output.gamma,1468,1412,48120000
output.gamma,1469,1415,47970000
output.gamma,1470,1418,47830000
output.gamma,1471,1421,47680000
output.gamma,1472,1424,47540000
output.gamma,1473,1427,47390000
output.gamma,1474,1430,47250000
output.gamma,1475,1433,47100000
output.gamma,1476,1436,46960000
output.gamma,1477,1439,46810000
output.gamma,1478,1442,46670000
output.gamma,1479,1445,46520000
output.gamma,1480,1448,46380000
output.gamma,1481,1451,46230000
output.gamma,1482,1454,46090000
output.gamma,1483,1457,45940000
output.gamma,1484,1460,45800000
output.gamma,1485,1463,45650000
output.gamma,1486,1466,45510000
output.gamma,1487,1469,45360000
output.gamma,1488,1472,45220000
output.gamma,1489,1475,45070000
output.gamma,1490,1478,44930000
output.gamma,1491,1481,44780000
output.gamma,1492,1484,44640000
output.gamma,1493,1487,44490000
output.gamma,1494,1490,44350000
output.gamma,1495,1493,44200000
output.gamma,1496,1496,44060000
output.gamma,1497,1499,43910000
output.gamma,1498,1502,43770000
output.gamma,1499,1505,43620000
output.gamma,1500,1508,43480000
output.gamma,1501,1511,43330000
output.gamma,1502,1514,43190000
output.gamma,1503,1517,43040000
output.gamma,1504,1520,42900000
output.gamma,1505,1523,42750000
output.gamma,1506,1526,42610000
output.gamma,1507,1529,42460000
output.gamma,1508,1532,42320000
output.gamma,1509,1535,42170000
output.gamma,1510,1538,42030000
output.gamma,1511,1541,41880000
output.gamma,1512,1544,41740000
output.gamma,1513,1547,41590000
output.gamma,1514,1550,41450000
output.gamma,1515,1553,41300000
output.gamma,1516,1556,41160000
output.gamma,1517,1559,41010000
output.gamma,1518,1562,40870000
output.gamma,1519,1565,40720000
output.gamma,1520,1568,40580000
output.gamma,1521,1571,40430000
output.gamma,1522,1574,40290000
output.gamma,1523,1577,40140000
output.gamma,1524,1580,40000000
output.gamma,1525,1583,39860000
output.gamma,1526,1586,39710000
output.gamma,1527,1589,39570000
output.gamma,1528,1592,39420000
output.gamma,1529,1595,39280000
output.gamma,1530,1598,39130000
output.gamma,1531,1601,38990000
output.gamma,1532,1604,38840000
output.gamma,1533,1607,38700000
output.gamma,1534,1610,38550000
output.gamma,1535,1613,38410000
output.gamma,1536,1616,38260000
output.gamma,1537,1619,38120000
output.gamma,1538,1622,37970000
output.gamma,1539,1625,37830000
output.gamma,1540,1628,37680000
output.gamma,1541,1631,37540000
output.gamma,1542,1634,37390000
output.gamma,1543,1637,37250000
output.gamma,1544,1640,37100000
output.gamma,1545,1643,36960000
output.gamma,1546,1646,36810000
output.gamma,1547,1649,36670000
output.gamma,1548,1652,36520000
output.gamma,1549,1655,36380000
output.gamma,1550,1658,36230000
output.gamma,1551,1661,36090000
output.gamma,1552,1664,35940000
output.gamma,1553,1667,35800000
output.gamma,1554,1670,35650000
output.gamma,1555,1673,35510000
output.gamma,1556,1676,35360000
output.gamma,1557,1679,35220000
output.gamma,1558,1682,35070000
output.gamma,1559,1685,34930000
output.gamma,1560,1688,34780000
output.gamma,1561,1691,34640000
output.gamma,1562,1694,34490000
output.gamma,1563,1697,34350000
output.gamma,1564,1700,34200000
output.gamma,1565,1703,34060000
output.gamma,1566,1706,33910000
output.gamma,1567,1709,33770000
output.gamma,1568,1712,33620000
output.gamma,1569,1715,33480000
output.gamma,1570,1718,33330000
output.gamma,1571,1721,33190000
output.gamma,1572,1724,33040000
output.gamma,1573,1727,32900000
output.gamma,1574,1730,32750000
output.gamma,1575,1733,32610000
output.gamma,1576,1736,32460000
output.gamma,1577,1739,32320000
output.gamma,1578,1742,32170000
output.gamma,1579,1745,32030000
output.gamma,1580,1748,31880000
output.gamma,1581,1751,31740000
output.gamma,1582,1754,31590000
output.gamma,1583,1757,31450000
output.gamma,1584,1760,31300000
output.gamma,1585,1763,31160000
output.gamma,1586,1766,31010000
output.gamma,1587,1769,30870000
output.gamma,1588,1772,30720000
output.gamma,1589,1775,30580000
output.gamma,1590,1778,30430000
output.gamma,1591,1781,30290000
output.gamma,1592,1784,30140000
output.gamma,1593,1787,30000000
output.gamma,1594,1790,29860000
output.gamma,1595,1793,29710000
output.gamma,1596,1796,29570000
output.gamma,1597,1799,29420000
output.gamma,1598,1802,29280000
output.gamma,1599,1805,29130000
output.gamma,1600,1808,28990000
output.gamma,1601,1811,28840000
output.gamma,1602,1814,28700000
output.gamma,1603,1817,28550000
output.gamma,1604,1820,28410000
output.gamma,1605,1823,28260000
output.gamma,1606,1826,28120000
output.gamma,1607,1829,27970000
output.gamma,1608,1832,27830000
output.gamma,1609,1835,27680000
output.gamma,1610,1838,27540000
output.gamma,1611,1841,27390000
output.gamma,1612,1844,27250000
output.gamma,1613,1847,27100000
output.gamma,1614,1850,26960000
output.gamma,1615,1853,26810000
output.gamma,1616,1856,26670000
output.gamma,1617,1859,26520000
output.gamma,1618,1862,26380000
output.gamma,1619,1865,26230000
output.gamma,1620,1868,26090000
output.gamma,1621,1871,25940000
output.gamma,1622,1874,25800000
output.gamma,1623,1877,25650000
output.gamma,1624,1880,25510000
output.gamma,1625,1883,25360000
output.gamma,1626,1886,25220000
output.gamma,1627,1889,25070000
output.gamma,1628,1892,24930000
output.gamma,1629,1895,24780000
output.gamma,1630,1898,24640000
output.gamma,1631,1901,24490000
output.gamma,1632,1904,24350000
output.gamma,1633,1907,24200000
output.gamma,1634,1910,24060000
output.gamma,1635,1913,23910000
output.gamma,1636,1916,23770000
output.gamma,1637,1919,23620000
output.gamma,1638,1922,23480000
output.gamma,1639,1925,23330000
output.gamma,1640,1928,23190000
output.gamma,1641,1931,23040000
output.gamma,1642,1934,22900000
output.gamma,1643,1937,22750000
output.gamma,1644,1940,22610000
output.gamma,1645,1943,22460000
output.gamma,1646,1946,22320000
output.gamma,1647,1949,22170000
output.gamma,1648,1952,22030000
output.gamma,1649,1955,21880000
output.gamma,1650,1958,21740000
output.gamma,1651,1961,21590000
output.gamma,1652,1964,21450000
output.gamma,1653,1967,21300000
output.gamma,1654,1970,21160000
output.gamma,1655,1973,21010000
output.gamma,1656,1976,20870000
output.gamma,1657,1979,20720000
output.gamma,1658,1982,20580000
output.gamma,1659,1985,20430000
output.gamma,1660,1988,20290000
output.gamma,1661,1991,20140000
output.gamma,1662,1994,20000000
output.gamma,1663,1997,19860000
output.gamma,1664,2000,19710000
output.gamma,1665,2003,19570000
output.gamma,1666,2006,19420000
output.gamma,1667,2009,19280000
output.gamma,1668,2012,19130000
output.gamma,1669,2015,18990000
output.gamma,1670,2018,18840000
output.gamma,1671,2021,18700000
output.gamma,1672,2024,18550000
output.gamma,1673,2027,18410000
output.gamma,1674,2030,18260000
output.gamma,1675,2033,18120000
output.gamma,1676,2036,17970000
output.gamma,1677,2039,17830000
output.gamma,1678,2042,17680000
output.gamma,1679,2045,17540000
output.gamma,1680,2048,17390000
output.gamma,1681,2051,17250000
output.gamma,1682,2054,17100000
output.gamma,1683,2057,16960000
output.gamma,1684,2060,16810000
output.gamma,1685,2063,16670000
output.gamma,1686,2066,16520000
output.gamma,1687,2069,16380000
output.gamma,1688,2072,16230000
output.gamma,1689,2075,16090000
output.gamma,1690,2078,15940000
output.gamma,1691,2081,15800000
output.gamma,1692,2084,15650000
output.gamma,1693,2087,15510000
output.gamma,1694,2090,15360000
output.gamma,1695,2093,15220000
output.gamma,1696,2096,15070000
output.gamma,1697,2099,14930000
output.gamma,1698,2102,14780000
output.gamma,1699,2105,14640000
output.gamma,1700,2108,14490000
output.gamma,1701,2111,14350000
output.gamma,1702,2114,14200000
output.gamma,1703,2117,14060000
output.gamma,1704,2120,13910000
output.gamma,1705,2123,13770000
output.gamma,1706,2126,13620000
output.gamma,1707,2129,13480000
output.gamma,1708,2132,13330000
output.gamma,1709,2135,13190000
output.gamma,1710,2138,13040000
output.gamma,1711,2141,12900000
output.gamma,1712,2144,12750000
output.gamma,1713,2147,12610000
output.gamma,1714,2150,12460000
output.gamma,1715,2153,12320000
output.gamma,1716,2156,12170000
output.gamma,1717,2159,12030000
output.gamma,1718,2162,11880000
output.gamma,1719,2165,11740000
output.gamma,1720,2168,11590000
output.gamma,1721,2171,11450000
output.gamma,1722,2174,11300000
output.gamma,1723,2177,11160000
output.gamma,1724,2180,11010000
output.gamma,1725,2183,10870000
output.gamma,1726,2186,10720000
output.gamma,1727,2189,10580000
output.gamma,1728,2192,10430000
output.gamma,1729,2195,10290000
output.gamma,1730,2198,10140000
output.gamma,1731,2201,10000000
output.gamma,1732,2204,9855000
output.gamma,1733,2207,9710000
output.gamma,1734,2210,9565000
output.gamma,1735,2213,9420000
output.gamma,1736,2216,9275000
output.gamma,1737,2219,9130000
output.gamma,1738,2222,8986000
output.gamma,1739,2225,8841000
output.gamma,1740,2228,8696000
output.gamma,1741,2231,8551000
output.gamma,1742,2234,8406000
output.gamma,1743,2237,8261000
output.gamma,1744,2240,8116000
output.gamma,1745,2243,7971000
output.gamma,1746,2246,7826000
output.gamma,1747,2249,7681000
output.gamma,1748,2252,7536000
output.gamma,1749,2255,7391000
output.gamma,1750,2258,7246000
output.gamma,1751,2261,7101000
output.gamma,1752,2264,6957000
output.gamma,1753,2267,6812000
output.gamma,1754,2270,6667000
output.gamma,1755,2273,6522000
output.gamma,1756,2276,6377000
output.gamma,1757,2279,6232000
output.gamma,1758,2282,6087000
output.gamma,1759,2285,5942000
output.gamma,1760,2288,5797000
output.gamma,1761,2291,5652000
output.gamma,1762,2294,5507000
output.gamma,1763,2297,5362000
output.gamma,1764,2300,5217000
output.gamma,1765,2303,5072000
output.gamma,1766,2306,4928000
output.gamma,1767,2309,4783000
output.gamma,1768,2312,4638000
output.gamma,1769,2315,4493000
output.gamma,1770,2318,4348000
output.gamma,1771,2321,4203000
output.gamma,1772,2324,4058000
output.gamma,1773,2327,3913000
output.gamma,1774,2330,3768000
output.gamma,1775,2333,3623000
output.gamma,1776,2336,3478000
output.gamma,1777,2339,3333000
output.gamma,1778,2342,3188000
output.gamma,1779,2345,3043000
output.gamma,1780,2348,2899000
output.gamma,1781,2351,2754000
output.gamma,1782,2354,2609000
output.gamma,1783,2357,2464000
output.gamma,1784,2360,2319000
output.gamma,1785,2363,2174000
output.gamma,1786,2366,2029000
output.gamma,1787,2369,1884000
output.gamma,1788,2372,1739000
output.gamma,1789,2375,1594000
output.gamma,1790,2378,1449000
output.gamma,1791,2381,1304000
output.gamma,1792,2384,1159000
output.gamma,1793,2387,1014000
output.gamma,1794,2390,869600
output.gamma,1795,2393,724600
output.gamma,1796,2396,579700
output.gamma,1797,2399,434800
output.gamma,1798,2402,289900
output.gamma,1799,2405,144900
output.gamma,1800,2408,0
output.helion,1,1,1300000000
output.helion,2,1.01,1299000000
output.helion,3,1.02,1299000000
output.helion,4,1.03,1298000000
output.helion,5,1.04,1298000000
output.helion,6,1.05,1298000000
output.helion,7,1.06,1297000000
output.helion,8,1.07,1297000000
output.helion,9,1.08,1296000000
output.helion,10,1.09,1296000000
output.helion,11,1.1,1296000000
output.helion,12,1.11,1295000000
output.helion,13,1.12,1295000000
output.helion,14,1.13,1294000000
output.helion,15,1.14,1294000000
output.helion,16,1.15,1294000000
output.helion,17,1.16,1293000000
output.helion,18,1.17,1293000000
output.helion,19,1.18,1292000000
output.helion,20,1.19,1292000000
output.helion,21,1.2,1292000000
output.helion,22,1.21,1291000000
output.helion,23,1.22,1291000000
output.helion,24,1.23,1290000000
output.helion,25,1.24,1290000000
output.helion,26,1.25,1290000000
output.helion,27,1.26,1289000000
output.helion,28,1.27,1289000000
output.helion,29,1.28,1288000000
output.helion,30,1.29,1288000000
output.helion,31,1.3,1288000000
output.helion,32,1.31,1287000000
output.helion,33,1.32,1287000000
output.helion,34,1.33,1286000000
output.helion,35,1.34,1286000000
output.helion,36,1.35,1286000000
output.helion,37,1.36,1285000000
output.helion,38,1.37,1285000000
output.helion,39,1.38,1284000000
output.helion,40,1.39,1284000000
output.helion,41,1.4,1284000000
output.helion,42,1.41,1283000000
output.helion,43,1.42,1283000000
output.helion,44,1.43,1282000000
output.helion,45,1.44,1282000000
output.helion,46,1.45,1282000000
output.helion,47,1.46,1281000000
output.helion,48,1.47,1281000000
output.helion,49,1.48,1280000000
output.helion,50,1.49,1280000000
output.helion,51,1.5,1280000000
output.helion,52,1.51,1279000000
output.helion,53,1.52,1279000000
output.helion,54,1.53,1278000000
output.helion,55,1.54,1278000000
output.helion,56,1.55,1278000000
output.helion,57,1.56,1277000000
output.helion,58,1.57,1277000000
output.helion,59,1.58,1276000000
output.helion,60,1.59,1276000000
output.helion,61,1.6,1276000000
output.helion,62,1.61,1275000000
output.helion,63,1.62,1275000000
output.helion,64,1.63,1274000000
output.helion,65,1.64,1274000000
output.helion,66,1.65,1274000000
output.helion,67,1.66,1273000000
output.helion,68,1.67,1273000000
output.helion,69,1.68,1272000000
output.helion,70,1.69,1272000000
output.helion,71,1.7,1272000000
output.helion,72,1.71,1271000000
output.helion,73,1.72,1271000000
output.helion,74,1.73,1270000000
output.helion,75,1.74,1270000000
output.helion,76,1.75,1270000000
output.helion,77,1.76,1269000000
output.helion,78,1.77,1269000000
output.helion,79,1.78,1268000000
output.helion,80,1.79,1268000000
output.helion,81,1.8,1268000000
output.helion,82,1.81,1267000000
output.helion,83,1.82,1267000000
output.helion,84,1.83,1266000000
output.helion,85,1.84,1266000000
output.helion,86,1.85,1266000000
output.helion,87,1.86,1265000000
output.helion,88,1.87,1265000000
output.helion,89,1.88,1264000000
output.helion,90,1.89,1264000000
output.helion,91,1.9,1264000000
output.helion,92,1.91,1263000000
output.helion,93,1.92,1263000000
output.helion,94,1.93,1262000000
output.helion,95,1.94,1262000000
output.helion,96,1.95,1262000000
output.helion,97,1.96,1261000000
output.helion,98,1.97,1261000000
output.helion,99,1.98,1260000000
output.helion,100,1.99,1260000000
output.helion,101,2,1260000000
output.helion,102,2.01,1259000000
output.helion,103,2.02,1259000000
output.helion,104,2.03,1258000000
output.helion,105,2.04,1258000000
output.helion,106,2.05,1258000000
output.helion,107,2.06,1257000000
output.helion,108,2.07,1257000000
output.helion,109,2.08,1256000000
output.helion,110,2.09,1256000000
output.helion,111,2.1,1256000000
output.helion,112,2.11,1255000000
output.helion,113,2.12,1255000000
output.helion,114,2.13,1254000000
output.helion,115,2.14,1254000000
output.helion,116,2.15,1254000000
output.helion,117,2.16,1253000000
output.helion,118,2.17,1253000000
output.helion,119,2.18,1252000000
output.helion,120,2.19,1252000000
output.helion,121,2.2,1252000000
output.helion,122,2.21,1251000000
output.helion,123,2.22,1251000000
output.helion,124,2.23,1250000000
output.helion,125,2.24,1250000000
output.helion,126,2.25,1250000000
output.helion,127,2.26,1249000000
output.helion,128,2.27,1249000000
output.helion,129,2.28,1248000000
output.helion,130,2.29,1248000000
output.helion,131,2.3,1248000000
output.helion,132,2.31,1247000000
output.helion,133,2.32,1247000000
output.helion,134,2.33,1246000000
output.helion,135,2.34,1246000000
output.helion,136,2.35,1246000000
output.helion,137,2.36,1245000000
output.helion,138,2.37,1245000000
output.helion,139,2.38,1244000000
output.helion,140,2.39,1244000000
output.helion,141,2.4,1244000000
output.helion,142,2.41,1243000000
output.helion,143,2.42,1243000000
output.helion,144,2.43,1242000000
output.helion,145,2.44,1242000000
output.helion,146,2.45,1242000000
output.helion,147,2.46,1241000000
output.helion,148,2.47,1241000000
output.helion,149,2.48,1240000000
output.helion,150,2.49,1240000000
output.helion,151,2.5,1240000000
output.helion,152,2.51,1239000000
output.helion,153,2.52,1239000000
output.helion,154,2.53,1238000000
output.helion,155,2.54,1238000000
output.helion,156,2.55,1238000000
output.helion,157,2.56,1237000000
output.helion,158,2.57,1237000000
output.helion,159,2.58,1236000000
output.helion,160,2.59,1236000000
output.helion,161,2.6,1236000000
output.helion,162,2.61,1235000000
output.helion,163,2.62,1235000000
output.helion,164,2.63,1234000000
output.helion,165,2.64,1234000000
output.helion,166,2.65,1234000000
output.helion,167,2.66,1233000000
output.helion,168,2.67,1233000000
output.helion,169,2.68,1232000000
output.helion,170,2.69,1232000000
output.helion,171,2.7,1232000000
output.helion,172,2.71,1231000000
output.helion,173,2.72,1231000000
output.helion,174,2.73,1230000000
output.helion,175,2.74,1230000000
output.helion,176,2.75,1230000000
output.helion,177,2.76,1229000000
output.helion,178,2.77,1229000000
output.helion,179,2.78,1228000000
output.helion,180,2.79,1228000000
output.helion,181,2.8,1228000000
output.helion,182,2.81,1227000000
output.helion,183,2.82,1227000000
output.helion,184,2.83,1226000000
output.helion,185,2.84,1226000000
output.helion,186,2.85,1226000000
output.helion,187,2.86,1225000000
output.helion,188,2.87,1225000000
output.helion,189,2.88,1224000000
output.helion,190,2.89,1224000000
output.helion,191,2.9,1224000000
output.helion,192,2.91,1223000000
output.helion,193,2.92,1223000000
output.helion,194,2.93,1222000000
output.helion,195,2.94,1222000000
output.helion,196,2.95,1222000000
output.helion,197,2.96,1221000000
output.helion,198,2.97,1221000000
output.helion,199,2.98,1220000000
output.helion,200,2.99,1220000000
output.helion,201,3,1220000000
output.helion,202,3.01,1219000000
output.helion,203,3.02,1219000000
output.helion,204,3.03,1218000000
output.helion,205,3.04,1218000000
output.helion,206,3.05,1218000000
output.helion,207,3.06,1217000000
output.helion,208,3.07,1217000000
output.helion,209,3.08,1216000000
output.helion,210,3.09,1216000000
output.helion,211,3.1,1216000000
output.helion,212,3.11,1215000000
output.helion,213,3.12,1215000000
output.helion,214,3.13,1214000000
output.helion,215,3.14,1214000000
output.helion,216,3.15,1214000000
output.helion,217,3.16,1213000000
output.helion,218,3.17,1213000000
output.helion,219,3.18,1212000000
output.helion,220,3.19,1212000000
output.helion,221,3.2,1212000000
output.helion,222,3.21,1211000000
output.helion,223,3.22,1211000000
output.helion,224,3.23,1210000000
output.helion,225,3.24,1210000000
output.helion,226,3.25,1210000000
output.helion,227,3.26,1209000000
output.helion,228,3.27,1209000000
output.helion,229,3.28,1208000000
output.helion,230,3.29,1208000000
output.helion,231,3.3,1208000000
output.helion,232,3.31,1207000000
output.helion,233,3.32,1207000000
output.helion,234,3.33,1206000000
output.helion,235,3.34,1206000000
output.helion,236,3.35,1206000000
output.helion,237,3.36,1205000000
output.helion,238,3.37,1205000000
output.helion,239,3.38,1204000000
output.helion,240,3.39,1204000000
output.helion,241,3.4,1204000000
output.helion,242,3.41,1203000000
output.helion,243,3.42,1203000000
output.helion,244,3.43,1202000000
output.helion,245,3.44,1202000000
output.helion,246,3.45,1202000000
output.helion,247,3.46,1201000000
output.helion,248,3.47,1201000000
output.helion,249,3.48,1200000000
output.helion,250,3.49,1200000000
output.helion,251,3.5,1196000000
output.helion,252,3.51,1192000000
output.helion,253,3.52,1188000000
output.helion,254,3.53,1184000000
output.helion,255,3.54,1180000000
output.helion,256,3.55,1176000000
output.helion,257,3.56,1172000000
output.helion,258,3.57,1168000000
output.helion,259,3.58,1164000000
output.helion,260,3.59,1160000000
output.helion,261,3.6,1156000000
output.helion,262,3.61,1152000000
output.helion,263,3.62,1148000000
output.helion,264,3.63,1144000000
output.helion,265,3.64,1140000000
output.helion,266,3.65,1136000000
output.helion,267,3.66,1132000000
output.helion,268,3.67,1128000000
output.helion,269,3.68,1124000000
output.helion,270,3.69,1120000000
output.helion,271,3.7,1116000000
output.helion,272,3.71,1112000000
output.helion,273,3.72,1108000000
output.helion,274,3.73,1104000000
output.helion,275,3.74,1100000000
output.helion,276,3.75,1099000000
output.helion,277,3.76,1098000000
output.helion,278,3.77,1097000000
output.helion,279,3.78,1096000000
output.helion,280,3.79,1095000000
output.helion,281,3.8,1094000000
output.helion,282,3.81,1093000000
output.helion,283,3.82,1092000000
output.helion,284,3.83,1091000000
output.helion,285,3.84,1090000000
output.helion,286,3.85,1089000000
output.helion,287,3.86,1088000000
output.helion,288,3.87,1087000000
output.helion,289,3.88,1086000000
output.helion,290,3.89,1085000000
output.helion,291,3.9,1084000000
output.helion,292,3.91,1083000000
output.helion,293,3.92,1082000000
output.helion,294,3.93,1081000000
output.helion,295,3.94,1080000000
output.helion,296,3.95,1079000000
output.helion,297,3.96,1078000000
output.helion,298,3.97,1077000000
output.helion,299,3.98,1076000000
output.helion,300,3.99,1075000000
output.helion,301,4,1074000000
output.helion,302,4.01,1073000000
output.helion,303,4.02,1072000000
output.helion,304,4.03,1071000000
output.helion,305,4.04,1070000000
output.helion,306,4.05,1069000000
output.helion,307,4.06,1068000000
output.helion,308,4.07,1067000000
output.helion,309,4.08,1066000000
output.helion,310,4.09,1065000000
output.helion,311,4.1,1064000000
output.helion,312,4.11,1063000000
output.helion,313,4.12,1062000000
output.helion,314,4.13,1061000000
output.helion,315,4.14,1060000000
output.helion,316,4.15,1059000000
output.helion,317,4.16,1058000000
output.helion,318,4.17,1057000000
output.helion,319,4.18,1056000000
output.helion,320,4.19,1055000000
output.helion,321,4.2,1054000000
output.helion,322,4.21,1053000000
output.helion,323,4.22,1052000000
output.helion,324,4.23,1051000000
output.helion,325,4.24,1050000000
output.helion,326,4.25,1049000000
output.helion,327,4.26,1048000000
output.helion,328,4.27,1047000000
output.helion,329,4.28,1046000000
output.helion,330,4.29,1045000000
output.helion,331,4.3,1044000000
output.helion,332,4.31,1043000000
output.helion,333,4.32,1042000000
output.helion,334,4.33,1041000000
output.helion,335,4.34,1040000000
output.helion,336,4.35,1039000000
output.helion,337,4.36,1038000000
output.helion,338,4.37,1037000000
output.helion,339,4.38,1036000000
output.helion,340,4.39,1035000000
output.helion,341,4.4,1034000000
output.helion,342,4.41,1033000000
output.helion,343,4.42,1032000000
output.helion,344,4.43,1031000000
output.helion,345,4.44,1030000000
output.helion,346,4.45,1029000000
output.helion,347,4.46,1028000000
output.helion,348,4.47,1027000000
output.helion,349,4.48,1026000000
output.helion,350,4.49,1025000000
output.helion,351,4.5,1024000000
output.helion,352,4.51,1023000000
output.helion,353,4.52,1022000000
output.helion,354,4.53,1021000000
output.helion,355,4.54,1020000000
output.helion,356,4.55,1019000000
output.helion,357,4.56,1018000000
output.helion,358,4.57,1017000000
output.helion,359,4.58,1016000000
output.helion,360,4.59,1015000000
output.helion,361,4.6,1014000000
output.helion,362,4.61,1013000000
output.helion,363,4.62,1012000000
output.helion,364,4.63,1011000000
output.helion,365,4.64,1010000000
output.helion,366,4.65,1009000000
output.helion,367,4.66,1008000000
output.helion,368,4.67,1007000000
output.helion,369,4.68,1006000000
output.helion,370,4.69,1005000000
output.helion,371,4.7,1004000000
output.helion,372,4.71,1003000000
output.helion,373,4.72,1002000000
output.helion,374,4.73,1001000000
output.helion,375,4.74,1000000000
output.helion,376,4.75,998000000
output.helion,377,4.76,996000000
output.helion,378,4.77,994000000
output.helion,379,4.78,992000000
output.helion,380,4.79,990000000
output.helion,381,4.8,988000000
output.helion,382,4.81,986000000
output.helion,383,4.82,984000000
output.helion,384,4.83,982000000
output.helion,385,4.84,980000000
output.helion,386,4.85,978000000
output.helion,387,4.86,976000000
output.helion,388,4.87,974000000
output.helion,389,4.88,972000000
output.helion,390,4.89,970000000
output.helion,391,4.9,968000000
output.helion,392,4.91,966000000
output.helion,393,4.92,964000000
output.helion,394,4.93,962000000
output.helion,395,4.94,960000000
output.helion,396,4.95,958000000
output.helion,397,4.96,956000000
output.helion,398,4.97,954000000
output.helion,399,4.98,952000000
output.helion,400,4.99,950000000
output.helion,401,5,948000000
output.helion,402,5.01,946000000
output.helion,403,5.02,944000000
output.helion,404,5.03,942000000
output.helion,405,5.04,940000000
output.helion,406,5.05,938000000
output.helion,407,5.06,936000000
output.helion,408,5.07,934000000
output.helion,409,5.08,932000000
output.helion,410,5.09,930000000
output.helion,411,5.1,928000000
output.helion,412,5.11,926000000
output.helion,413,5.12,924000000
output.helion,414,5.13,922000000
output.helion,415,5.14,920000000
output.helion,416,5.15,918000000
output.helion,417,5.16,916000000
output.helion,418,5.17,914000000
output.helion,419,5.18,912000000
output.helion,420,5.19,910000000
output.helion,421,5.2,908000000
output.helion,422,5.21,906000000
output.helion,423,5.22,904000000
output.helion,424,5.23,902000000
output.helion,425,5.24,900000000
output.helion,426,5.25,898700000
output.helion,427,5.26,897300000
output.helion,428,5.27,896000000
output.helion,429,5.28,894700000
output.helion,430,5.29,893300000
output.helion,431,5.3,892000000
output.helion,432,5.31,890700000
output.helion,433,5.32,889300000
output.helion,434,5.33,888000000
output.helion,435,5.34,886700000
output.helion,436,5.35,885300000
output.helion,437,5.36,884000000
output.helion,438,5.37,882700000
output.helion,439,5.38,881300000
output.helion,440,5.39,880000000
output.helion,441,5.4,878700000
output.helion,442,5.41,877300000
output.helion,443,5.42,876000000
output.helion,444,5.43,874700000
output.helion,445,5.44,873300000
output.helion,446,5.45,872000000
output.helion,447,5.46,870700000
output.helion,448,5.47,869300000
output.helion,449,5.48,868000000
output.helion,450,5.49,866700000
output.helion,451,5.5,865300000
output.helion,452,5.51,864000000
output.helion,453,5.52,862700000
output.helion,454,5.53,861300000
output.helion,455,5.54,860000000
output.helion,456,5.55,858700000
output.helion,457,5.56,857300000
output.helion,458,5.57,856000000
output.helion,459,5.58,854700000
output.helion,460,5.59,853300000
output.helion,461,5.6,852000000
output.helion,462,5.61,850700000
output.helion,463,5.62,849300000
output.helion,464,5.63,848000000
output.helion,465,5.64,846700000
output.helion,466,5.65,845300000
output.helion,467,5.66,844000000
output.helion,468,5.67,842700000
output.helion,469,5.68,841300000
output.helion,470,5.69,840000000
output.helion,471,5.7,838700000
output.helion,472,5.71,837300000
output.helion,473,5.72,836000000
output.helion,474,5.73,834700000
output.helion,475,5.74,833300000
output.helion,476,5.75,832000000
output.helion,477,5.76,830700000
output.helion,478,5.77,829300000
output.helion,479,5.78,828000000
output.helion,480,5.79,826700000
output.helion,481,5.8,825300000
output.helion,482,5.81,824000000
output.helion,483,5.82,822700000
output.helion,484,5.83,821300000
output.helion,485,5.84,820000000
output.helion,486,5.85,818700000
output.helion,487,5.86,817300000
output.helion,488,5.87,816000000
output.helion,489,5.88,814700000
output.helion,490,5.89,813300000
output.helion,491,5.9,812000000
output.helion,492,5.91,810700000
output.helion,493,5.92,809300000
output.helion,494,5.93,808000000
output.helion,495,5.94,806700000
output.helion,496,5.95,805300000
output.helion,497,5.96,804000000
output.helion,498,5.97,802700000
output.helion,499,5.98,801300000
output.helion,500,5.99,800000000
output.helion,501,6,798000000
output.helion,502,6.01,796000000
output.helion,503,6.02,794000000
output.helion,504,6.03,792000000
output.helion,505,6.04,790000000
output.helion,506,6.05,788000000
output.helion,507,6.06,786000000
output.helion,508,6.07,784000000
output.helion,509,6.08,782000000
output.helion,510,6.09,780000000
output.helion,511,6.1,778000000
output.helion,512,6.11,776000000
output.helion,513,6.12,774000000
output.helion,514,6.13,772000000
output.helion,515,6.14,770000000
output.helion,516,6.15,768000000
output.helion,517,6.16,766000000
output.helion,518,6.17,764000000
output.helion,519,6.18,762000000
output.helion,520,6.19,760000000
output.helion,521,6.2,758000000
output.helion,522,6.21,756000000
output.helion,523,6.22,754000000
output.helion,524,6.23,752000000
output.helion,525,6.24,750000000
output.helion,526,6.25,748000000
output.helion,527,6.26,746000000
output.helion,528,6.27,744000000
output.helion,529,6.28,742000000
output.helion,530,6.29,740000000
output.helion,531,6.3,738000000
output.helion,532,6.31,736000000
output.helion,533,6.32,734000000
output.helion,534,6.33,732000000
output.helion,535,6.34,730000000
output.helion,536,6.35,728000000
output.helion,537,6.36,726000000
output.helion,538,6.37,724000000
output.helion,539,6.38,722000000
output.helion,540,6.39,720000000
output.helion,541,6.4,718000000
output.helion,542,6.41,716000000
output.helion,543,6.42,714000000
output.helion,544,6.43,712000000
output.helion,545,6.44,710000000
output.helion,546,6.45,708000000
output.helion,547,6.46,706000000
output.helion,548,6.47,704000000
output.helion,549,6.48,702000000
output.helion,550,6.49,700000000
output.helion,551,6.5,698000000
output.helion,552,6.51,696000000
output.helion,553,6.52,694000000
output.helion,554,6.53,692000000
output.helion,555,6.54,690000000
output.helion,556,6.55,688000000
output.helion,557,6.56,686000000
output.helion,558,6.57,684000000
output.helion,559,6.58,682000000
output.helion,560,6.59,680000000
output.helion,561,6.6,678000000
output.helion,562,6.61,676000000
output.helion,563,6.62,674000000
output.helion,564,6.63,672000000
output.helion,565,6.64,670000000
output.helion,566,6.65,668000000
output.helion,567,6.66,666000000
output.helion,568,6.67,664000000
output.helion,569,6.68,662000000
output.helion,570,6.69,660000000
output.helion,571,6.7,658000000
output.helion,572,6.71,656000000
output.helion,573,6.72,654000000
output.helion,574,6.73,652000000
output.helion,575,6.74,650000000
output.helion,576,6.75,648000000
output.helion,577,6.76,646000000
output.helion,578,6.77,644000000
output.helion,579,6.78,642000000
output.helion,580,6.79,640000000
output.helion,581,6.8,638000000
output.helion,582,6.81,636000000
output.helion,583,6.82,634000000
output.helion,584,6.83,632000000
output.helion,585,6.84,630000000
output.helion,586,6.85,628000000
output.helion,587,6.86,626000000
output.helion,588,6.87,624000000
output.helion,589,6.88,622000000
output.helion,590,6.89,620000000
output.helion,591,6.9,618000000
output.helion,592,6.91,616000000
output.helion,593,6.92,614000000
output.helion,594,6.93,612000000
output.helion,595,6.94,610000000
output.helion,596,6.95,608000000
output.helion,597,6.96,606000000
output.helion,598,6.97,604000000
output.helion,599,6.98,602000000
output.helion,600,6.99,600000000
output.helion,601,7,598000000
output.helion,602,7.01,596000000
output.helion,603,7.02,594000000
output.helion,604,7.03,592000000
output.helion,605,7.04,590000000
output.helion,606,7.05,588000000
output.helion,607,7.06,586000000
output.helion,608,7.07,584000000
output.helion,609,7.08,582000000
output.helion,610,7.09,580000000
output.helion,611,7.1,578000000
output.helion,612,7.11,576000000
output.helion,613,7.12,574000000
output.helion,614,7.13,572000000
output.helion,615,7.14,570000000
output.helion,616,7.15,568000000
output.helion,617,7.16,566000000
output.helion,618,7.17,564000000
output.helion,619,7.18,562000000
output.helion,620,7.19,560000000
output.helion,621,7.2,558000000
output.helion,622,7.21,556000000
output.helion,623,7.22,554000000
output.helion,624,7.23,552000000
output.helion,625,7.24,550000000
output.helion,626,7.25,548000000
output.helion,627,7.26,546000000
output.helion,628,7.27,544000000
output.helion,629,7.28,542000000
output.helion,630,7.29,540000000
output.helion,631,7.3,538000000
output.helion,632,7.31,536000000
output.helion,633,7.32,534000000
output.helion,634,7.33,532000000
output.helion,635,7.34,530000000
output.helion,636,7.35,528000000
output.helion,637,7.36,526000000
output.helion,638,7.37,524000000
output.helion,639,7.38,522000000
output.helion,640,7.39,520000000
output.helion,641,7.4,518000000
output.helion,642,7.41,516000000
output.helion,643,7.42,514000000
output.helion,644,7.43,512000000
output.helion,645,7.44,510000000
output.helion,646,7.45,508000000
output.helion,647,7.46,506000000
output.helion,648,7.47,504000000
output.helion,649,7.48,502000000
output.helion,650,7.49,500000000
output.helion,651,7.5,499700000
output.helion,652,7.51,499300000
output.helion,653,7.52,499000000
output.helion,654,7.53,498700000
output.helion,655,7.54,498300000
output.helion,656,7.55,498000000
output.helion,657,7.56,497700000
output.helion,658,7.57,497300000
output.helion,659,7.58,497000000
output.helion,660,7.59,496700000
output.helion,661,7.6,496300000
output.helion,662,7.61,496000000
output.helion,663,7.62,495700000
output.helion,664,7.63,495300000
output.helion,665,7.64,495000000
output.helion,666,7.65,494700000
output.helion,667,7.66,494300000
output.helion,668,7.67,494000000
output.helion,669,7.68,493700000
output.helion,670,7.69,493300000
output.helion,671,7.7,493000000
output.helion,672,7.71,492700000
output.helion,673,7.72,492300000
output.helion,674,7.73,492000000
output.helion,675,7.74,491700000
output.helion,676,7.75,491300000
output.helion,677,7.76,491000000
output.helion,678,7.77,490700000
output.helion,679,7.78,490300000
output.helion,680,7.79,490000000
output.helion,681,7.8,489700000
output.helion,682,7.81,489300000
output.helion,683,7.82,489000000
output.helion,684,7.83,488700000
output.helion,685,7.84,488300000
output.helion,686,7.85,488000000
output.helion,687,7.86,487700000
output.helion,688,7.87,487300000
output.helion,689,7.88,487000000
output.helion,690,7.89,486700000
output.helion,691,7.9,486300000
output.helion,692,7.91,486000000
output.helion,693,7.92,485700000
output.helion,694,7.93,485300000
output.helion,695,7.94,485000000
output.helion,696,7.95,484700000
output.helion,697,7.96,484300000
output.helion,698,7.97,484000000
output.helion,699,7.98,483700000
output.helion,700,7.99,483300000
output.helion,701,8,483000000
output.helion,702,8.01,482700000
output.helion,703,8.02,482300000
output.helion,704,8.03,482000000
output.helion,705,8.04,481700000
output.helion,706,8.05,481300000
output.helion,707,8.06,481000000
output.helion,708,8.07,480700000
output.helion,709,8.08,480300000
output.helion,710,8.09,480000000
output.helion,711,8.1,479700000
output.helion,712,8.11,479300000
output.helion,713,8.12,479000000
output.helion,714,8.13,478700000
output.helion,715,8.14,478300000
output.helion,716,8.15,478000000
output.helion,717,8.16,477700000
output.helion,718,8.17,477300000
output.helion,719,8.18,477000000
output.helion,720,8.19,476700000
output.helion,721,8.2,476300000
output.helion,722,8.21,476000000
output.helion,723,8.22,475700000
output.helion,724,8.23,475300000
output.helion,725,8.24,475000000
output.helion,726,8.25,474700000
output.helion,727,8.26,474300000
output.helion,728,8.27,474000000
output.helion,729,8.28,473700000
output.helion,730,8.29,473300000
output.helion,731,8.3,473000000
output.helion,732,8.31,472700000
output.helion,733,8.32,472300000
output.helion,734,8.33,472000000
output.helion,735,8.34,471700000
output.helion,736,8.35,471300000
output.helion,737,8.36,471000000
output.helion,738,8.37,470700000
output.helion,739,8.38,470300000
output.helion,740,8.39,470000000
output.helion,741,8.4,469700000
output.helion,742,8.41,469300000
output.helion,743,8.42,469000000
output.helion,744,8.43,468700000
output.helion,745,8.44,468300000
output.helion,746,8.45,468000000
output.helion,747,8.46,467700000
output.helion,748,8.47,467300000
output.helion,749,8.48,467000000
output.helion,750,8.49,466700000
output.helion,751,8.5,466300000
output.helion,752,8.51,466000000
output.helion,753,8.52,465700000
output.helion,754,8.53,465300000
output.helion,755,8.54,465000000
output.helion,756,8.55,464700000
output.helion,757,8.56,464300000
output.helion,758,8.57,464000000
output.helion,759,8.58,463700000
output.helion,760,8.59,463300000
output.helion,761,8.6,463000000
output.helion,762,8.61,462700000
output.helion,763,8.62,462300000
output.helion,764,8.63,462000000
output.helion,765,8.64,461700000
output.helion,766,8.65,461300000
output.helion,767,8.66,461000000
output.helion,768,8.67,460700000
output.helion,769,8.68,460300000
output.helion,770,8.69,460000000
output.helion,771,8.7,459700000
output.helion,772,8.71,459300000
output.helion,773,8.72,459000000
output.helion,774,8.73,458700000
output.helion,775,8.74,458300000
output.helion,776,8.75,458000000
output.helion,777,8.76,457700000
output.helion,778,8.77,457300000
output.helion,779,8.78,457000000
output.helion,780,8.79,456700000
output.helion,781,8.8,456300000
output.helion,782,8.81,456000000
output.helion,783,8.82,455700000
output.helion,784,8.83,455300000
output.helion,785,8.84,455000000
output.helion,786,8.85,454700000
output.helion,787,8.86,454300000
output.helion,788,8.87,454000000
output.helion,789,8.88,453700000
output.helion,790,8.89,453300000
output.helion,791,8.9,453000000
output.helion,792,8.91,452700000
output.helion,793,8.92,452300000
output.helion,794,8.93,452000000
output.helion,795,8.94,451700000
output.helion,796,8.95,451300000
output.helion,797,8.96,451000000
output.helion,798,8.97,450700000
output.helion,799,8.98,450300000
output.helion,800,8.99,450000000
output.helion,801,9,449700000
output.helion,802,9.01,449300000
output.helion,803,9.02,449000000
output.helion,804,9.03,448700000
output.helion,805,9.04,448300000
output.helion,806,9.05,448000000,448000000
output.helion,807,9.06,447700000,448000000
output.helion,808,9.07,447300000,448000000
output.helion,809,9.08,447000000,448000000
output.helion,810,9.09,446700000,448000000
output.helion,811,9.1,446300000,448000000
output.helion,812,9.11,446000000,448000000
output.helion,813,9.12,445700000,448000000
output.helion,814,9.13,445300000,448000000
output.helion,815,9.14,445000000,448000000
output.helion,816,9.15,444700000,448000000
output.helion,817,9.16,444300000,448000000
output.helion,818,9.17,444000000,448000000
output.helion,819,9.18,443700000,448000000
output.helion,820,9.19,443300000,448000000
output.helion,821,9.2,443000000,448000000
output.helion,822,9.21,442700000,448000000
output.helion,823,9.22,442300000,448000000
output.helion,824,9.23,442000000,448000000
output.helion,825,9.24,441700000,448000000
output.helion,826,9.25,441300000,448000000
output.helion,827,9.26,441000000,448000000
output.helion,828,9.27,440700000,448000000
output.helion,829,9.28,440300000,448000000
output.helion,830,9.29,440000000,448000000
output.helion,831,9.3,439700000,448000000
output.helion,832,9.31,439300000,448000000
output.helion,833,9.32,439000000,448000000
output.helion,834,9.33,438700000,448000000
output.helion,835,9.34,438300000,448000000
output.helion,836,9.35,438000000,448000000
output.helion,837,9.36,437700000,448000000
output.helion,838,9.37,437300000,448000000
output.helion,839,9.38,437000000,448000000
output.helion,840,9.39,436700000,448000000
output.helion,841,9.4,436300000,448000000
output.helion,842,9.41,436000000,448000000
output.helion,843,9.42,435700000,448000000
output.helion,844,9.43,435300000,448000000
output.helion,845,9.44,435000000,448000000
output.helion,846,9.45,434700000,448000000
output.helion,847,9.46,434300000,448000000
output.helion,848,9.47,434000000,448000000
output.helion,849,9.48,433700000,448000000
output.helion,850,9.49,433300000,448000000
output.helion,851,9.5,433000000,448000000
output.helion,852,9.51,432700000,448000000
output.helion,853,9.52,432300000,448000000
output.helion,854,9.53,432000000,448000000
output.helion,855,9.54,431700000,448000000
output.helion,856,9.55,431300000,448000000
output.helion,857,9.56,431000000,448000000
output.helion,858,9.57,430700000,448000000
output.helion,859,9.58,430300000,448000000
output.helion,860,9.59,430000000,448000000
output.helion,861,9.6,429700000,448000000
output.helion,862,9.61,429300000,448000000
output.helion,863,9.62,429000000,448000000
output.helion,864,9.63,428700000,448000000
output.helion,865,9.64,428300000,448000000
output.helion,866,9.65,428000000,448000000
output.helion,867,9.66,427700000,448000000
output.helion,868,9.67,427300000,448000000
output.helion,869,9.68,427000000,448000000
output.helion,870,9.69,426700000,448000000
output.helion,871,9.7,426300000,448000000
output.helion,872,9.71,426000000,448000000
output.helion,873,9.72,425700000,448000000
output.helion,874,9.73,425300000,448000000
output.helion,875,9.74,425000000,448000000
output.helion,876,9.75,424700000,448000000
output.helion,877,9.76,424300000,448000000
output.helion,878,9.77,424000000,448000000
output.helion,879,9.78,423700000,448000000
output.helion,880,9.79,423300000,448000000
output.helion,881,9.8,423000000,448000000
output.helion,882,9.81,422700000,448000000
output.helion,883,9.82,422300000,448000000
output.helion,884,9.83,422000000,448000000
output.helion,885,9.84,421700000,448000000
output.helion,886,9.85,421300000,448000000
output.helion,887,9.86,421000000,448000000
output.helion,888,9.87,420700000,448000000
output.helion,889,9.88,420300000,448000000
output.helion,890,9.89,420000000,448000000
output.helion,891,9.9,419700000,448000000
output.helion,892,9.91,419300000,448000000
output.helion,893,9.92,419000000,448000000
output.helion,894,9.93,418700000,448000000
output.helion,895,9.94,418300000,448000000
output.helion,896,9.95,418000000,448000000
output.helion,897,9.96,417700000,448000000
output.helion,898,9.97,417300000,448000000
output.helion,899,9.98,417000000,448000000
output.helion,900,9.99,416700000,448000000
output.helion,901,10,416300000,448000000
output.helion,902,10.01,416000000,448000000
output.helion,903,10.02,415700000,448000000
output.helion,904,10.03,415300000,448000000
output.helion,905,10.04,415000000,448000000
output.helion,906,10.05,414700000,448000000
output.helion,907,10.06,414300000,448000000
output.helion,908,10.07,414000000,448000000
output.helion,909,10.08,413700000,448000000
output.helion,910,10.09,413300000,448000000
output.helion,911,10.1,413000000,448000000
output.helion,912,10.11,412700000,448000000
output.helion,913,10.12,412300000,448000000
output.helion,914,10.13,412000000,448000000
output.helion,915,10.14,411700000,448000000
output.helion,916,10.15,411300000,448000000
output.helion,917,10.16,411000000,448000000
output.helion,918,10.17,410700000,448000000
output.helion,919,10.18,410300000,448000000
output.helion,920,10.19,410000000,448000000
output.helion,921,10.2,409700000,448000000
output.helion,922,10.21,409300000,448000000
output.helion,923,10.22,409000000,448000000
output.helion,924,10.23,408700000,448000000
output.helion,925,10.24,408300000,448000000
output.helion,926,10.25,408000000,448000000
output.helion,927,10.26,407700000,448000000
output.helion,928,10.27,407300000,448000000
output.helion,929,10.28,407000000,448000000
output.helion,930,10.29,406700000,448000000
output.helion,931,10.3,406300000,448000000
output.helion,932,10.31,406000000,448000000
output.helion,933,10.32,405700000,448000000
output.helion,934,10.33,405300000,448000000
output.helion,935,10.34,405000000,448000000
output.helion,936,10.35,404700000,448000000
output.helion,937,10.36,404300000,448000000
output.helion,938,10.37,404000000,448000000
output.helion,939,10.38,403700000,448000000
output.helion,940,10.39,403300000,448000000
output.helion,941,10.4,403000000,448000000
output.helion,942,10.41,402700000,448000000
output.helion,943,10.42,402300000,448000000
output.helion,944,10.43,402000000,448000000
output.helion,945,10.44,401700000,448000000
output.helion,946,10.45,401300000,448000000
output.helion,947,10.46,401000000,448000000
output.helion,948,10.47,400700000,448000000
output.helion,949,10.48,400300000,448000000
output.helion,950,10.49,400000000,448000000
output.helion,951,10.5,398900000,448000000
output.helion,952,10.51,397800000,448000000
output.helion,953,10.52,396700000,448000000
output.helion,954,10.53,395600000,448000000
output.helion,955,10.54,394400000,448000000
output.helion,956,10.55,393300000,448000000
output.helion,957,10.56,392200000,448000000
output.helion,958,10.57,391100000,448000000
output.helion,959,10.58,390000000,448000000
output.helion,960,10.59,388900000,448000000
output.helion,961,10.6,387800000,448000000
output.helion,962,10.61,386700000,448000000
output.helion,963,10.62,385600000,448000000
output.helion,964,10.63,384400000,448000000
output.helion,965,10.64,383300000,448000000
output.helion,966,10.65,382200000,448000000
output.helion,967,10.66,381100000,448000000
output.helion,968,10.67,380000000,448000000
output.helion,969,10.68,378900000,448000000
output.helion,970,10.69,377800000,448000000
output.helion,971,10.7,376700000,448000000
output.helion,972,10.71,375600000,448000000
output.helion,973,10.72,374400000,448000000
output.helion,974,10.73,373300000,448000000
output.helion,975,10.74,372200000,448000000
output.helion,976,10.75,371100000,448000000
output.helion,977,10.76,370000000,448000000
output.helion,978,10.77,368900000,448000000
output.helion,979,10.78,367800000,448000000
output.helion,980,10.79,366700000,448000000
output.helion,981,10.8,365600000,448000000
output.helion,982,10.81,364400000,448000000
output.helion,983,10.82,363300000,448000000
output.helion,984,10.83,362200000,448000000
output.helion,985,10.84,361100000,448000000
output.helion,986,10.85,360000000,448000000
output.helion,987,10.86,358900000,448000000
output.helion,988,10.87,357800000,448000000
output.helion,989,10.88,356700000,448000000
output.helion,990,10.89,355600000,448000000
output.helion,991,10.9,354400000,448000000
output.helion,992,10.91,353300000,448000000
output.helion,993,10.92,352200000,448000000
output.helion,994,10.93,351100000,448000000
output.helion,995,10.94,350000000,448000000
output.helion,996,10.95,348900000,448000000
output.helion,997,10.96,347800000,448000000
output.helion,998,10.97,346700000,448000000
output.helion,999,10.98,345600000,448000000
output.helion,1000,10.99,344400000,448000000
output.helion,1001,11,343300000
output.helion,1002,14,342200000
output.helion,1003,17,341100000
output.helion,1004,20,340000000
output.helion,1005,23,338900000
output.helion,1006,26,337800000
output.helion,1007,29,336700000
output.helion,1008,32,335600000
output.helion,1009,35,334400000
output.helion,1010,38,333300000
output.helion,1011,41,332200000
output.helion,1012,44,331100000
output.helion,1013,47,330000000
output.helion,1014,50,328900000
output.helion,1015,53,327800000
output.helion,1016,56,326700000
output.helion,1017,59,325600000
output.helion,1018,62,324400000
output.helion,1019,65,323300000
output.helion,1020,68,322200000
output.helion,1021,71,321100000
output.helion,1022,74,320000000
output.helion,1023,77,318900000
output.helion,1024,80,317800000
output.helion,1025,83,316700000
output.helion,1026,86,315600000
output.helion,1027,89,314400000
output.helion,1028,92,313300000
output.helion,1029,95,312200000
output.helion,1030,98,311100000
output.helion,1031,101,310000000
output.helion,1032,104,308900000
output.helion,1033,107,307800000
output.helion,1034,110,306700000
output.helion,1035,113,305600000
output.helion,1036,116,304400000
output.helion,1037,119,303300000
output.helion,1038,122,302200000
output.helion,1039,125,301100000
output.helion,1040,128,300000000
output.helion,1041,131,290000000
output.helion,1042,134,280000000
output.helion,1043,137,270000000
output.helion,1044,140,260000000
output.helion,1045,143,250000000
output.helion,1046,146,240000000
output.helion,1047,149,230000000
output.helion,1048,152,220000000
output.helion,1049,155,210000000
output.helion,1050,158,200000000
output.helion,1051,161,190000000
output.helion,1052,164,180000000
output.helion,1053,167,170000000
output.helion,1054,170,160000000
output.helion,1055,173,150000000
output.helion,1056,176,140000000
output.helion,1057,179,130000000
output.helion,1058,182,120000000
output.helion,1059,185,110000000
output.helion,1060,188,100000000
output.helion,1061,191,99860000
output.helion,1062,194,99730000
output.helion,1063,197,99590000
output.helion,1064,200,99460000
output.helion,1065,203,99320000
output.helion,1066,206,99190000
output.helion,1067,209,99050000
output.helion,1068,212,98920000
output.helion,1069,215,98780000
output.helion,1070,218,98650000
output.helion,1071,221,98510000
output.helion,1072,224,98380000
output.helion,1073,227,98240000
output.helion,1074,230,98110000
output.helion,1075,233,97970000
output.helion,1076,236,97840000
output.helion,1077,239,97700000
output.helion,1078,242,97570000
output.helion,1079,245,97430000
output.helion,1080,248,97300000
output.helion,1081,251,97160000
output.helion,1082,254,97030000
output.helion,1083,257,96890000
output.helion,1084,260,96760000
output.helion,1085,263,96620000
output.helion,1086,266,96490000
output.helion,1087,269,96350000
output.helion,1088,272,96220000
output.helion,1089,275,96080000
output.helion,1090,278,95950000
output.helion,1091,281,95810000
output.helion,1092,284,95680000
output.helion,1093,287,95540000
output.helion,1094,290,95410000
output.helion,1095,293,95270000
output.helion,1096,296,95140000
output.helion,1097,299,95000000
output.helion,1098,302,94860000
output.helion,1099,305,94730000
output.helion,1100,308,94590000
output.helion,1101,311,94460000
output.helion,1102,314,94320000
output.helion,1103,317,94190000
output.helion,1104,320,94050000
output.helion,1105,323,93920000
output.helion,1106,326,93780000
output.helion,1107,329,93650000
output.helion,1108,332,93510000
output.helion,1109,335,93380000
output.helion,1110,338,93240000
output.helion,1111,341,93110000
output.helion,1112,344,92970000
output.helion,1113,347,92840000
output.helion,1114,350,92700000
output.helion,1115,353,92570000
output.helion,1116,356,92430000
output.helion,1117,359,92300000
output.helion,1118,362,92160000
output.helion,1119,365,92030000
output.helion,1120,368,91890000
output.helion,1121,371,91760000
output.helion,1122,374,91620000
output.helion,1123,377,91490000
output.helion,1124,380,91350000
output.helion,1125,383,91220000
output.helion,1126,386,91080000
output.helion,1127,389,90950000
output.helion,1128,392,90810000
output.helion,1129,395,90680000
output.helion,1130,398,90540000
output.helion,1131,401,90410000
output.helion,1132,404,90270000
output.helion,1133,407,90140000
output.helion,1134,410,90000000
output.helion,1135,413,89860000
output.helion,1136,416,89730000
output.helion,1137,419,89590000
output.helion,1138,422,89460000
output.helion,1139,425,89320000
output.helion,1140,428,89190000
output.helion,1141,431,89050000
output.helion,1142,434,88920000
output.helion,1143,437,88780000
output.helion,1144,440,88650000
output.helion,1145,443,88510000
output.helion,1146,446,88380000
output.helion,1147,449,88240000
output.helion,1148,452,88110000
output.helion,1149,455,87970000
output.helion,1150,458,87840000
output.helion,1151,461,87700000
output.helion,1152,464,87570000
output.helion,1153,467,87430000
output.helion,1154,470,87300000
output.helion,1155,473,87160000
output.helion,1156,476,87030000
output.helion,1157,479,86890000
output.helion,1158,482,86760000
output.helion,1159,485,86620000
output.helion,1160,488,86490000
output.helion,1161,491,86350000
output.helion,1162,494,86220000
output.helion,1163,497,86080000
output.helion,1164,500,85950000
output.helion,1165,503,85810000
output.helion,1166,506,85680000
output.helion,1167,509,85540000
output.helion,1168,512,85410000
output.helion,1169,515,85270000
output.helion,1170,518,85140000
output.helion,1171,521,85000000
output.helion,1172,524,84860000
output.helion,1173,527,84730000
output.helion,1174,530,84590000
output.helion,1175,533,84460000
output.helion,1176,536,84320000
output.helion,1177,539,84190000
output.helion,1178,542,84050000
output.helion,1179,545,83920000
output.helion,1180,548,83780000
output.helion,1181,551,83650000
output.helion,1182,554,83510000
output.helion,1183,557,83380000
output.helion,1184,560,83240000
output.helion,1185,563,83110000
output.helion,1186,566,82970000
output.helion,1187,569,82840000
output.helion,1188,572,82700000
output.helion,1189,575,82570000
output.helion,1190,578,82430000
output.helion,1191,581,82300000
output.helion,1192,584,82160000
output.helion,1193,587,82030000
output.helion,1194,590,81890000
output.helion,1195,593,81760000
output.helion,1196,596,81620000
output.helion,1197,599,81490000
output.helion,1198,602,81350000
output.helion,1199,605,81220000
output.helion,1200,608,81080000
output.helion,1201,611,80950000
output.helion,1202,614,80810000
output.helion,1203,617,80680000
output.helion,1204,620,80540000
output.helion,1205,623,80410000
output.helion,1206,626,80270000
output.helion,1207,629,80140000
output.helion,1208,632,80000000
output.helion,1209,635,79860000
output.helion,1210,638,79730000
output.helion,1211,641,79590000
output.helion,1212,644,79460000
output.helion,1213,647,79320000
output.helion,1214,650,79190000
output.helion,1215,653,79050000
output.helion,1216,656,78920000
output.helion,1217,659,78780000
output.helion,1218,662,78650000
output.helion,1219,665,78510000
output.helion,1220,668,78380000
output.helion,1221,671,78240000
output.helion,1222,674,78110000
output.helion,1223,677,77970000
output.helion,1224,680,77840000
output.helion,1225,683,77700000
output.helion,1226,686,77570000
output.helion,1227,689,77430000
output.helion,1228,692,77300000
output.helion,1229,695,77160000
output.helion,1230,698,77030000
output.helion,1231,701,76890000
output.helion,1232,704,76760000
output.helion,1233,707,76620000
output.helion,1234,710,76490000
output.helion,1235,713,76350000
output.helion,1236,716,76220000
output.helion,1237,719,76080000
output.helion,1238,722,75950000
output.helion,1239,725,75810000
output.helion,1240,728,75680000
output.helion,1241,731,75540000
output.helion,1242,734,75410000
output.helion,1243,737,75270000
output.helion,1244,740,75140000
output.helion,1245,743,75000000
output.helion,1246,746,74860000
output.helion,1247,749,74730000
output.helion,1248,752,74590000
output.helion,1249,755,74460000
output.helion,1250,758,74320000
output.helion,1251,761,74190000
output.helion,1252,764,74050000
output.helion,1253,767,73920000
output.helion,1254,770,73780000
output.helion,1255,773,73650000
output.helion,1256,776,73510000
output.helion,1257,779,73380000
output.helion,1258,782,73240000
output.helion,1259,785,73110000
output.helion,1260,788,72970000
output.helion,1261,791,72840000
output.helion,1262,794,72700000
output.helion,1263,797,72570000
output.helion,1264,800,72430000
output.helion,1265,803,72300000
output.helion,1266,806,72160000
output.helion,1267,809,72030000
output.helion,1268,812,71890000
output.helion,1269,815,71760000
output.helion,1270,818,71620000
output.helion,1271,821,71490000
output.helion,1272,824,71350000
output.helion,1273,827,71220000
output.helion,1274,830,71080000
output.helion,1275,833,70950000
output.helion,1276,836,70810000
output.helion,1277,839,70680000
output.helion,1278,842,70540000
output.helion,1279,845,70410000
output.helion,1280,848,70270000
output.helion,1281,851,70140000
output.helion,1282,854,70000000
output.helion,1283,857,69860000
output.helion,1284,860,69730000
output.helion,1285,863,69590000
output.helion,1286,866,69460000
output.helion,1287,869,69320000
output.helion,1288,872,69190000
output.helion,1289,875,69050000
output.helion,1290,878,68920000
output.helion,1291,881,68780000
output.helion,1292,884,68650000
output.helion,1293,887,68510000
output.helion,1294,890,68380000
output.helion,1295,893,68240000
output.helion,1296,896,68110000
output.helion,1297,899,67970000
output.helion,1298,902,67840000
output.helion,1299,905,67700000
output.helion,1300,908,67570000
output.helion,1301,911,67430000
output.helion,1302,914,67300000
output.helion,1303,917,67160000
output.helion,1304,920,67030000
output.helion,1305,923,66890000
output.helion,1306,926,66760000
output.helion,1307,929,66620000
output.helion,1308,932,66490000
output.helion,1309,935,66350000
output.helion,1310,938,66220000
output.helion,1311,941,66080000
output.helion,1312,944,65950000
output.helion,1313,947,65810000
output.helion,1314,950,65680000
output.helion,1315,953,65540000
output.helion,1316,956,65410000
output.helion,1317,959,65270000
output.helion,1318,962,65140000
output.helion,1319,965,65000000
output.helion,1320,968,64860000
output.helion,1321,971,64730000
output.helion,1322,974,64590000
output.helion,1323,977,64460000
output.helion,1324,980,64320000
output.helion,1325,983,64190000
output.helion,1326,986,64050000
output.helion,1327,989,63920000
output.helion,1328,992,63780000
output.helion,1329,995,63650000
output.helion,1330,998,63510000
output.helion,1331,1001,63380000
output.helion,1332,1004,63240000
output.helion,1333,1007,63110000
output.helion,1334,1010,62970000
output.helion,1335,1013,62840000
output.helion,1336,1016,62700000
output.helion,1337,1019,62570000
output.helion,1338,1022,62430000
output.helion,1339,1025,62300000
output.helion,1340,1028,62160000
output.helion,1341,1031,62030000
output.helion,1342,1034,61890000
output.helion,1343,1037,61760000
output.helion,1344,1040,61620000
output.helion,1345,1043,61490000
output.helion,1346,1046,61350000
output.helion,1347,1049,61220000
output.helion,1348,1052,61080000
output.helion,1349,1055,60950000
output.helion,1350,1058,60810000
output.helion,1351,1061,60680000
output.helion,1352,1064,60540000
output.helion,1353,1067,60410000
output.helion,1354,1070,60270000
output.helion,1355,1073,60140000
output.helion,1356,1076,60000000
output.helion,1357,1079,59860000
output.helion,1358,1082,59730000
output.helion,1359,1085,59590000
output.helion,1360,1088,59460000
output.helion,1361,1091,59320000
output.helion,1362,1094,59190000
output.helion,1363,1097,59050000
output.helion,1364,1100,58920000
output.helion,1365,1103,58780000
output.helion,1366,1106,58650000
output.helion,1367,1109,58510000
output.helion,1368,1112,58380000
output.helion,1369,1115,58240000
output.helion,1370,1118,58110000
output.helion,1371,1121,57970000
output.helion,1372,1124,57840000
output.helion,1373,1127,57700000
output.helion,1374,1130,57570000
output.helion,1375,1133,57430000
output.helion,1376,1136,57300000
output.helion,1377,1139,57160000
output.helion,1378,1142,57030000
output.helion,1379,1145,56890000
output.helion,1380,1148,56760000
output.helion,1381,1151,56620000
output.helion,1382,1154,56490000
output.helion,1383,1157,56350000
output.helion,1384,1160,56220000
output.helion,1385,1163,56080000
output.helion,1386,1166,55950000
output.helion,1387,1169,55810000
output.helion,1388,1172,55680000
output.helion,1389,1175,55540000
output.helion,1390,1178,55410000
output.helion,1391,1181,55270000
output.helion,1392,1184,55140000
output.helion,1393,1187,55000000
output.helion,1394,1190,54860000
output.helion,1395,1193,54730000
output.helion,1396,1196,54590000
output.helion,1397,1199,54460000
output.helion,1398,1202,54320000
output.helion,1399,1205,54190000
output.helion,1400,1208,54050000
output.helion,1401,1211,53920000
output.helion,1402,1214,53780000
output.helion,1403,1217,53650000
output.helion,1404,1220,53510000
output.helion,1405,1223,53380000
output.helion,1406,1226,53240000
output.helion,1407,1229,53110000
output.helion,1408,1232,52970000
output.helion,1409,1235,52840000
output.helion,1410,1238,52700000
output.helion,1411,1241,52570000
output.helion,1412,1244,52430000
output.helion,1413,1247,52300000
output.helion,1414,1250,52160000
output.helion,1415,1253,52030000
output.helion,1416,1256,51890000
output.helion,1417,1259,51760000
output.helion,1418,1262,51620000
output.helion,1419,1265,51490000
output.helion,1420,1268,51350000
output.helion,1421,1271,51220000
output.helion,1422,1274,51080000
output.helion,1423,1277,50950000
output.helion,1424,1280,50810000
output.helion,1425,1283,50680000
output.helion,1426,1286,50540000
output.helion,1427,1289,50410000
output.helion,1428,1292,50270000
output.helion,1429,1295,50140000
output.helion,1430,1298,50000000
output.helion,1431,1301,49860000
output.helion,1432,1304,49730000
output.helion,1433,1307,49590000
output.helion,1434,1310,49460000
output.helion,1435,1313,49320000
output.helion,1436,1316,49190000
output.helion,1437,1319,49050000
output.helion,1438,1322,48920000
output.helion,1439,1325,48780000
output.helion,1440,1328,48650000
output.helion,1441,1331,48510000
output.helion,1442,1334,48380000
output.helion,1443,1337,48240000
output.helion,1444,1340,48110000
output.helion,1445,1343,47970000
output.helion,1446,1346,47840000
output.helion,1447,1349,47700000
output.helion,1448,1352,47570000
output.helion,1449,1355,47430000
output.helion,1450,1358,47300000
output.helion,1451,1361,47160000
output.helion,1452,1364,47030000
output.helion,1453,1367,46890000
output.helion,1454,1370,46760000
output.helion,1455,1373,46620000
output.helion,1456,1376,46490000
output.helion,1457,1379,46350000
output.helion,1458,1382,46220000
output.helion,1459,1385,46080000
output.helion,1460,1388,45950000
output.helion,1461,1391,45810000
output.helion,1462,1394,45680000
output.helion,1463,1397,45540000
output.helion,1464,1400,45410000
output.helion,1465,1403,45270000
output.helion,1466,1406,45140000
output.helion,1467,1409,45000000
output.helion,1468,1412,44860000
output.helion,1469,1415,44730000
output.helion,1470,1418,44590000
output.helion,1471,1421,44460000
output.helion,1472,1424,44320000
output.helion,1473,1427,44190000
output.helion,1474,1430,44050000
output.helion,1475,1433,43920000
output.helion,1476,1436,43780000
output.helion,1477,1439,43650000
output.helion,1478,1442,43510000
output.helion,1479,1445,43380000
output.helion,1480,1448,43240000
output.helion,1481,1451,43110000
output.helion,1482,1454,42970000
output.helion,1483,1457,42840000
output.helion,1484,1460,42700000
output.helion,1485,1463,42570000
output.helion,1486,1466,42430000
output.helion,1487,1469,42300000
output.helion,1488,1472,42160000
output.helion,1489,1475,42030000
output.helion,1490,1478,41890000
output.helion,1491,1481,41760000
output.helion,1492,1484,41620000
output.helion,1493,1487,41490000
output.helion,1494,1490,41350000
output.helion,1495,1493,41220000
output.helion,1496,1496,41080000
output.helion,1497,1499,40950000
output.helion,1498,1502,40810000
output.helion,1499,1505,40680000
output.helion,1500,1508,40540000
output.helion,1501,1511,40410000
output.helion,1502,1514,40270000
output.helion,1503,1517,40140000
output.helion,1504,1520,40000000
output.helion,1505,1523,39860000
output.helion,1506,1526,39730000
output.helion,1507,1529,39590000
output.helion,1508,1532,39460000
output.helion,1509,1535,39320000
output.helion,1510,1538,39190000
output.helion,1511,1541,39050000
output.helion,1512,1544,38920000
output.helion,1513,1547,38780000
output.helion,1514,1550,38650000
output.helion,1515,1553,38510000
output.helion,1516,1556,38380000
output.helion,1517,1559,38240000
output.helion,1518,1562,38110000
output.helion,1519,1565,37970000
output.helion,1520,1568,37840000
output.helion,1521,1571,37700000
output.helion,1522,1574,37570000
output.helion,1523,1577,37430000
output.helion,1524,1580,37300000
output.helion,1525,1583,37160000
output.helion,1526,1586,37030000
output.helion,1527,1589,36890000
output.helion,1528,1592,36760000
output.helion,1529,1595,36620000
output.helion,1530,1598,36490000
output.helion,1531,1601,36350000
output.helion,1532,1604,36220000
output.helion,1533,1607,36080000
output.helion,1534,1610,35950000
output.helion,1535,1613,35810000
output.helion,1536,1616,35680000
output.helion,1537,1619,35540000
output.helion,1538,1622,35410000
output.helion,1539,1625,35270000
output.helion,1540,1628,35140000
output.helion,1541,1631,35000000
output.helion,1542,1634,34860000
output.helion,1543,1637,34730000
output.helion,1544,1640,34590000
output.helion,1545,1643,34460000
output.helion,1546,1646,34320000
output.helion,1547,1649,34190000
output.helion,1548,1652,34050000
output.helion,1549,1655,33920000
output.helion,1550,1658,33780000
output.helion,1551,1661,33650000
output.helion,1552,1664,33510000
output.helion,1553,1667,33380000
output.helion,1554,1670,33240000
output.helion,1555,1673,33110000
output.helion,1556,1676,32970000
output.helion,1557,1679,32840000
output.helion,1558,1682,32700000
output.helion,1559,1685,32570000
output.helion,1560,1688,32430000
output.helion,1561,1691,32300000
output.helion,1562,1694,32160000
output.helion,1563,1697,32030000
output.helion,1564,1700,31890000
output.helion,1565,1703,31760000
output.helion,1566,1706,31620000
output.helion,1567,1709,31490000
output.helion,1568,1712,31350000
output.helion,1569,1715,31220000
output.helion,1570,1718,31080000
output.helion,1571,1721,30950000
output.helion,1572,1724,30810000
output.helion,1573,1727,30680000
output.helion,1574,1730,30540000
output.helion,1575,1733,30410000
output.helion,1576,1736,30270000
output.helion,1577,1739,30140000
output.helion,1578,1742,30000000
output.helion,1579,1745,29860000
output.helion,1580,1748,29730000
output.helion,1581,1751,29590000
output.helion,1582,1754,29460000
output.helion,1583,1757,29320000
output.helion,1584,1760,29190000
output.helion,1585,1763,29050000
output.helion,1586,1766,28920000
output.helion,1587,1769,28780000
output.helion,1588,1772,28650000
output.helion,1589,1775,28510000
output.helion,1590,1778,28380000
output.helion,1591,1781,28240000
output.helion,1592,1784,28110000
output.helion,1593,1787,27970000
output.helion,1594,1790,27840000
output.helion,1595,1793,27700000
output.helion,1596,1796,27570000
output.helion,1597,1799,27430000
output.helion,1598,1802,27300000
output.helion,1599,1805,27160000
output.helion,1600,1808,27030000
output.helion,1601,1811,26890000
output.helion,1602,1814,26760000
output.helion,1603,1817,26620000
output.helion,1604,1820,26490000
output.helion,1605,1823,26350000
output.helion,1606,1826,26220000
output.helion,1607,1829,26080000
output.helion,1608,1832,25950000
output.helion,1609,1835,25810000
output.helion,1610,1838,25680000
output.helion,1611,1841,25540000
output.helion,1612,1844,25410000
output.helion,1613,1847,25270000
output.helion,1614,1850,25140000
output.helion,1615,1853,25000000
output.helion,1616,1856,24860000
output.helion,1617,1859,24730000
output.helion,1618,1862,24590000
output.helion,1619,1865,24460000
output.helion,1620,1868,24320000
output.helion,1621,1871,24190000
output.helion,1622,1874,24050000
output.helion,1623,1877,23920000
output.helion,1624,1880,23780000
output.helion,1625,1883,23650000
output.helion,1626,1886,23510000
output.helion,1627,1889,23380000
output.helion,1628,1892,23240000
output.helion,1629,1895,23110000
output.helion,1630,1898,22970000
output.helion,1631,1901,22840000
output.helion,1632,1904,22700000
output.helion,1633,1907,22570000
output.helion,1634,1910,22430000
output.helion,1635,1913,22300000
output.helion,1636,1916,22160000
output.helion,1637,1919,22030000
output.helion,1638,1922,21890000
output.helion,1639,1925,21760000
output.helion,1640,1928,21620000
output.helion,1641,1931,21490000
output.helion,1642,1934,21350000
output.helion,1643,1937,21220000
output.helion,1644,1940,21080000
output.helion,1645,1943,20950000
output.helion,1646,1946,20810000
output.helion,1647,1949,20680000
output.helion,1648,1952,20540000
output.helion,1649,1955,20410000
output.helion,1650,1958,20270000
output.helion,1651,1961,20140000
output.helion,1652,1964,20000000
output.helion,1653,1967,19860000
output.helion,1654,1970,19730000
output.helion,1655,1973,19590000
output.helion,1656,1976,19460000
output.helion,1657,1979,19320000
output.helion,1658,1982,19190000
output.helion,1659,1985,19050000
output.helion,1660,1988,18920000
output.helion,1661,1991,18780000
output.helion,1662,1994,18650000
output.helion,1663,1997,18510000
output.helion,1664,2000,18380000
output.helion,1665,2003,18240000
output.helion,1666,2006,18110000
output.helion,1667,2009,17970000
output.helion,1668,2012,17840000
output.helion,1669,2015,17700000
output.helion,1670,2018,17570000
output.helion,1671,2021,17430000
output.helion,1672,2024,17300000
output.helion,1673,2027,17160000
output.helion,1674,2030,17030000
output.helion,1675,2033,16890000
output.helion,1676,2036,16760000
output.helion,1677,2039,16620000
output.helion,1678,2042,16490000
output.helion,1679,2045,16350000
output.helion,1680,2048,16220000
output.helion,1681,2051,16080000
output.helion,1682,2054,15950000
output.helion,1683,2057,15810000
output.helion,1684,2060,15680000
output.helion,1685,2063,15540000
output.helion,1686,2066,15410000
output.helion,1687,2069,15270000
output.helion,1688,2072,15140000
output.helion,1689,2075,15000000
output.helion,1690,2078,14860000
output.helion,1691,2081,14730000
output.helion,1692,2084,14590000
output.helion,1693,2087,14460000
output.helion,1694,2090,14320000
output.helion,1695,2093,14190000
output.helion,1696,2096,14050000
output.helion,1697,2099,13920000
output.helion,1698,2102,13780000
output.helion,1699,2105,13650000
output.helion,1700,2108,13510000
output.helion,1701,2111,13380000
output.helion,1702,2114,13240000
output.helion,1703,2117,13110000
output.helion,1704,2120,12970000
output.helion,1705,2123,12840000
output.helion,1706,2126,12700000
output.helion,1707,2129,12570000
output.helion,1708,2132,12430000
output.helion,1709,2135,12300000
output.helion,1710,2138,12160000
output.helion,1711,2141,12030000
output.helion,1712,2144,11890000
output.helion,1713,2147,11760000
output.helion,1714,2150,11620000
output.helion,1715,2153,11490000
output.helion,1716,2156,11350000
output.helion,1717,2159,11220000
output.helion,1718,2162,11080000
output.helion,1719,2165,10950000
output.helion,1720,2168,10810000
output.helion,1721,2171,10680000
output.helion,1722,2174,10540000
output.helion,1723,2177,10410000
output.helion,1724,2180,10270000
output.helion,1725,2183,10140000
output.helion,1726,2186,10000000
output.helion,1727,2189,9865000
output.helion,1728,2192,9730000
output.helion,1729,2195,9595000
output.helion,1730,2198,9459000
output.helion,1731,2201,9324000
output.helion,1732,2204,9189000
output.helion,1733,2207,9054000
output.helion,1734,2210,8919000
output.helion,1735,2213,8784000
output.helion,1736,2216,8649000
output.helion,1737,2219,8514000
output.helion,1738,2222,8378000
output.helion,1739,2225,8243000
output.helion,1740,2228,8108000
output.helion,1741,2231,7973000
output.helion,1742,2234,7838000
output.helion,1743,2237,7703000
output.helion,1744,2240,7568000
output.helion,1745,2243,7432000
output.helion,1746,2246,7297000
output.helion,1747,2249,7162000
output.helion,1748,2252,7027000
output.helion,1749,2255,6892000
output.helion,1750,2258,6757000
output.helion,1751,2261,6622000
output.helion,1752,2264,6486000
output.helion,1753,2267,6351000
output.helion,1754,2270,6216000
output.helion,1755,2273,6081000
output.helion,1756,2276,5946000
output.helion,1757,2279,5811000
output.helion,1758,2282,5676000
output.helion,1759,2285,5541000
output.helion,1760,2288,5405000
output.helion,1761,2291,5270000
output.helion,1762,2294,5135000
output.helion,1763,2297,5000000
output.helion,1764,2300,4865000
output.helion,1765,2303,4730000
output.helion,1766,2306,4595000
output.helion,1767,2309,4459000
output.helion,1768,2312,4324000
output.helion,1769,2315,4189000
output.helion,1770,2318,4054000
output.helion,1771,2321,3919000
output.helion,1772,2324,3784000
output.helion,1773,2327,3649000
output.helion,1774,2330,3514000
output.helion,1775,2333,3378000
output.helion,1776,2336,3243000
output.helion,1777,2339,3108000
output.helion,1778,2342,2973000
output.helion,1779,2345,2838000
output.helion,1780,2348,2703000
output.helion,1781,2351,2568000
output.helion,1782,2354,2432000
output.helion,1783,2357,2297000
output.helion,1784,2360,2162000
output.helion,1785,2363,2027000
output.helion,1786,2366,1892000
output.helion,1787,2369,1757000
output.helion,1788,2372,1622000
output.helion,1789,2375,1486000
output.helion,1790,2378,1351000
output.helion,1791,2381,1216000
output.helion,1792,2384,1081000
output.helion,1793,2387,945900
output.helion,1794,2390,810800
output.helion,1795,2393,675700
output.helion,1796,2396,540500
output.helion,1797,2399,405400
output.helion,1798,2402,270300
output.helion,1799,2405,135100
output.helion,1800,2408,0
output.ixion,1,1,1300000000
output.ixion,2,1.01,1299000000
output.ixion,3,1.02,1299000000
output.ixion,4,1.03,1298000000
output.ixion,5,1.04,1298000000
output.ixion,6,1.05,1297000000
output.ixion,7,1.06,1297000000
output.ixion,8,1.07,1296000000
output.ixion,9,1.08,1296000000
output.ixion,10,1.09,1295000000
output.ixion,11,1.1,1295000000
output.ixion,12,1.11,1294000000
output.ixion,13,1.12,1294000000
output.ixion,14,1.13,1293000000
output.ixion,15,1.14,1293000000
output.ixion,16,1.15,1292000000
output.ixion,17,1.16,1292000000
output.ixion,18,1.17,1291000000
output.ixion,19,1.18,1291000000
output.ixion,20,1.19,1290000000
output.ixion,21,1.2,1290000000
output.ixion,22,1.21,1289000000
output.ixion,23,1.22,1289000000
output.ixion,24,1.23,1288000000
output.ixion,25,1.24,1288000000
output.ixion,26,1.25,1287000000
output.ixion,27,1.26,1287000000
output.ixion,28,1.27,1286000000
output.ixion,29,1.28,1286000000
output.ixion,30,1.29,1285000000
output.ixion,31,1.3,1285000000
output.ixion,32,1.31,1284000000
output.ixion,33,1.32,1284000000
output.ixion,34,1.33,1283000000
output.ixion,35,1.34,1283000000
output.ixion,36,1.35,1282000000
output.ixion,37,1.36,1282000000
output.ixion,38,1.37,1281000000
output.ixion,39,1.38,1281000000
output.ixion,40,1.39,1280000000
output.ixion,41,1.4,1280000000
output.ixion,42,1.41,1279000000
output.ixion,43,1.42,1279000000
output.ixion,44,1.43,1278000000
output.ixion,45,1.44,1278000000
output.ixion,46,1.45,1277000000
output.ixion,47,1.46,1277000000
output.ixion,48,1.47,1276000000
output.ixion,49,1.48,1276000000
output.ixion,50,1.49,1275000000
output.ixion,51,1.5,1275000000
output.ixion,52,1.51,1274000000
output.ixion,53,1.52,1274000000
output.ixion,54,1.53,1273000000
output.ixion,55,1.54,1273000000
output.ixion,56,1.55,1272000000
output.ixion,57,1.56,1272000000
output.ixion,58,1.57,1271000000
output.ixion,59,1.58,1271000000
output.ixion,60,1.59,1270000000
output.ixion,61,1.6,1270000000
output.ixion,62,1.61,1269000000
output.ixion,63,1.62,1269000000
output.ixion,64,1.63,1268000000
output.ixion,65,1.64,1268000000
output.ixion,66,1.65,1267000000
output.ixion,67,1.66,1267000000
output.ixion,68,1.67,1266000000
output.ixion,69,1.68,1266000000
output.ixion,70,1.69,1265000000
output.ixion,71,1.7,1265000000
output.ixion,72,1.71,1264000000
output.ixion,73,1.72,1264000000
output.ixion,74,1.73,1263000000
output.ixion,75,1.74,1263000000
output.ixion,76,1.75,1262000000
output.ixion,77,1.76,1262000000
output.ixion,78,1.77,1261000000
output.ixion,79,1.78,1261000000
output.ixion,80,1.79,1260000000
output.ixion,81,1.8,1260000000
output.ixion,82,1.81,1259000000
output.ixion,83,1.82,1259000000
output.ixion,84,1.83,1258000000
output.ixion,85,1.84,1258000000
output.ixion,86,1.85,1257000000
output.ixion,87,1.86,1257000000
output.ixion,88,1.87,1256000000
output.ixion,89,1.88,1256000000
output.ixion,90,1.89,1255000000
output.ixion,91,1.9,1255000000
output.ixion,92,1.91,1254000000
output.ixion,93,1.92,1254000000
output.ixion,94,1.93,1253000000
output.ixion,95,1.94,1253000000
output.ixion,96,1.95,1252000000
output.ixion,97,1.96,1252000000
output.ixion,98,1.97,1251000000
output.ixion,99,1.98,1251000000
output.ixion,100,1.99,1250000000
output.ixion,101,2,1250000000
output.ixion,102,2.01,1249000000
output.ixion,103,2.02,1249000000
output.ixion,104,2.03,1248000000
output.ixion,105,2.04,1248000000
output.ixion,106,2.05,1247000000
output.ixion,107,2.06,1247000000
output.ixion,108,2.07,1246000000
output.ixion,109,2.08,1246000000
output.ixion,110,2.09,1245000000
output.ixion,111,2.1,1245000000
output.ixion,112,2.11,1244000000
output.ixion,113,2.12,1244000000
output.ixion,114,2.13,1243000000
output.ixion,115,2.14,1243000000
output.ixion,116,2.15,1242000000
output.ixion,117,2.16,1242000000
output.ixion,118,2.17,1241000000
output.ixion,119,2.18,1241000000
output.ixion,120,2.19,1240000000
output.ixion,121,2.2,1240000000
output.ixion,122,2.21,1239000000
output.ixion,123,2.22,1239000000
output.ixion,124,2.23,1238000000
output.ixion,125,2.24,1238000000
output.ixion,126,2.25,1237000000
output.ixion,127,2.26,1237000000
output.ixion,128,2.27,1236000000
output.ixion,129,2.28,1236000000
output.ixion,130,2.29,1235000000
output.ixion,131,2.3,1235000000
output.ixion,132,2.31,1234000000
output.ixion,133,2.32,1234000000
output.ixion,134,2.33,1233000000
output.ixion,135,2.34,1233000000
output.ixion,136,2.35,1232000000
output.ixion,137,2.36,1232000000
output.ixion,138,2.37,1231000000
output.ixion,139,2.38,1231000000
output.ixion,140,2.39,1230000000
output.ixion,141,2.4,1230000000
output.ixion,142,2.41,1229000000
output.ixion,143,2.42,1229000000
output.ixion,144,2.43,1228000000
output.ixion,145,2.44,1228000000
output.ixion,146,2.45,1227000000
output.ixion,147,2.46,1227000000
output.ixion,148,2.47,1226000000
output.ixion,149,2.48,1226000000
output.ixion,150,2.49,1225000000
output.ixion,151,2.5,1225000000
output.ixion,152,2.51,1224000000
output.ixion,153,2.52,1224000000
output.ixion,154,2.53,1223000000
output.ixion,155,2.54,1223000000
output.ixion,156,2.55,1222000000
output.ixion,157,2.56,1222000000
output.ixion,158,2.57,1221000000
output.ixion,159,2.58,1221000000
output.ixion,160,2.59,1220000000
output.ixion,161,2.6,1220000000
output.ixion,162,2.61,1219000000
output.ixion,163,2.62,1219000000
output.ixion,164,2.63,1218000000
output.ixion,165,2.64,1218000000
output.ixion,166,2.65,1217000000
output.ixion,167,2.66,1217000000
output.ixion,168,2.67,1216000000
output.ixion,169,2.68,1216000000
output.ixion,170,2.69,1215000000
output.ixion,171,2.7,1215000000
output.ixion,172,2.71,1214000000
output.ixion,173,2.72,1214000000
output.ixion,174,2.73,1213000000
output.ixion,175,2.74,1213000000
output.ixion,176,2.75,1212000000
output.ixion,177,2.76,1212000000
output.ixion,178,2.77,1211000000
output.ixion,179,2.78,1211000000
output.ixion,180,2.79,1210000000
output.ixion,181,2.8,1210000000
output.ixion,182,2.81,1209000000
output.ixion,183,2.82,1209000000
output.ixion,184,2.83,1208000000
output.ixion,185,2.84,1208000000
output.ixion,186,2.85,1207000000
output.ixion,187,2.86,1207000000
output.ixion,188,2.87,1206000000
output.ixion,189,2.88,1206000000
output.ixion,190,2.89,1205000000
output.ixion,191,2.9,1205000000
output.ixion,192,2.91,1204000000
output.ixion,193,2.92,1204000000
output.ixion,194,2.93,1203000000
output.ixion,195,2.94,1203000000
output.ixion,196,2.95,1202000000
output.ixion,197,2.96,1202000000
output.ixion,198,2.97,1201000000
output.ixion,199,2.98,1201000000
output.ixion,200,2.99,1200000000
output.ixion,201,3,1200000000
output.ixion,202,3.01,1199000000
output.ixion,203,3.02,1199000000
output.ixion,204,3.03,1199000000
output.ixion,205,3.04,1198000000
output.ixion,206,3.05,1198000000
output.ixion,207,3.06,1197000000
output.ixion,208,3.07,1197000000
output.ixion,209,3.08,1197000000
output.ixion,210,3.09,1196000000
output.ixion,211,3.1,1196000000
output.ixion,212,3.11,1196000000
output.ixion,213,3.12,1195000000
output.ixion,214,3.13,1195000000
output.ixion,215,3.14,1195000000
output.ixion,216,3.15,1194000000
output.ixion,217,3.16,1194000000
output.ixion,218,3.17,1193000000
output.ixion,219,3.18,1193000000
output.ixion,220,3.19,1193000000
output.ixion,221,3.2,1192000000
output.ixion,222,3.21,1192000000
output.ixion,223,3.22,1192000000
output.ixion,224,3.23,1191000000
output.ixion,225,3.24,1191000000
output.ixion,226,3.25,1191000000
output.ixion,227,3.26,1190000000
output.ixion,228,3.27,1190000000
output.ixion,229,3.28,1189000000
output.ixion,230,3.29,1189000000
output.ixion,231,3.3,1189000000
output.ixion,232,3.31,1188000000
output.ixion,233,3.32,1188000000
output.ixion,234,3.33,1188000000
output.ixion,235,3.34,1187000000
output.ixion,236,3.35,1187000000
output.ixion,237,3.36,1187000000
output.ixion,238,3.37,1186000000
output.ixion,239,3.38,1186000000
output.ixion,240,3.39,1185000000
output.ixion,241,3.4,1185000000
output.ixion,242,3.41,1185000000
output.ixion,243,3.42,1184000000
output.ixion,244,3.43,1184000000
output.ixion,245,3.44,1184000000
output.ixion,246,3.45,1183000000
output.ixion,247,3.46,1183000000
output.ixion,248,3.47,1183000000
output.ixion,249,3.48,1182000000
output.ixion,250,3.49,1182000000
output.ixion,251,3.5,1181000000
output.ixion,252,3.51,1181000000
output.ixion,253,3.52,1181000000
output.ixion,254,3.53,1180000000
output.ixion,255,3.54,1180000000
output.ixion,256,3.55,1180000000
output.ixion,257,3.56,1179000000
output.ixion,258,3.57,1179000000
output.ixion,259,3.58,1179000000
output.ixion,260,3.59,1178000000
output.ixion,261,3.6,1178000000
output.ixion,262,3.61,1177000000
output.ixion,263,3.62,1177000000
output.ixion,264,3.63,1177000000
output.ixion,265,3.64,1176000000
output.ixion,266,3.65,1176000000
output.ixion,267,3.66,1176000000
output.ixion,268,3.67,1175000000
output.ixion,269,3.68,1175000000
output.ixion,270,3.69,1175000000
output.ixion,271,3.7,1174000000
output.ixion,272,3.71,1174000000
output.ixion,273,3.72,1173000000
output.ixion,274,3.73,1173000000
output.ixion,275,3.74,1173000000
output.ixion,276,3.75,1172000000
output.ixion,277,3.76,1172000000
output.ixion,278,3.77,1172000000
output.ixion,279,3.78,1171000000
output.ixion,280,3.79,1171000000
output.ixion,281,3.8,1171000000
output.ixion,282,3.81,1170000000
output.ixion,283,3.82,1170000000
output.ixion,284,3.83,1169000000
output.ixion,285,3.84,1169000000
output.ixion,286,3.85,1169000000
output.ixion,287,3.86,1168000000
output.ixion,288,3.87,1168000000
output.ixion,289,3.88,1168000000
output.ixion,290,3.89,1167000000
output.ixion,291,3.9,1167000000
output.ixion,292,3.91,1167000000
output.ixion,293,3.92,1166000000
output.ixion,294,3.93,1166000000
output.ixion,295,3.94,1165000000
output.ixion,296,3.95,1165000000
output.ixion,297,3.96,1165000000
output.ixion,298,3.97,1164000000
output.ixion,299,3.98,1164000000
output.ixion,300,3.99,1164000000
output.ixion,301,4,1163000000
output.ixion,302,4.01,1163000000
output.ixion,303,4.02,1163000000
output.ixion,304,4.03,1162000000
output.ixion,305,4.04,1162000000
output.ixion,306,4.05,1161000000
output.ixion,307,4.06,1161000000
output.ixion,308,4.07,1161000000
output.ixion,309,4.08,1160000000
output.ixion,310,4.09,1160000000
output.ixion,311,4.1,1160000000
output.ixion,312,4.11,1159000000
output.ixion,313,4.12,1159000000
output.ixion,314,4.13,1159000000
output.ixion,315,4.14,1158000000
output.ixion,316,4.15,1158000000
output.ixion,317,4.16,1157000000
output.ixion,318,4.17,1157000000
output.ixion,319,4.18,1157000000
output.ixion,320,4.19,1156000000
output.ixion,321,4.2,1156000000
output.ixion,322,4.21,1156000000
output.ixion,323,4.22,1155000000
output.ixion,324,4.23,1155000000
output.ixion,325,4.24,1155000000
output.ixion,326,4.25,1154000000
output.ixion,327,4.26,1154000000
output.ixion,328,4.27,1153000000
output.ixion,329,4.28,1153000000
output.ixion,330,4.29,1153000000
output.ixion,331,4.3,1152000000
output.ixion,332,4.31,1152000000
output.ixion,333,4.32,1152000000
output.ixion,334,4.33,1151000000
output.ixion,335,4.34,1151000000
output.ixion,336,4.35,1151000000
output.ixion,337,4.36,1150000000
output.ixion,338,4.37,1150000000
output.ixion,339,4.38,1149000000
output.ixion,340,4.39,1149000000
output.ixion,341,4.4,1149000000
output.ixion,342,4.41,1148000000
output.ixion,343,4.42,1148000000
output.ixion,344,4.43,1148000000
output.ixion,345,4.44,1147000000
output.ixion,346,4.45,1147000000
output.ixion,347,4.46,1147000000
output.ixion,348,4.47,1146000000
output.ixion,349,4.48,1146000000
output.ixion,350,4.49,1145000000
output.ixion,351,4.5,1145000000
output.ixion,352,4.51,1145000000
output.ixion,353,4.52,1144000000
output.ixion,354,4.53,1144000000
output.ixion,355,4.54,1144000000
output.ixion,356,4.55,1143000000
output.ixion,357,4.56,1143000000
output.ixion,358,4.57,1143000000
output.ixion,359,4.58,1142000000
output.ixion,360,4.59,1142000000
output.ixion,361,4.6,1141000000
output.ixion,362,4.61,1141000000
output.ixion,363,4.62,1141000000
output.ixion,364,4.63,1140000000
output.ixion,365,4.64,1140000000
output.ixion,366,4.65,1140000000
output.ixion,367,4.66,1139000000
output.ixion,368,4.67,1139000000
output.ixion,369,4.68,1139000000
output.ixion,370,4.69,1138000000
output.ixion,371,4.7,1138000000
output.ixion,372,4.71,1137000000
output.ixion,373,4.72,1137000000
output.ixion,374,4.73,1137000000
output.ixion,375,4.74,1136000000
output.ixion,376,4.75,1136000000
output.ixion,377,4.76,1136000000
output.ixion,378,4.77,1135000000
output.ixion,379,4.78,1135000000
output.ixion,380,4.79,1135000000
output.ixion,381,4.8,1134000000
output.ixion,382,4.81,1134000000
output.ixion,383,4.82,1133000000
output.ixion,384,4.83,1133000000
output.ixion,385,4.84,1133000000
output.ixion,386,4.85,1132000000
output.ixion,387,4.86,1132000000
output.ixion,388,4.87,1132000000
output.ixion,389,4.88,1131000000
output.ixion,390,4.89,1131000000
output.ixion,391,4.9,1131000000
output.ixion,392,4.91,1130000000
output.ixion,393,4.92,1130000000
output.ixion,394,4.93,1129000000
output.ixion,395,4.94,1129000000
output.ixion,396,4.95,1129000000
output.ixion,397,4.96,1128000000
output.ixion,398,4.97,1128000000
output.ixion,399,4.98,1128000000
output.ixion,400,4.99,1127000000
output.ixion,401,5,1127000000
output.ixion,402,5.01,1127000000
output.ixion,403,5.02,1126000000
output.ixion,404,5.03,1126000000
output.ixion,405,5.04,1125000000
output.ixion,406,5.05,1125000000
output.ixion,407,5.06,1125000000
output.ixion,408,5.07,1124000000
output.ixion,409,5.08,1124000000
output.ixion,410,5.09,1124000000
output.ixion,411,5.1,1123000000
output.ixion,412,5.11,1123000000
output.ixion,413,5.12,1123000000
output.ixion,414,5.13,1122000000
output.ixion,415,5.14,1122000000
output.ixion,416,5.15,1121000000
output.ixion,417,5.16,1121000000
output.ixion,418,5.17,1121000000
output.ixion,419,5.18,1120000000
output.ixion,420,5.19,1120000000
output.ixion,421,5.2,1120000000
output.ixion,422,5.21,1119000000
output.ixion,423,5.22,1119000000
output.ixion,424,5.23,1119000000
output.ixion,425,5.24,1118000000
output.ixion,426,5.25,1118000000
output.ixion,427,5.26,1117000000
output.ixion,428,5.27,1117000000
output.ixion,429,5.28,1117000000
output.ixion,430,5.29,1116000000
output.ixion,431,5.3,1116000000
output.ixion,432,5.31,1116000000
output.ixion,433,5.32,1115000000
output.ixion,434,5.33,1115000000
output.ixion,435,5.34,1115000000
output.ixion,436,5.35,1114000000
output.ixion,437,5.36,1114000000
output.ixion,438,5.37,1113000000
output.ixion,439,5.38,1113000000
output.ixion,440,5.39,1113000000
output.ixion,441,5.4,1112000000
output.ixion,442,5.41,1112000000
output.ixion,443,5.42,1112000000
output.ixion,444,5.43,1111000000
output.ixion,445,5.44,1111000000
output.ixion,446,5.45,1111000000
output.ixion,447,5.46,1110000000
output.ixion,448,5.47,1110000000
output.ixion,449,5.48,1109000000
output.ixion,450,5.49,1109000000
output.ixion,451,5.5,1109000000
output.ixion,452,5.51,1108000000
output.ixion,453,5.52,1108000000
output.ixion,454,5.53,1108000000
output.ixion,455,5.54,1107000000
output.ixion,456,5.55,1107000000
output.ixion,457,5.56,1107000000
output.ixion,458,5.57,1106000000
output.ixion,459,5.58,1106000000
output.ixion,460,5.59,1105000000
output.ixion,461,5.6,1105000000
output.ixion,462,5.61,1105000000
output.ixion,463,5.62,1104000000
output.ixion,464,5.63,1104000000
output.ixion,465,5.64,1104000000
output.ixion,466,5.65,1103000000
output.ixion,467,5.66,1103000000
output.ixion,468,5.67,1103000000
output.ixion,469,5.68,1102000000
output.ixion,470,5.69,1102000000
output.ixion,471,5.7,1101000000
output.ixion,472,5.71,1101000000
output.ixion,473,5.72,1101000000
output.ixion,474,5.73,1100000000
output.ixion,475,5.74,1100000000
output.ixion,476,5.75,1099000000
output.ixion,477,5.76,1098000000
output.ixion,478,5.77,1098000000
output.ixion,479,5.78,1097000000
output.ixion,480,5.79,1096000000
output.ixion,481,5.8,1095000000
output.ixion,482,5.81,1094000000
output.ixion,483,5.82,1094000000
output.ixion,484,5.83,1093000000
output.ixion,485,5.84,1092000000
output.ixion,486,5.85,1091000000
output.ixion,487,5.86,1090000000
output.ixion,488,5.87,1090000000
output.ixion,489,5.88,1089000000
output.ixion,490,5.89,1088000000
output.ixion,491,5.9,1087000000
output.ixion,492,5.91,1086000000
output.ixion,493,5.92,1086000000
output.ixion,494,5.93,1085000000
output.ixion,495,5.94,1084000000
output.ixion,496,5.95,1083000000
output.ixion,497,5.96,1082000000
output.ixion,498,5.97,1082000000
output.ixion,499,5.98,1081000000
output.ixion,500,5.99,1080000000
output.ixion,501,6,1079000000
output.ixion,502,6.01,1078000000
output.ixion,503,6.02,1078000000
output.ixion,504,6.03,1077000000
output.ixion,505,6.04,1076000000
output.ixion,506,6.05,1075000000
output.ixion,507,6.06,1074000000
output.ixion,508,6.07,1074000000
output.ixion,509,6.08,1073000000
output.ixion,510,6.09,1072000000
output.ixion,511,6.1,1071000000
output.ixion,512,6.11,1070000000
output.ixion,513,6.12,1070000000
output.ixion,514,6.13,1069000000
output.ixion,515,6.14,1068000000
output.ixion,516,6.15,1067000000
output.ixion,517,6.16,1066000000
output.ixion,518,6.17,1066000000
output.ixion,519,6.18,1065000000
output.ixion,520,6.19,1064000000
output.ixion,521,6.2,1063000000
output.ixion,522,6.21,1062000000
output.ixion,523,6.22,1062000000
output.ixion,524,6.23,1061000000
output.ixion,525,6.24,1060000000
output.ixion,526,6.25,1059000000
output.ixion,527,6.26,1058000000
output.ixion,528,6.27,1058000000
output.ixion,529,6.28,1057000000
output.ixion,530,6.29,1056000000
output.ixion,531,6.3,1055000000
output.ixion,532,6.31,1054000000
output.ixion,533,6.32,1054000000
output.ixion,534,6.33,1053000000
output.ixion,535,6.34,1052000000
output.ixion,536,6.35,1051000000
output.ixion,537,6.36,1050000000
output.ixion,538,6.37,1050000000
output.ixion,539,6.38,1049000000
output.ixion,540,6.39,1048000000
output.ixion,541,6.4,1047000000
output.ixion,542,6.41,1046000000
output.ixion,543,6.42,1046000000
output.ixion,544,6.43,1045000000
output.ixion,545,6.44,1044000000
output.ixion,546,6.45,1043000000
output.ixion,547,6.46,1042000000
output.ixion,548,6.47,1042000000
output.ixion,549,6.48,1041000000
output.ixion,550,6.49,1040000000
output.ixion,551,6.5,1039000000
output.ixion,552,6.51,1038000000
output.ixion,553,6.52,1038000000
output.ixion,554,6.53,1037000000
output.ixion,555,6.54,1036000000
output.ixion,556,6.55,1035000000
output.ixion,557,6.56,1034000000
output.ixion,558,6.57,1034000000
output.ixion,559,6.58,1033000000
output.ixion,560,6.59,1032000000
output.ixion,561,6.6,1031000000
output.ixion,562,6.61,1030000000
output.ixion,563,6.62,1030000000
output.ixion,564,6.63,1029000000
output.ixion,565,6.64,1028000000
output.ixion,566,6.65,1027000000
output.ixion,567,6.66,1026000000
output.ixion,568,6.67,1026000000
output.ixion,569,6.68,1025000000
output.ixion,570,6.69,1024000000
output.ixion,571,6.7,1023000000
output.ixion,572,6.71,1022000000
output.ixion,573,6.72,1022000000
output.ixion,574,6.73,1021000000
output.ixion,575,6.74,1020000000
output.ixion,576,6.75,1019000000
output.ixion,577,6.76,1018000000
output.ixion,578,6.77,1018000000
output.ixion,579,6.78,1017000000
output.ixion,580,6.79,1016000000
output.ixion,581,6.8,1015000000
output.ixion,582,6.81,1014000000
output.ixion,583,6.82,1014000000
output.ixion,584,6.83,1013000000
output.ixion,585,6.84,1012000000
output.ixion,586,6.85,1011000000
output.ixion,587,6.86,1010000000
output.ixion,588,6.87,1010000000
output.ixion,589,6.88,1009000000
output.ixion,590,6.89,1008000000
output.ixion,591,6.9,1007000000
output.ixion,592,6.91,1006000000
output.ixion,593,6.92,1006000000
output.ixion,594,6.93,1005000000
output.ixion,595,6.94,1004000000
output.ixion,596,6.95,1003000000
output.ixion,597,6.96,1002000000
output.ixion,598,6.97,1002000000
output.ixion,599,6.98,1001000000
output.ixion,600,6.99,1000000000
output.ixion,601,7,999000000
output.ixion,602,7.01,998000000
output.ixion,603,7.02,997000000
output.ixion,604,7.03,996000000
output.ixion,605,7.04,995000000
output.ixion,606,7.05,994000000
output.ixion,607,7.06,993000000
output.ixion,608,7.07,992000000
output.ixion,609,7.08,991000000
output.ixion,610,7.09,990000000
output.ixion,611,7.1,989000000
output.ixion,612,7.11,988000000
output.ixion,613,7.12,987000000
output.ixion,614,7.13,986000000
output.ixion,615,7.14,985000000
output.ixion,616,7.15,984000000
output.ixion,617,7.16,983000000
output.ixion,618,7.17,982000000
output.ixion,619,7.18,981000000
output.ixion,620,7.19,980000000
output.ixion,621,7.2,979000000
output.ixion,622,7.21,978000000
output.ixion,623,7.22,977000000
output.ixion,624,7.23,976000000
output.ixion,625,7.24,975000000
output.ixion,626,7.25,974000000
output.ixion,627,7.26,973000000
output.ixion,628,7.27,972000000
output.ixion,629,7.28,971000000
output.ixion,630,7.29,970000000
output.ixion,631,7.3,969000000
output.ixion,632,7.31,968000000
output.ixion,633,7.32,967000000
output.ixion,634,7.33,966000000
output.ixion,635,7.34,965000000
output.ixion,636,7.35,964000000
output.ixion,637,7.36,963000000
output.ixion,638,7.37,962000000
output.ixion,639,7.38,961000000
output.ixion,640,7.39,960000000
output.ixion,641,7.4,959000000
output.ixion,642,7.41,958000000
output.ixion,643,7.42,957000000
output.ixion,644,7.43,956000000
output.ixion,645,7.44,955000000
output.ixion,646,7.45,954000000
output.ixion,647,7.46,953000000
output.ixion,648,7.47,952000000
output.ixion,649,7.48,951000000
output.ixion,650,7.49,950000000
output.ixion,651,7.5,949000000
output.ixion,652,7.51,948000000
output.ixion,653,7.52,947000000
output.ixion,654,7.53,946000000
output.ixion,655,7.54,945000000
output.ixion,656,7.55,944000000
output.ixion,657,7.56,943000000
output.ixion,658,7.57,942000000
output.ixion,659,7.58,941000000
output.ixion,660,7.59,940000000
output.ixion,661,7.6,939000000
output.ixion,662,7.61,938000000
output.ixion,663,7.62,937000000
output.ixion,664,7.63,936000000
output.ixion,665,7.64,935000000
output.ixion,666,7.65,934000000
output.ixion,667,7.66,933000000
output.ixion,668,7.67,932000000
output.ixion,669,7.68,931000000
output.ixion,670,7.69,930000000
output.ixion,671,7.7,929000000
output.ixion,672,7.71,928000000
output.ixion,673,7.72,927000000
output.ixion,674,7.73,926000000
output.ixion,675,7.74,925000000
output.ixion,676,7.75,924000000
output.ixion,677,7.76,923000000
output.ixion,678,7.77,922000000
output.ixion,679,7.78,921000000
output.ixion,680,7.79,920000000
output.ixion,681,7.8,919000000
output.ixion,682,7.81,918000000
output.ixion,683,7.82,917000000
output.ixion,684,7.83,916000000
output.ixion,685,7.84,915000000
output.ixion,686,7.85,914000000
output.ixion,687,7.86,913000000
output.ixion,688,7.87,912000000
output.ixion,689,7.88,911000000
output.ixion,690,7.89,910000000
output.ixion,691,7.9,909000000
output.ixion,692,7.91,908000000
output.ixion,693,7.92,907000000
output.ixion,694,7.93,906000000
output.ixion,695,7.94,905000000
output.ixion,696,7.95,904000000
output.ixion,697,7.96,903000000
output.ixion,698,7.97,902000000
output.ixion,699,7.98,901000000
output.ixion,700,7.99,900000000
output.ixion,701,8,899000000
output.ixion,702,8.01,898000000
output.ixion,703,8.02,897000000
output.ixion,704,8.03,896000000
output.ixion,705,8.04,895000000
output.ixion,706,8.05,894000000
output.ixion,707,8.06,893000000
output.ixion,708,8.07,892000000
output.ixion,709,8.08,891000000
output.ixion,710,8.09,890000000
output.ixion,711,8.1,889000000
output.ixion,712,8.11,888000000
output.ixion,713,8.12,887000000
output.ixion,714,8.13,886000000
output.ixion,715,8.14,885000000
output.ixion,716,8.15,884000000
output.ixion,717,8.16,883000000
output.ixion,718,8.17,882000000
output.ixion,719,8.18,881000000
output.ixion,720,8.19,880000000
output.ixion,721,8.2,879000000
output.ixion,722,8.21,878000000
output.ixion,723,8.22,877000000
output.ixion,724,8.23,876000000
output.ixion,725,8.24,875000000
output.ixion,726,8.25,874000000
output.ixion,727,8.26,873000000
output.ixion,728,8.27,872000000
output.ixion,729,8.28,871000000
output.ixion,730,8.29,870000000
output.ixion,731,8.3,869000000
output.ixion,732,8.31,868000000
output.ixion,733,8.32,867000000
output.ixion,734,8.33,866000000
output.ixion,735,8.34,865000000
output.ixion,736,8.35,864000000
output.ixion,737,8.36,863000000
output.ixion,738,8.37,862000000
output.ixion,739,8.38,861000000
output.ixion,740,8.39,860000000
output.ixion,741,8.4,859000000
output.ixion,742,8.41,858000000
output.ixion,743,8.42,857000000
output.ixion,744,8.43,856000000
output.ixion,745,8.44,855000000
output.ixion,746,8.45,854000000
output.ixion,747,8.46,853000000
output.ixion,748,8.47,852000000
output.ixion,749,8.48,851000000
output.ixion,750,8.49,850000000
output.ixion,751,8.5,849000000
output.ixion,752,8.51,848000000
output.ixion,753,8.52,847000000
output.ixion,754,8.53,846000000
output.ixion,755,8.54,845000000
output.ixion,756,8.55,844000000
output.ixion,757,8.56,843000000
output.ixion,758,8.57,842000000
output.ixion,759,8.58,841000000
output.ixion,760,8.59,840000000
output.ixion,761,8.6,839000000
output.ixion,762,8.61,838000000
output.ixion,763,8.62,837000000
output.ixion,764,8.63,836000000
output.ixion,765,8.64,835000000
output.ixion,766,8.65,834000000
output.ixion,767,8.66,833000000
output.ixion,768,8.67,832000000
output.ixion,769,8.68,831000000
output.ixion,770,8.69,830000000
output.ixion,771,8.7,829000000
output.ixion,772,8.71,828000000
output.ixion,773,8.72,827000000
output.ixion,774,8.73,826000000
output.ixion,775,8.74,825000000
output.ixion,776,8.75,824000000
output.ixion,777,8.76,823000000
output.ixion,778,8.77,822000000
output.ixion,779,8.78,821000000
output.ixion,780,8.79,820000000
output.ixion,781,8.8,819000000
output.ixion,782,8.81,818000000
output.ixion,783,8.82,817000000
output.ixion,784,8.83,816000000
output.ixion,785,8.84,815000000
output.ixion,786,8.85,814000000
output.ixion,787,8.86,813000000
output.ixion,788,8.87,812000000
output.ixion,789,8.88,811000000
output.ixion,790,8.89,810000000
output.ixion,791,8.9,809000000
output.ixion,792,8.91,808000000
output.ixion,793,8.92,807000000
output.ixion,794,8.93,806000000
output.ixion,795,8.94,805000000
output.ixion,796,8.95,804000000
output.ixion,797,8.96,803000000
output.ixion,798,8.97,802000000
output.ixion,799,8.98,801000000
output.ixion,800,8.99,800000000
output.ixion,801,9,798700000
output.ixion,802,9.01,797300000
output.ixion,803,9.02,796000000
output.ixion,804,9.03,794700000
output.ixion,805,9.04,793300000
output.ixion,806,9.05,792000000,792000000
output.ixion,807,9.06,790700000,792000000
output.ixion,808,9.07,789300000,792000000
output.ixion,809,9.08,788000000,792000000
output.ixion,810,9.09,786700000,792000000
output.ixion,811,9.1,785300000,792000000
output.ixion,812,9.11,784000000,792000000
output.ixion,813,9.12,782700000,792000000
output.ixion,814,9.13,781300000,792000000
output.ixion,815,9.14,780000000,792000000
output.ixion,816,9.15,778700000,792000000
output.ixion,817,9.16,777300000,792000000
output.ixion,818,9.17,776000000,792000000
output.ixion,819,9.18,774700000,792000000
output.ixion,820,9.19,773300000,792000000
output.ixion,821,9.2,772000000,792000000
output.ixion,822,9.21,770700000,792000000
output.ixion,823,9.22,769300000,792000000
output.ixion,824,9.23,768000000,792000000
output.ixion,825,9.24,766700000,792000000
output.ixion,826,9.25,765300000,792000000
output.ixion,827,9.26,764000000,792000000
output.ixion,828,9.27,762700000,792000000
output.ixion,829,9.28,761300000,792000000
output.ixion,830,9.29,760000000,792000000
output.ixion,831,9.3,758700000,792000000
output.ixion,832,9.31,757300000,792000000
output.ixion,833,9.32,756000000,792000000
output.ixion,834,9.33,754700000,792000000
output.ixion,835,9.34,753300000,792000000
output.ixion,836,9.35,752000000,792000000
output.ixion,837,9.36,750700000,792000000
output.ixion,838,9.37,749300000,792000000
output.ixion,839,9.38,748000000,792000000
output.ixion,840,9.39,746700000,792000000
output.ixion,841,9.4,745300000,792000000
output.ixion,842,9.41,744000000,792000000
output.ixion,843,9.42,742700000,792000000
output.ixion,844,9.43,741300000,792000000
output.ixion,845,9.44,740000000,792000000
output.ixion,846,9.45,738700000,792000000
output.ixion,847,9.46,737300000,792000000
output.ixion,848,9.47,736000000,792000000
output.ixion,849,9.48,734700000,792000000
output.ixion,850,9.49,733300000,792000000
output.ixion,851,9.5,732000000,792000000
output.ixion,852,9.51,730700000,792000000
output.ixion,853,9.52,729300000,792000000
output.ixion,854,9.53,728000000,792000000
output.ixion,855,9.54,726700000,792000000
output.ixion,856,9.55,725300000,792000000
output.ixion,857,9.56,724000000,792000000
output.ixion,858,9.57,722700000,792000000
output.ixion,859,9.58,721300000,792000000
output.ixion,860,9.59,720000000,792000000
output.ixion,861,9.6,718700000,792000000
output.ixion,862,9.61,717300000,792000000
output.ixion,863,9.62,716000000,792000000
output.ixion,864,9.63,714700000,792000000
output.ixion,865,9.64,713300000,792000000
output.ixion,866,9.65,712000000,792000000
output.ixion,867,9.66,710700000,792000000
output.ixion,868,9.67,709300000,792000000
output.ixion,869,9.68,708000000,792000000
output.ixion,870,9.69,706700000,792000000
output.ixion,871,9.7,705300000,792000000
output.ixion,872,9.71,704000000,792000000
output.ixion,873,9.72,702700000,792000000
output.ixion,874,9.73,701300000,792000000
output.ixion,875,9.74,700000000,792000000
output.ixion,876,9.75,698700000,792000000
output.ixion,877,9.76,697300000,792000000
output.ixion,878,9.77,696000000,792000000
output.ixion,879,9.78,694700000,792000000
output.ixion,880,9.79,693300000,792000000
output.ixion,881,9.8,692000000,792000000
output.ixion,882,9.81,690700000,792000000
output.ixion,883,9.82,689300000,792000000
output.ixion,884,9.83,688000000,792000000
output.ixion,885,9.84,686700000,792000000
output.ixion,886,9.85,685300000,792000000
output.ixion,887,9.86,684000000,792000000
output.ixion,888,9.87,682700000,792000000
output.ixion,889,9.88,681300000,792000000
output.ixion,890,9.89,680000000,792000000
output.ixion,891,9.9,678700000,792000000
output.ixion,892,9.91,677300000,792000000
output.ixion,893,9.92,676000000,792000000
output.ixion,894,9.93,674700000,792000000
output.ixion,895,9.94,673300000,792000000
output.ixion,896,9.95,672000000,792000000
output.ixion,897,9.96,670700000,792000000
output.ixion,898,9.97,669300000,792000000
output.ixion,899,9.98,668000000,792000000
output.ixion,900,9.99,666700000,792000000
output.ixion,901,10,665300000,792000000
output.ixion,902,10.01,664000000,792000000
output.ixion,903,10.02,662700000,792000000
output.ixion,904,10.03,661300000,792000000
output.ixion,905,10.04,660000000,792000000
output.ixion,906,10.05,658700000,792000000
output.ixion,907,10.06,657300000,792000000
output.ixion,908,10.07,656000000,792000000
output.ixion,909,10.08,654700000,792000000
output.ixion,910,10.09,653300000,792000000
output.ixion,911,10.1,652000000,792000000
output.ixion,912,10.11,650700000,792000000
output.ixion,913,10.12,649300000,792000000
output.ixion,914,10.13,648000000,792000000
output.ixion,915,10.14,646700000,792000000
output.ixion,916,10.15,645300000,792000000
output.ixion,917,10.16,644000000,792000000
output.ixion,918,10.17,642700000,792000000
output.ixion,919,10.18,641300000,792000000
output.ixion,920,10.19,640000000,792000000
output.ixion,921,10.2,638700000,792000000
output.ixion,922,10.21,637300000,792000000
output.ixion,923,10.22,636000000,792000000
output.ixion,924,10.23,634700000,792000000
output.ixion,925,10.24,633300000,792000000
output.ixion,926,10.25,632000000,792000000
output.ixion,927,10.26,630700000,792000000
output.ixion,928,10.27,629300000,792000000
output.ixion,929,10.28,628000000,792000000
output.ixion,930,10.29,626700000,792000000
output.ixion,931,10.3,625300000,792000000
output.ixion,932,10.31,624000000,792000000
output.ixion,933,10.32,622700000,792000000
output.ixion,934,10.33,621300000,792000000
output.ixion,935,10.34,620000000,792000000
output.ixion,936,10.35,618700000,792000000
output.ixion,937,10.36,617300000,792000000
output.ixion,938,10.37,616000000,792000000
output.ixion,939,10.38,614700000,792000000
output.ixion,940,10.39,613300000,792000000
output.ixion,941,10.4,612000000,792000000
output.ixion,942,10.41,610700000,792000000
output.ixion,943,10.42,609300000,792000000
output.ixion,944,10.43,608000000,792000000
output.ixion,945,10.44,606700000,792000000
output.ixion,946,10.45,605300000,792000000
output.ixion,947,10.46,604000000,792000000
output.ixion,948,10.47,602700000,792000000
output.ixion,949,10.48,601300000,792000000
output.ixion,950,10.49,600000000,792000000
output.ixion,951,10.5,598800000,792000000
output.ixion,952,10.51,597600000,792000000
output.ixion,953,10.52,596500000,792000000
output.ixion,954,10.53,595300000,792000000
output.ixion,955,10.54,594100000,792000000
output.ixion,956,10.55,592900000,792000000
output.ixion,957,10.56,591800000,792000000
output.ixion,958,10.57,590600000,792000000
output.ixion,959,10.58,589400000,792000000
output.ixion,960,10.59,588200000,792000000
output.ixion,961,10.6,587100000,792000000
output.ixion,962,10.61,585900000,792000000
output.ixion,963,10.62,584700000,792000000
output.ixion,964,10.63,583500000,792000000
output.ixion,965,10.64,582400000,792000000
output.ixion,966,10.65,581200000,792000000
output.ixion,967,10.66,580000000,792000000
output.ixion,968,10.67,578800000,792000000
output.ixion,969,10.68,577600000,792000000
output.ixion,970,10.69,576500000,792000000
output.ixion,971,10.7,575300000,792000000
output.ixion,972,10.71,574100000,792000000
output.ixion,973,10.72,572900000,792000000
output.ixion,974,10.73,571800000,792000000
output.ixion,975,10.74,570600000,792000000
output.ixion,976,10.75,569400000,792000000
output.ixion,977,10.76,568200000,792000000
output.ixion,978,10.77,567100000,792000000
output.ixion,979,10.78,565900000,792000000
output.ixion,980,10.79,564700000,792000000
output.ixion,981,10.8,563500000,792000000
output.ixion,982,10.81,562400000,792000000
output.ixion,983,10.82,561200000,792000000
output.ixion,984,10.83,560000000,792000000
output.ixion,985,10.84,558800000,792000000
output.ixion,986,10.85,557600000,792000000
output.ixion,987,10.86,556500000,792000000
output.ixion,988,10.87,555300000,792000000
output.ixion,989,10.88,554100000,792000000
output.ixion,990,10.89,552900000,792000000
output.ixion,991,10.9,551800000,792000000
output.ixion,992,10.91,550600000,792000000
output.ixion,993,10.92,549400000,792000000
output.ixion,994,10.93,548200000,792000000
output.ixion,995,10.94,547100000,792000000
output.ixion,996,10.95,545900000,792000000
output.ixion,997,10.96,544700000,792000000
output.ixion,998,10.97,543500000,792000000
output.ixion,999,10.98,542400000,792000000
output.ixion,1000,10.99,541200000,792000000
output.ixion,1001,11,540000000
output.ixion,1002,14,538800000
output.ixion,1003,17,537600000
output.ixion,1004,20,536500000
output.ixion,1005,23,535300000
output.ixion,1006,26,534100000
output.ixion,1007,29,532900000
output.ixion,1008,32,531800000
output.ixion,1009,35,530600000
output.ixion,1010,38,529400000
output.ixion,1011,41,528200000
output.ixion,1012,44,527100000
output.ixion,1013,47,525900000
output.ixion,1014,50,524700000
output.ixion,1015,53,523500000
output.ixion,1016,56,522400000
output.ixion,1017,59,521200000
output.ixion,1018,62,520000000
output.ixion,1019,65,518800000
output.ixion,1020,68,517600000
output.ixion,1021,71,516500000
output.ixion,1022,74,515300000
output.ixion,1023,77,514100000
output.ixion,1024,80,512900000
output.ixion,1025,83,511800000
output.ixion,1026,86,510600000
output.ixion,1027,89,509400000
output.ixion,1028,92,508200000
output.ixion,1029,95,507100000
output.ixion,1030,98,505900000
output.ixion,1031,101,504700000
output.ixion,1032,104,503500000
output.ixion,1033,107,502400000
output.ixion,1034,110,501200000
output.ixion,1035,113,500000000
output.ixion,1036,116,490000000
output.ixion,1037,119,480000000
output.ixion,1038,122,470000000
output.ixion,1039,125,460000000
output.ixion,1040,128,450000000
output.ixion,1041,131,440000000
output.ixion,1042,134,430000000
output.ixion,1043,137,420000000
output.ixion,1044,140,410000000
output.ixion,1045,143,400000000
output.ixion,1046,146,390000000
output.ixion,1047,149,380000000
output.ixion,1048,152,370000000
output.ixion,1049,155,360000000
output.ixion,1050,158,350000000
output.ixion,1051,161,340000000
output.ixion,1052,164,330000000
output.ixion,1053,167,320000000
output.ixion,1054,170,310000000
output.ixion,1055,173,300000000
output.ixion,1056,176,290000000
output.ixion,1057,179,280000000
output.ixion,1058,182,270000000
output.ixion,1059,185,260000000
output.ixion,1060,188,250000000
output.ixion,1061,191,240000000
output.ixion,1062,194,230000000
output.ixion,1063,197,220000000
output.ixion,1064,200,210000000
output.ixion,1065,203,200000000
output.ixion,1066,206,190000000
output.ixion,1067,209,180000000
output.ixion,1068,212,170000000
output.ixion,1069,215,160000000
output.ixion,1070,218,150000000
output.ixion,1071,221,140000000
output.ixion,1072,224,130000000
output.ixion,1073,227,120000000
output.ixion,1074,230,110000000
output.ixion,1075,233,100000000
output.ixion,1076,236,99860000
output.ixion,1077,239,99720000
output.ixion,1078,242,99590000
output.ixion,1079,245,99450000
output.ixion,1080,248,99310000
output.ixion,1081,251,99170000
output.ixion,1082,254,99030000
output.ixion,1083,257,98900000
output.ixion,1084,260,98760000
output.ixion,1085,263,98620000
output.ixion,1086,266,98480000
output.ixion,1087,269,98340000
output.ixion,1088,272,98210000
output.ixion,1089,275,98070000
output.ixion,1090,278,97930000
output.ixion,1091,281,97790000
output.ixion,1092,284,97660000
output.ixion,1093,287,97520000
output.ixion,1094,290,97380000
output.ixion,1095,293,97240000
output.ixion,1096,296,97100000
output.ixion,1097,299,96970000
output.ixion,1098,302,96830000
output.ixion,1099,305,96690000
output.ixion,1100,308,96550000
output.ixion,1101,311,96410000
output.ixion,1102,314,96280000
output.ixion,1103,317,96140000
output.ixion,1104,320,96000000
output.ixion,1105,323,95860000
output.ixion,1106,326,95720000
output.ixion,1107,329,95590000
output.ixion,1108,332,95450000
output.ixion,1109,335,95310000
output.ixion,1110,338,95170000
output.ixion,1111,341,95030000
output.ixion,1112,344,94900000
output.ixion,1113,347,94760000
output.ixion,1114,350,94620000
output.ixion,1115,353,94480000
output.ixion,1116,356,94340000
output.ixion,1117,359,94210000
output.ixion,1118,362,94070000
output.ixion,1119,365,93930000
output.ixion,1120,368,93790000
output.ixion,1121,371,93660000
output.ixion,1122,374,93520000
output.ixion,1123,377,93380000
output.ixion,1124,380,93240000
output.ixion,1125,383,93100000
output.ixion,1126,386,92970000
output.ixion,1127,389,92830000
output.ixion,1128,392,92690000
output.ixion,1129,395,92550000
output.ixion,1130,398,92410000
output.ixion,1131,401,92280000
output.ixion,1132,404,92140000
output.ixion,1133,407,92000000
output.ixion,1134,410,91860000
output.ixion,1135,413,91720000
output.ixion,1136,416,91590000
output.ixion,1137,419,91450000
output.ixion,1138,422,91310000
output.ixion,1139,425,91170000
output.ixion,1140,428,91030000
output.ixion,1141,431,90900000
output.ixion,1142,434,90760000
output.ixion,1143,437,90620000
output.ixion,1144,440,90480000
output.ixion,1145,443,90340000
output.ixion,1146,446,90210000
output.ixion,1147,449,90070000
output.ixion,1148,452,89930000
output.ixion,1149,455,89790000
output.ixion,1150,458,89660000
output.ixion,1151,461,89520000
output.ixion,1152,464,89380000
output.ixion,1153,467,89240000
output.ixion,1154,470,89100000
output.ixion,1155,473,88970000
output.ixion,1156,476,88830000
output.ixion,1157,479,88690000
output.ixion,1158,482,88550000
output.ixion,1159,485,88410000
output.ixion,1160,488,88280000
output.ixion,1161,491,88140000
output.ixion,1162,494,88000000
output.ixion,1163,497,87860000
output.ixion,1164,500,87720000
output.ixion,1165,503,87590000
output.ixion,1166,506,87450000
output.ixion,1167,509,87310000
output.ixion,1168,512,87170000
output.ixion,1169,515,87030000
output.ixion,1170,518,86900000
output.ixion,1171,521,86760000
output.ixion,1172,524,86620000
output.ixion,1173,527,86480000
output.ixion,1174,530,86340000
output.ixion,1175,533,86210000
output.ixion,1176,536,86070000
output.ixion,1177,539,85930000
output.ixion,1178,542,85790000
output.ixion,1179,545,85660000
output.ixion,1180,548,85520000
output.ixion,1181,551,85380000
output.ixion,1182,554,85240000
output.ixion,1183,557,85100000
output.ixion,1184,560,84970000
output.ixion,1185,563,84830000
output.ixion,1186,566,84690000
output.ixion,1187,569,84550000
output.ixion,1188,572,84410000
output.ixion,1189,575,84280000
output.ixion,1190,578,84140000
output.ixion,1191,581,84000000
output.ixion,1192,584,83860000
output.ixion,1193,587,83720000
output.ixion,1194,590,83590000
output.ixion,1195,593,83450000
output.ixion,1196,596,83310000
output.ixion,1197,599,83170000
output.ixion,1198,602,83030000
output.ixion,1199,605,82900000
output.ixion,1200,608,82760000
output.ixion,1201,611,82620000
output.ixion,1202,614,82480000
output.ixion,1203,617,82340000
output.ixion,1204,620,82210000
output.ixion,1205,623,82070000
output.ixion,1206,626,81930000
output.ixion,1207,629,81790000
output.ixion,1208,632,81660000
output.ixion,1209,635,81520000
output.ixion,1210,638,81380000
output.ixion,1211,641,81240000
output.ixion,1212,644,81100000
output.ixion,1213,647,80970000
output.ixion,1214,650,80830000
output.ixion,1215,653,80690000
output.ixion,1216,656,80550000
output.ixion,1217,659,80410000
output.ixion,1218,662,80280000
output.ixion,1219,665,80140000
output.ixion,1220,668,80000000
output.ixion,1221,671,79860000
output.ixion,1222,674,79720000
output.ixion,1223,677,79590000
output.ixion,1224,680,79450000
output.ixion,1225,683,79310000
output.ixion,1226,686,79170000
output.ixion,1227,689,79030000
output.ixion,1228,692,78900000
output.ixion,1229,695,78760000
output.ixion,1230,698,78620000
output.ixion,1231,701,78480000
output.ixion,1232,704,78340000
output.ixion,1233,707,78210000
output.ixion,1234,710,78070000
output.ixion,1235,713,77930000
output.ixion,1236,716,77790000
output.ixion,1237,719,77660000
output.ixion,1238,722,77520000
output.ixion,1239,725,77380000
output.ixion,1240,728,77240000
output.ixion,1241,731,77100000
output.ixion,1242,734,76970000
output.ixion,1243,737,76830000
output.ixion,1244,740,76690000
output.ixion,1245,743,76550000
output.ixion,1246,746,76410000
output.ixion,1247,749,76280000
output.ixion,1248,752,76140000
output.ixion,1249,755,76000000
output.ixion,1250,758,75860000
output.ixion,1251,761,75720000
output.ixion,1252,764,75590000
output.ixion,1253,767,75450000
output.ixion,1254,770,75310000
output.ixion,1255,773,75170000
output.ixion,1256,776,75030000
output.ixion,1257,779,74900000
output.ixion,1258,782,74760000
output.ixion,1259,785,74620000
output.ixion,1260,788,74480000
output.ixion,1261,791,74340000
output.ixion,1262,794,74210000
output.ixion,1263,797,74070000
output.ixion,1264,800,73930000
output.ixion,1265,803,73790000
output.ixion,1266,806,73660000
output.ixion,1267,809,73520000
output.ixion,1268,812,73380000
output.ixion,1269,815,73240000
output.ixion,1270,818,73100000
output.ixion,1271,821,72970000
output.ixion,1272,824,72830000
output.ixion,1273,827,72690000
output.ixion,1274,830,72550000
output.ixion,1275,833,72410000
output.ixion,1276,836,72280000
output.ixion,1277,839,72140000
output.ixion,1278,842,72000000
output.ixion,1279,845,71860000
output.ixion,1280,848,71720000
output.ixion,1281,851,71590000
output.ixion,1282,854,71450000
output.ixion,1283,857,71310000
output.ixion,1284,860,71170000
output.ixion,1285,863,71030000
output.ixion,1286,866,70900000
output.ixion,1287,869,70760000
output.ixion,1288,872,70620000
output.ixion,1289,875,70480000
output.ixion,1290,878,70340000
output.ixion,1291,881,70210000
output.ixion,1292,884,70070000
output.ixion,1293,887,69930000
output.ixion,1294,890,69790000
output.ixion,1295,893,69660000
output.ixion,1296,896,69520000
output.ixion,1297,899,69380000
output.ixion,1298,902,69240000
output.ixion,1299,905,69100000
output.ixion,1300,908,68970000
output.ixion,1301,911,68830000
output.ixion,1302,914,68690000
output.ixion,1303,917,68550000
output.ixion,1304,920,68410000
output.ixion,1305,923,68280000
output.ixion,1306,926,68140000
output.ixion,1307,929,68000000
output.ixion,1308,932,67860000
output.ixion,1309,935,67720000
output.ixion,1310,938,67590000
output.ixion,1311,941,67450000
output.ixion,1312,944,67310000
output.ixion,1313,947,67170000
output.ixion,1314,950,67030000
output.ixion,1315,953,66900000
output.ixion,1316,956,66760000
output.ixion,1317,959,66620000
output.ixion,1318,962,66480000
output.ixion,1319,965,66340000
output.ixion,1320,968,66210000
output.ixion,1321,971,66070000
output.ixion,1322,974,65930000
output.ixion,1323,977,65790000
output.ixion,1324,980,65660000
output.ixion,1325,983,65520000
output.ixion,1326,986,65380000
output.ixion,1327,989,65240000
output.ixion,1328,992,65100000
output.ixion,1329,995,64970000
output.ixion,1330,998,64830000
output.ixion,1331,1001,64690000
output.ixion,1332,1004,64550000
output.ixion,1333,1007,64410000
output.ixion,1334,1010,64280000
output.ixion,1335,1013,64140000
output.ixion,1336,1016,64000000
output.ixion,1337,1019,63860000
output.ixion,1338,1022,63720000
output.ixion,1339,1025,63590000
output.ixion,1340,1028,63450000
output.ixion,1341,1031,63310000
output.ixion,1342,1034,63170000
output.ixion,1343,1037,63030000
output.ixion,1344,1040,62900000
output.ixion,1345,1043,62760000
output.ixion,1346,1046,62620000
output.ixion,1347,1049,62480000
output.ixion,1348,1052,62340000
output.ixion,1349,1055,62210000
output.ixion,1350,1058,62070000
output.ixion,1351,1061,61930000
output.ixion,1352,1064,61790000
output.ixion,1353,1067,61660000
output.ixion,1354,1070,61520000
output.ixion,1355,1073,61380000
output.ixion,1356,1076,61240000
output.ixion,1357,1079,61100000
output.ixion,1358,1082,60970000
output.ixion,1359,1085,60830000
output.ixion,1360,1088,60690000
output.ixion,1361,1091,60550000
output.ixion,1362,1094,60410000
output.ixion,1363,1097,60280000
output.ixion,1364,1100,60140000
output.ixion,1365,1103,60000000
output.ixion,1366,1106,59860000
output.ixion,1367,1109,59720000
output.ixion,1368,1112,59590000
output.ixion,1369,1115,59450000
output.ixion,1370,1118,59310000
output.ixion,1371,1121,59170000
output.ixion,1372,1124,59030000
output.ixion,1373,1127,58900000
output.ixion,1374,1130,58760000
output.ixion,1375,1133,58620000
output.ixion,1376,1136,58480000
output.ixion,1377,1139,58340000
output.ixion,1378,1142,58210000
output.ixion,1379,1145,58070000
output.ixion,1380,1148,57930000
output.ixion,1381,1151,57790000
output.ixion,1382,1154,57660000
output.ixion,1383,1157,57520000
output.ixion,1384,1160,57380000
output.ixion,1385,1163,57240000
output.ixion,1386,1166,57100000
output.ixion,1387,1169,56970000
output.ixion,1388,1172,56830000
output.ixion,1389,1175,56690000
output.ixion,1390,1178,56550000
output.ixion,1391,1181,56410000
output.ixion,1392,1184,56280000
output.ixion,1393,1187,56140000
output.ixion,1394,1190,56000000
output.ixion,1395,1193,55860000
output.ixion,1396,1196,55720000
output.ixion,1397,1199,55590000
output.ixion,1398,1202,55450000
output.ixion,1399,1205,55310000
output.ixion,1400,1208,55170000
output.ixion,1401,1211,55030000
output.ixion,1402,1214,54900000
output.ixion,1403,1217,54760000
output.ixion,1404,1220,54620000
output.ixion,1405,1223,54480000
output.ixion,1406,1226,54340000
output.ixion,1407,1229,54210000
output.ixion,1408,1232,54070000
output.ixion,1409,1235,53930000
output.ixion,1410,1238,53790000
output.ixion,1411,1241,53660000
output.ixion,1412,1244,53520000
output.ixion,1413,1247,53380000
output.ixion,1414,1250,53240000
output.ixion,1415,1253,53100000
output.ixion,1416,1256,52970000
output.ixion,1417,1259,52830000
output.ixion,1418,1262,52690000
output.ixion,1419,1265,52550000
output.ixion,1420,1268,52410000
output.ixion,1421,1271,52280000
output.ixion,1422,1274,52140000
output.ixion,1423,1277,52000000
output.ixion,1424,1280,51860000
output.ixion,1425,1283,51720000
output.ixion,1426,1286,51590000
output.ixion,1427,1289,51450000
output.ixion,1428,1292,51310000
output.ixion,1429,1295,51170000
output.ixion,1430,1298,51030000
output.ixion,1431,1301,50900000
output.ixion,1432,1304,50760000
output.ixion,1433,1307,50620000
output.ixion,1434,1310,50480000
output.ixion,1435,1313,50340000
output.ixion,1436,1316,50210000
output.ixion,1437,1319,50070000
output.ixion,1438,1322,49930000
output.ixion,1439,1325,49790000
output.ixion,1440,1328,49660000
output.ixion,1441,1331,49520000
output.ixion,1442,1334,49380000
output.ixion,1443,1337,49240000
output.ixion,1444,1340,49100000
output.ixion,1445,1343,48970000
output.ixion,1446,1346,48830000
output.ixion,1447,1349,48690000
output.ixion,1448,1352,48550000
output.ixion,1449,1355,48410000
output.ixion,1450,1358,48280000
output.ixion,1451,1361,48140000
output.ixion,1452,1364,48000000
output.ixion,1453,1367,47860000
output.ixion,1454,1370,47720000
output.ixion,1455,1373,47590000
output.ixion,1456,1376,47450000
output.ixion,1457,1379,47310000
output.ixion,1458,1382,47170000
output.ixion,1459,1385,47030000
output.ixion,1460,1388,46900000
output.ixion,1461,1391,46760000
output.ixion,1462,1394,46620000
output.ixion,1463,1397,46480000
output.ixion,1464,1400,46340000
output.ixion,1465,1403,46210000
output.ixion,1466,1406,46070000
output.ixion,1467,1409,45930000
output.ixion,1468,1412,45790000
output.ixion,1469,1415,45660000
output.ixion,1470,1418,45520000
output.ixion,1471,1421,45380000
output.ixion,1472,1424,45240000
output.ixion,1473,1427,45100000
output.ixion,1474,1430,44970000
output.ixion,1475,1433,44830000
output.ixion,1476,1436,44690000
output.ixion,1477,1439,44550000
output.ixion,1478,1442,44410000
output.ixion,1479,1445,44280000
output.ixion,1480,1448,44140000
output.ixion,1481,1451,44000000
output.ixion,1482,1454,43860000
output.ixion,1483,1457,43720000
output.ixion,1484,1460,43590000
output.ixion,1485,1463,43450000
output.ixion,1486,1466,43310000
output.ixion,1487,1469,43170000
output.ixion,1488,1472,43030000
output.ixion,1489,1475,42900000
output.ixion,1490,1478,42760000
output.ixion,1491,1481,42620000
output.ixion,1492,1484,42480000
output.ixion,1493,1487,42340000
output.ixion,1494,1490,42210000
output.ixion,1495,1493,42070000
output.ixion,1496,1496,41930000
output.ixion,1497,1499,41790000
output.ixion,1498,1502,41660000
output.ixion,1499,1505,41520000
output.ixion,1500,1508,41380000
output.ixion,1501,1511,41240000
output.ixion,1502,1514,41100000
output.ixion,1503,1517,40970000
output.ixion,1504,1520,40830000
output.ixion,1505,1523,40690000
output.ixion,1506,1526,40550000
output.ixion,1507,1529,40410000
output.ixion,1508,1532,40280000
output.ixion,1509,1535,40140000
output.ixion,1510,1538,40000000
output.ixion,1511,1541,39860000
output.ixion,1512,1544,39720000
output.ixion,1513,1547,39590000
output.ixion,1514,1550,39450000
output.ixion,1515,1553,39310000
output.ixion,1516,1556,39170000
output.ixion,1517,1559,39030000
output.ixion,1518,1562,38900000
output.ixion,1519,1565,38760000
output.ixion,1520,1568,38620000
output.ixion,1521,1571,38480000
output.ixion,1522,1574,38340000
output.ixion,1523,1577,38210000
output.ixion,1524,1580,38070000
output.ixion,1525,1583,37930000
output.ixion,1526,1586,37790000
output.ixion,1527,1589,37660000
output.ixion,1528,1592,37520000
output.ixion,1529,1595,37380000
output.ixion,1530,1598,37240000
output.ixion,1531,1601,37100000
output.ixion,1532,1604,36970000
output.ixion,1533,1607,36830000
output.ixion,1534,1610,36690000
output.ixion,1535,1613,36550000
output.ixion,1536,1616,36410000
output.ixion,1537,1619,36280000
output.ixion,1538,1622,36140000
output.ixion,1539,1625,36000000
output.ixion,1540,1628,35860000
output.ixion,1541,1631,35720000
output.ixion,1542,1634,35590000
output.ixion,1543,1637,35450000
output.ixion,1544,1640,35310000
output.ixion,1545,1643,35170000
output.ixion,1546,1646,35030000
output.ixion,1547,1649,34900000
output.ixion,1548,1652,34760000
output.ixion,1549,1655,34620000
output.ixion,1550,1658,34480000
output.ixion,1551,1661,34340000
output.ixion,1552,1664,34210000
output.ixion,1553,1667,34070000
output.ixion,1554,1670,33930000
output.ixion,1555,1673,33790000
output.ixion,1556,1676,33660000
output.ixion,1557,1679,33520000
output.ixion,1558,1682,33380000
output.ixion,1559,1685,33240000
output.ixion,1560,1688,33100000
output.ixion,1561,1691,32970000
output.ixion,1562,1694,32830000
output.ixion,1563,1697,32690000
output.ixion,1564,1700,32550000
output.ixion,1565,1703,32410000
output.ixion,1566,1706,32280000
output.ixion,1567,1709,32140000
output.ixion,1568,1712,32000000
output.ixion,1569,1715,31860000
output.ixion,1570,1718,31720000
output.ixion,1571,1721,31590000
output.ixion,1572,1724,31450000
output.ixion,1573,1727,31310000
output.ixion,1574,1730,31170000
output.ixion,1575,1733,31030000
output.ixion,1576,1736,30900000
output.ixion,1577,1739,30760000
output.ixion,1578,1742,30620000
output.ixion,1579,1745,30480000
output.ixion,1580,1748,30340000
output.ixion,1581,1751,30210000
output.ixion,1582,1754,30070000
output.ixion,1583,1757,29930000
output.ixion,1584,1760,29790000
output.ixion,1585,1763,29660000
output.ixion,1586,1766,29520000
output.ixion,1587,1769,29380000
output.ixion,1588,1772,29240000
output.ixion,1589,1775,29100000
output.ixion,1590,1778,28970000
output.ixion,1591,1781,28830000
output.ixion,1592,1784,28690000
output.ixion,1593,1787,28550000
output.ixion,1594,1790,28410000
output.ixion,1595,1793,28280000
output.ixion,1596,1796,28140000
output.ixion,1597,1799,28000000
output.ixion,1598,1802,27860000
output.ixion,1599,1805,27720000
output.ixion,1600,1808,27590000
output.ixion,1601,1811,27450000
output.ixion,1602,1814,27310000
output.ixion,1603,1817,27170000
output.ixion,1604,1820,27030000
output.ixion,1605,1823,26900000
output.ixion,1606,1826,26760000
output.ixion,1607,1829,26620000
output.ixion,1608,1832,26480000
output.ixion,1609,1835,26340000
output.ixion,1610,1838,26210000
output.ixion,1611,1841,26070000
output.ixion,1612,1844,25930000
output.ixion,1613,1847,25790000
output.ixion,1614,1850,25660000
output.ixion,1615,1853,25520000
output.ixion,1616,1856,25380000
output.ixion,1617,1859,25240000
output.ixion,1618,1862,25100000
output.ixion,1619,1865,24970000
output.ixion,1620,1868,24830000
output.ixion,1621,1871,24690000
output.ixion,1622,1874,24550000
output.ixion,1623,1877,24410000
output.ixion,1624,1880,24280000
output.ixion,1625,1883,24140000
output.ixion,1626,1886,24000000
output.ixion,1627,1889,23860000
output.ixion,1628,1892,23720000
output.ixion,1629,1895,23590000
output.ixion,1630,1898,23450000
output.ixion,1631,1901,23310000
output.ixion,1632,1904,23170000
output.ixion,1633,1907,23030000
output.ixion,1634,1910,22900000
output.ixion,1635,1913,22760000
output.ixion,1636,1916,22620000
output.ixion,1637,1919,22480000
output.ixion,1638,1922,22340000
output.ixion,1639,1925,22210000
output.ixion,1640,1928,22070000
output.ixion,1641,1931,21930000
output.ixion,1642,1934,21790000
output.ixion,1643,1937,21660000
output.ixion,1644,1940,21520000
output.ixion,1645,1943,21380000
output.ixion,1646,1946,21240000
output.ixion,1647,1949,21100000
output.ixion,1648,1952,20970000
output.ixion,1649,1955,20830000
output.ixion,1650,1958,20690000
output.ixion,1651,1961,20550000
output.ixion,1652,1964,20410000
output.ixion,1653,1967,20280000
output.ixion,1654,1970,20140000
output.ixion,1655,1973,20000000
output.ixion,1656,1976,19860000
output.ixion,1657,1979,19720000
output.ixion,1658,1982,19590000
output.ixion,1659,1985,19450000
output.ixion,1660,1988,19310000
output.ixion,1661,1991,19170000
output.ixion,1662,1994,19030000
output.ixion,1663,1997,18900000
output.ixion,1664,2000,18760000
output.ixion,1665,2003,18620000
output.ixion,1666,2006,18480000
output.ixion,1667,2009,18340000
output.ixion,1668,2012,18210000
output.ixion,1669,2015,18070000
output.ixion,1670,2018,17930000
output.ixion,1671,2021,17790000
output.ixion,1672,2024,17660000
output.ixion,1673,2027,17520000
output.ixion,1674,2030,17380000
output.ixion,1675,2033,17240000
output.ixion,1676,2036,17100000
output.ixion,1677,2039,16970000
output.ixion,1678,2042,16830000
output.ixion,1679,2045,16690000
output.ixion,1680,2048,16550000
output.ixion,1681,2051,16410000
output.ixion,1682,2054,16280000
output.ixion,1683,2057,16140000
output.ixion,1684,2060,16000000
output.ixion,1685,2063,15860000
output.ixion,1686,2066,15720000
output.ixion,1687,2069,15590000
output.ixion,1688,2072,15450000
output.ixion,1689,2075,15310000
output.ixion,1690,2078,15170000
output.ixion,1691,2081,15030000
output.ixion,1692,2084,14900000
output.ixion,1693,2087,14760000
output.ixion,1694,2090,14620000
output.ixion,1695,2093,14480000
output.ixion,1696,2096,14340000
output.ixion,1697,2099,14210000
output.ixion,1698,2102,14070000
output.ixion,1699,2105,13930000
output.ixion,1700,2108,13790000
output.ixion,1701,2111,13660000
output.ixion,1702,2114,13520000
output.ixion,1703,2117,13380000
output.ixion,1704,2120,13240000
output.ixion,1705,2123,13100000
output.ixion,1706,2126,12970000
output.ixion,1707,2129,12830000
output.ixion,1708,2132,12690000
output.ixion,1709,2135,12550000
output.ixion,1710,2138,12410000
output.ixion,1711,2141,12280000
output.ixion,1712,2144,12140000
output.ixion,1713,2147,12000000
output.ixion,1714,2150,11860000
output.ixion,1715,2153,11720000
output.ixion,1716,2156,11590000
output.ixion,1717,2159,11450000
output.ixion,1718,2162,11310000
output.ixion,1719,2165,11170000
output.ixion,1720,2168,11030000
output.ixion,1721,2171,10900000
output.ixion,1722,2174,10760000
output.ixion,1723,2177,10620000
output.ixion,1724,2180,10480000
output.ixion,1725,2183,10340000
output.ixion,1726,2186,10210000
output.ixion,1727,2189,10070000
output.ixion,1728,2192,9931000
output.ixion,1729,2195,9793000
output.ixion,1730,2198,9655000
output.ixion,1731,2201,9517000
output.ixion,1732,2204,9379000
output.ixion,1733,2207,9241000
output.ixion,1734,2210,9103000
output.ixion,1735,2213,8966000
output.ixion,1736,2216,8828000
output.ixion,1737,2219,8690000
output.ixion,1738,2222,8552000
output.ixion,1739,2225,8414000
output.ixion,1740,2228,8276000
output.ixion,1741,2231,8138000
output.ixion,1742,2234,8000000
output.ixion,1743,2237,7862000
output.ixion,1744,2240,7724000
output.ixion,1745,2243,7586000
output.ixion,1746,2246,7448000
output.ixion,1747,2249,7310000
output.ixion,1748,2252,7172000
output.ixion,1749,2255,7034000
output.ixion,1750,2258,6897000
output.ixion,1751,2261,6759000
output.ixion,1752,2264,6621000
output.ixion,1753,2267,6483000
output.ixion,1754,2270,6345000
output.ixion,1755,2273,6207000
output.ixion,1756,2276,6069000
output.ixion,1757,2279,5931000
output.ixion,1758,2282,5793000
output.ixion,1759,2285,5655000
output.ixion,1760,2288,5517000
output.ixion,1761,2291,5379000
output.ixion,1762,2294,5241000
output.ixion,1763,2297,5103000
output.ixion,1764,2300,4966000
output.ixion,1765,2303,4828000
output.ixion,1766,2306,4690000
output.ixion,1767,2309,4552000
output.ixion,1768,2312,4414000
output.ixion,1769,2315,4276000
output.ixion,1770,2318,4138000
output.ixion,1771,2321,4000000
output.ixion,1772,2324,3862000
output.ixion,1773,2327,3724000
output.ixion,1774,2330,3586000
output.ixion,1775,2333,3448000
output.ixion,1776,2336,3310000
output.ixion,1777,2339,3172000
output.ixion,1778,2342,3034000
output.ixion,1779,2345,2897000
output.ixion,1780,2348,2759000
output.ixion,1781,2351,2621000
output.ixion,1782,2354,2483000
output.ixion,1783,2357,2345000
output.ixion,1784,2360,2207000
output.ixion,1785,2363,2069000
output.ixion,1786,2366,1931000
output.ixion,1787,2369,1793000
output.ixion,1788,2372,1655000
output.ixion,1789,2375,1517000
output.ixion,1790,2378,1379000
output.ixion,1791,2381,1241000
output.ixion,1792,2384,1103000
output.ixion,1793,2387,965500
output.ixion,1794,2390,827600
output.ixion,1795,2393,689700
output.ixion,1796,2396,551700
output.ixion,1797,2399,413800
output.ixion,1798,2402,275900
output.ixion,1799,2405,137900
output.ixion,1800,2408,0
output.juno,1,10,1300000000
output.juno,2,10.05,1299000000
output.juno,3,10.1,1299000000
output.juno,4,10.15,1299000000
output.juno,5,10.2,1299000000
output.juno,6,10.25,1298000000
output.juno,7,10.3,1298000000
output.juno,8,10.35,1298000000
output.juno,9,10.4,1297000000
output.juno,10,10.45,1297000000
output.juno,11,10.5,1297000000
output.juno,12,10.55,1297000000
output.juno,13,10.6,1296000000
output.juno,14,10.65,1296000000
output.juno,15,10.7,1296000000
output.juno,16,10.75,1295000000
output.juno,17,10.8,1295000000
output.juno,18,10.85,1295000000
output.juno,19,10.9,1295000000
output.juno,20,10.95,1294000000
output.juno,21,11,1294000000
output.juno,22,11.05,1294000000
output.juno,23,11.1,1293000000
output.juno,24,11.15,1293000000
output.juno,25,11.2,1293000000
output.juno,26,11.25,1293000000
output.juno,27,11.3,1292000000
output.juno,28,11.35,1292000000
output.juno,29,11.4,1292000000
output.juno,30,11.45,1291000000
output.juno,31,11.5,1291000000
output.juno,32,11.55,1291000000
output.juno,33,11.6,1291000000
output.juno,34,11.65,1290000000
output.juno,35,11.7,1290000000
output.juno,36,11.75,1290000000
output.juno,37,11.8,1289000000
output.juno,38,11.85,1289000000
output.juno,39,11.9,1289000000
output.juno,40,11.95,1289000000
output.juno,41,12,1288000000
output.juno,42,12.05,1288000000
output.juno,43,12.1,1288000000
output.juno,44,12.15,1287000000
output.juno,45,12.2,1287000000
output.juno,46,12.25,1287000000
output.juno,47,12.3,1287000000
output.juno,48,12.35,1286000000
output.juno,49,12.4,1286000000
output.juno,50,12.45,1286000000
output.juno,51,12.5,1285000000
output.juno,52,12.55,1285000000
output.juno,53,12.6,1285000000
output.juno,54,12.65,1285000000
output.juno,55,12.7,1284000000
output.juno,56,12.75,1284000000
output.juno,57,12.8,1284000000
output.juno,58,12.85,1283000000
output.juno,59,12.9,1283000000
output.juno,60,12.95,1283000000
output.juno,61,13,1283000000
output.juno,62,13.05,1282000000
output.juno,63,13.1,1282000000
output.juno,64,13.15,1282000000
output.juno,65,13.2,1281000000
output.juno,66,13.25,1281000000
output.juno,67,13.3,1281000000
output.juno,68,13.35,1281000000
output.juno,69,13.4,1280000000
output.juno,70,13.45,1280000000
output.juno,71,13.5,1280000000
output.juno,72,13.55,1279000000
output.juno,73,13.6,1279000000
output.juno,74,13.65,1279000000
output.juno,75,13.7,1279000000
output.juno,76,13.75,1278000000
output.juno,77,13.8,1278000000
output.juno,78,13.85,1278000000
output.juno,79,13.9,1277000000
output.juno,80,13.95,1277000000
output.juno,81,14,1277000000
output.juno,82,14.05,1277000000
output.juno,83,14.1,1276000000
output.juno,84,14.15,1276000000
output.juno,85,14.2,1276000000
output.juno,86,14.25,1275000000
output.juno,87,14.3,1275000000
output.juno,88,14.35,1275000000
output.juno,89,14.4,1275000000
output.juno,90,14.45,1274000000
output.juno,91,14.5,1274000000
output.juno,92,14.55,1274000000
output.juno,93,14.6,1273000000
output.juno,94,14.65,1273000000
output.juno,95,14.7,1273000000
output.juno,96,14.75,1273000000
output.juno,97,14.8,1272000000
output.juno,98,14.85,1272000000
output.juno,99,14.9,1272000000
output.juno,100,14.95,1271000000
output.juno,101,15,1271000000
output.juno,102,15.05,1271000000
output.juno,103,15.1,1271000000
output.juno,104,15.15,1270000000
output.juno,105,15.2,1270000000
output.juno,106,15.25,1270000000
output.juno,107,15.3,1269000000
output.juno,108,15.35,1269000000
output.juno,109,15.4,1269000000
output.juno,110,15.45,1269000000
output.juno,111,15.5,1268000000
output.juno,112,15.55,1268000000
output.juno,113,15.6,1268000000
output.juno,114,15.65,1267000000
output.juno,115,15.7,1267000000
output.juno,116,15.75,1267000000
output.juno,117,15.8,1267000000
output.juno,118,15.85,1266000000
output.juno,119,15.9,1266000000
output.juno,120,15.95,1266000000
output.juno,121,16,1265000000
output.juno,122,16.05,1265000000
output.juno,123,16.1,1265000000
output.juno,124,16.15,1265000000
output.juno,125,16.2,1264000000
output.juno,126,16.25,1264000000
output.juno,127,16.3,1264000000
output.juno,128,16.35,1263000000
output.juno,129,16.4,1263000000
output.juno,130,16.45,1263000000
output.juno,131,16.5,1263000000
output.juno,132,16.55,1262000000
output.juno,133,16.6,1262000000
output.juno,134,16.65,1262000000
output.juno,135,16.7,1261000000
output.juno,136,16.75,1261000000
output.juno,137,16.8,1261000000
output.juno,138,16.85,1261000000
output.juno,139,16.9,1260000000
output.juno,140,16.95,1260000000
output.juno,141,17,1260000000
output.juno,142,17.05,1259000000
output.juno,143,17.1,1259000000
output.juno,144,17.15,1259000000
output.juno,145,17.2,1259000000
output.juno,146,17.25,1258000000
output.juno,147,17.3,1258000000
output.juno,148,17.35,1258000000
output.juno,149,17.4,1257000000
output.juno,150,17.45,1257000000
output.juno,151,17.5,1257000000
output.juno,152,17.55,1257000000
output.juno,153,17.6,1256000000
output.juno,154,17.65,1256000000
output.juno,155,17.7,1256000000
output.juno,156,17.75,1255000000
output.juno,157,17.8,1255000000
output.juno,158,17.85,1255000000
output.juno,159,17.9,1255000000
output.juno,160,17.95,1254000000
output.juno,161,18,1254000000
output.juno,162,18.05,1254000000
output.juno,163,18.1,1253000000
output.juno,164,18.15,1253000000
output.juno,165,18.2,1253000000
output.juno,166,18.25,1253000000
output.juno,167,18.3,1252000000
output.juno,168,18.35,1252000000
output.juno,169,18.4,1252000000
output.juno,170,18.45,1251000000
output.juno,171,18.5,1251000000
output.juno,172,18.55,1251000000
output.juno,173,18.6,1251000000
output.juno,174,18.65,1250000000
output.juno,175,18.7,1250000000
output.juno,176,18.75,1250000000
output.juno,177,18.8,1249000000
output.juno,178,18.85,1249000000
output.juno,179,18.9,1249000000
output.juno,180,18.95,1249000000
output.juno,181,19,1248000000
output.juno,182,19.05,1248000000
output.juno,183,19.1,1248000000
output.juno,184,19.15,1247000000
output.juno,185,19.2,1247000000
output.juno,186,19.25,1247000000
output.juno,187,19.3,1247000000
output.juno,188,19.35,1246000000
output.juno,189,19.4,1246000000
output.juno,190,19.45,1246000000
output.juno,191,19.5,1245000000
output.juno,192,19.55,1245000000
output.juno,193,19.6,1245000000
output.juno,194,19.65,1245000000
output.juno,195,19.7,1244000000
output.juno,196,19.75,1244000000
output.juno,197,19.8,1244000000
output.juno,198,19.85,1243000000
output.juno,199,19.9,1243000000
output.juno,200,19.95,1243000000
output.juno,201,20,1243000000
output.juno,202,20.05,1242000000
output.juno,203,20.1,1242000000
output.juno,204,20.15,1242000000
output.juno,205,20.2,1241000000
output.juno,206,20.25,1241000000
output.juno,207,20.3,1241000000
output.juno,208,20.35,1241000000
output.juno,209,20.4,1240000000
output.juno,210,20.45,1240000000
output.juno,211,20.5,1240000000
output.juno,212,20.55,1239000000
output.juno,213,20.6,1239000000
output.juno,214,20.65,1239000000
output.juno,215,20.7,1239000000
output.juno,216,20.75,1238000000
output.juno,217,20.8,1238000000
output.juno,218,20.85,1238000000
output.juno,219,20.9,1237000000
output.juno,220,20.95,1237000000
output.juno,221,21,1237000000
output.juno,222,21.05,1237000000
output.juno,223,21.1,1236000000
output.juno,224,21.15,1236000000
output.juno,225,21.2,1236000000
output.juno,226,21.25,1235000000
output.juno,227,21.3,1235000000
output.juno,228,21.35,1235000000
output.juno,229,21.4,1235000000
output.juno,230,21.45,1234000000
output.juno,231,21.5,1234000000
output.juno,232,21.55,1234000000
output.juno,233,21.6,1233000000
output.juno,234,21.65,1233000000
output.juno,235,21.7,1233000000
output.juno,236,21.75,1233000000
output.juno,237,21.8,1232000000
output.juno,238,21.85,1232000000
output.juno,239,21.9,1232000000
output.juno,240,21.95,1231000000
output.juno,241,22,1231000000
output.juno,242,22.05,1231000000
output.juno,243,22.1,1231000000
output.juno,244,22.15,1230000000
output.juno,245,22.2,1230000000
output.juno,246,22.25,1230000000
output.juno,247,22.3,1229000000
output.juno,248,22.35,1229000000
output.juno,249,22.4,1229000000
output.juno,250,22.45,1229000000
output.juno,251,22.5,1228000000
output.juno,252,22.55,1228000000
output.juno,253,22.6,1228000000
output.juno,254,22.65,1227000000
output.juno,255,22.7,1227000000
output.juno,256,22.75,1227000000
output.juno,257,22.8,1227000000
output.juno,258,22.85,1226000000
output.juno,259,22.9,1226000000
output.juno,260,22.95,1226000000
output.juno,261,23,1225000000
output.juno,262,23.05,1225000000
output.juno,263,23.1,1225000000
output.juno,264,23.15,1225000000
output.juno,265,23.2,1224000000
output.juno,266,23.25,1224000000
output.juno,267,23.3,1224000000
output.juno,268,23.35,1223000000
output.juno,269,23.4,1223000000
output.juno,270,23.45,1223000000
output.juno,271,23.5,1223000000
output.juno,272,23.55,1222000000
output.juno,273,23.6,1222000000
output.juno,274,23.65,1222000000
output.juno,275,23.7,1221000000
output.juno,276,23.75,1221000000
output.juno,277,23.8,1221000000
output.juno,278,23.85,1221000000
output.juno,279,23.9,1220000000
output.juno,280,23.95,1220000000
output.juno,281,24,1220000000
output.juno,282,24.05,1219000000
output.juno,283,24.1,1219000000
output.juno,284,24.15,1219000000
output.juno,285,24.2,1219000000
output.juno,286,24.25,1218000000
output.juno,287,24.3,1218000000
output.juno,288,24.35,1218000000
output.juno,289,24.4,1217000000
output.juno,290,24.45,1217000000
output.juno,291,24.5,1217000000
output.juno,292,24.55,1217000000
output.juno,293,24.6,1216000000
output.juno,294,24.65,1216000000
output.juno,295,24.7,1216000000
output.juno,296,24.75,1215000000
output.juno,297,24.8,1215000000
output.juno,298,24.85,1215000000
output.juno,299,24.9,1215000000
output.juno,300,24.95,1214000000
output.juno,301,25,1214000000
output.juno,302,25.05,1214000000
output.juno,303,25.1,1213000000
output.juno,304,25.15,1213000000
output.juno,305,25.2,1213000000
output.juno,306,25.25,1213000000
output.juno,307,25.3,1212000000
output.juno,308,25.35,1212000000
output.juno,309,25.4,1212000000
output.juno,310,25.45,1211000000
output.juno,311,25.5,1211000000
output.juno,312,25.55,1211000000
output.juno,313,25.6,1211000000
output.juno,314,25.65,1210000000
output.juno,315,25.7,1210000000
output.juno,316,25.75,1210000000
output.juno,317,25.8,1209000000
output.juno,318,25.85,1209000000
output.juno,319,25.9,1209000000
output.juno,320,25.95,1209000000
output.juno,321,26,1208000000
output.juno,322,26.05,1208000000
output.juno,323,26.1,1208000000
output.juno,324,26.15,1207000000
output.juno,325,26.2,1207000000
output.juno,326,26.25,1207000000
output.juno,327,26.3,1207000000
output.juno,328,26.35,1206000000
output.juno,329,26.4,1206000000
output.juno,330,26.45,1206000000
output.juno,331,26.5,1205000000
output.juno,332,26.55,1205000000
output.juno,333,26.6,1205000000
output.juno,334,26.65,1205000000
output.juno,335,26.7,1204000000
output.juno,336,26.75,1204000000
output.juno,337,26.8,1204000000
output.juno,338,26.85,1203000000
output.juno,339,26.9,1203000000
output.juno,340,26.95,1203000000
output.juno,341,27,1203000000
output.juno,342,27.05,1202000000
output.juno,343,27.1,1202000000
output.juno,344,27.15,1202000000
output.juno,345,27.2,1201000000
output.juno,346,27.25,1201000000
output.juno,347,27.3,1201000000
output.juno,348,27.35,1201000000
output.juno,349,27.4,1200000000
output.juno,350,27.45,1200000000
output.juno,351,27.5,1200000000
output.juno,352,27.55,1200000000
output.juno,353,27.6,1200000000
output.juno,354,27.65,1200000000
output.juno,355,27.7,1199000000
output.juno,356,27.75,1199000000
output.juno,357,27.8,1199000000
output.juno,358,27.85,1199000000
output.juno,359,27.9,1199000000
output.juno,360,27.95,1199000000
output.juno,361,28,1199000000
output.juno,362,28.05,1199000000
output.juno,363,28.1,1198000000
output.juno,364,28.15,1198000000
output.juno,365,28.2,1198000000
output.juno,366,28.25,1198000000
output.juno,367,28.3,1198000000
output.juno,368,28.35,1198000000
output.juno,369,28.4,1198000000
output.juno,370,28.45,1198000000
output.juno,371,28.5,1198000000
output.juno,372,28.55,1197000000
output.juno,373,28.6,1197000000
output.juno,374,28.65,1197000000
output.juno,375,28.7,1197000000
output.juno,376,28.75,1197000000
output.juno,377,28.8,1197000000
output.juno,378,28.85,1197000000
output.juno,379,28.9,1197000000
output.juno,380,28.95,1196000000
output.juno,381,29,1196000000
output.juno,382,29.05,1196000000
output.juno,383,29.1,1196000000
output.juno,384,29.15,1196000000
output.juno,385,29.2,1196000000
output.juno,386,29.25,1196000000
output.juno,387,29.3,1196000000
output.juno,388,29.35,1196000000
output.juno,389,29.4,1195000000
output.juno,390,29.45,1195000000
output.juno,391,29.5,1195000000
output.juno,392,29.55,1195000000
output.juno,393,29.6,1195000000
output.juno,394,29.65,1195000000
output.juno,395,29.7,1195000000
output.juno,396,29.75,1195000000
output.juno,397,29.8,1194000000
output.juno,398,29.85,1194000000
output.juno,399,29.9,1194000000
output.juno,400,29.95,1194000000
output.juno,401,30,1194000000
output.juno,402,30.05,1194000000
output.juno,403,30.1,1194000000
output.juno,404,30.15,1194000000
output.juno,405,30.2,1194000000
output.juno,406,30.25,1193000000
output.juno,407,30.3,1193000000
output.juno,408,30.35,1193000000
output.juno,409,30.4,1193000000
output.juno,410,30.45,1193000000
output.juno,411,30.5,1193000000
output.juno,412,30.55,1193000000
output.juno,413,30.6,1193000000
output.juno,414,30.65,1192000000
output.juno,415,30.7,1192000000
output.juno,416,30.75,1192000000
output.juno,417,30.8,1192000000
output.juno,418,30.85,1192000000
output.juno,419,30.9,1192000000
output.juno,420,30.95,1192000000
output.juno,421,31,1192000000
output.juno,422,31.05,1192000000
output.juno,423,31.1,1191000000
output.juno,424,31.15,1191000000
output.juno,425,31.2,1191000000
output.juno,426,31.25,1191000000
output.juno,427,31.3,1191000000
output.juno,428,31.35,1191000000
output.juno,429,31.4,1191000000
output.juno,430,31.45,1191000000
output.juno,431,31.5,1190000000
output.juno,432,31.55,1190000000
output.juno,433,31.6,1190000000
output.juno,434,31.65,1190000000
output.juno,435,31.7,1190000000
output.juno,436,31.75,1190000000
output.juno,437,31.8,1190000000
output.juno,438,31.85,1190000000
output.juno,439,31.9,1190000000
output.juno,440,31.95,1189000000
output.juno,441,32,1189000000
output.juno,442,32.05,1189000000
output.juno,443,32.1,1189000000
output.juno,444,32.15,1189000000
output.juno,445,32.2,1189000000
output.juno,446,32.25,1189000000
output.juno,447,32.3,1189000000
output.juno,448,32.35,1188000000
output.juno,449,32.4,1188000000
output.juno,450,32.45,1188000000
output.juno,451,32.5,1188000000
output.juno,452,32.55,1188000000
output.juno,453,32.6,1188000000
output.juno,454,32.65,1188000000
output.juno,455,32.7,1188000000
output.juno,456,32.75,1188000000
output.juno,457,32.8,1187000000
output.juno,458,32.85,1187000000
output.juno,459,32.9,1187000000
output.juno,460,32.95,1187000000
output.juno,461,33,1187000000
output.juno,462,33.05,1187000000
output.juno,463,33.1,1187000000
output.juno,464,33.15,1187000000
output.juno,465,33.2,1186000000
output.juno,466,33.25,1186000000
output.juno,467,33.3,1186000000
output.juno,468,33.35,1186000000
output.juno,469,33.4,1186000000
output.juno,470,33.45,1186000000
output.juno,471,33.5,1186000000
output.juno,472,33.55,1186000000
output.juno,473,33.6,1186000000
output.juno,474,33.65,1185000000
output.juno,475,33.7,1185000000
output.juno,476,33.75,1185000000
output.juno,477,33.8,1185000000
output.juno,478,33.85,1185000000
output.juno,479,33.9,1185000000
output.juno,480,33.95,1185000000
output.juno,481,34,1185000000
output.juno,482,34.05,1184000000
output.juno,483,34.1,1184000000
output.juno,484,34.15,1184000000
output.juno,485,34.2,1184000000
output.juno,486,34.25,1184000000
output.juno,487,34.3,1184000000
output.juno,488,34.35,1184000000
output.juno,489,34.4,1184000000
output.juno,490,34.45,1184000000
output.juno,491,34.5,1183000000
output.juno,492,34.55,1183000000
output.juno,493,34.6,1183000000
output.juno,494,34.65,1183000000
output.juno,495,34.7,1183000000
output.juno,496,34.75,1183000000
output.juno,497,34.8,1183000000
output.juno,498,34.85,1183000000
output.juno,499,34.9,1182000000
output.juno,500,34.95,1182000000
output.juno,501,35,1182000000
output.juno,502,35.05,1182000000
output.juno,503,35.1,1182000000
output.juno,504,35.15,1182000000
output.juno,505,35.2,1182000000
output.juno,506,35.25,1182000000
output.juno,507,35.3,1182000000
output.juno,508,35.35,1181000000
output.juno,509,35.4,1181000000
output.juno,510,35.45,1181000000
output.juno,511,35.5,1181000000
output.juno,512,35.55,1181000000
output.juno,513,35.6,1181000000
output.juno,514,35.65,1181000000
output.juno,515,35.7,1181000000
output.juno,516,35.75,1180000000
output.juno,517,35.8,1180000000
output.juno,518,35.85,1180000000
output.juno,519,35.9,1180000000
output.juno,520,35.95,1180000000
output.juno,521,36,1180000000
output.juno,522,36.05,1180000000
output.juno,523,36.1,1180000000
output.juno,524,36.15,1180000000
output.juno,525,36.2,1179000000
output.juno,526,36.25,1179000000
output.juno,527,36.3,1179000000
output.juno,528,36.35,1179000000
output.juno,529,36.4,1179000000
output.juno,530,36.45,1179000000
output.juno,531,36.5,1179000000
output.juno,532,36.55,1179000000
output.juno,533,36.6,1178000000
output.juno,534,36.65,1178000000
output.juno,535,36.7,1178000000
output.juno,536,36.75,1178000000
output.juno,537,36.8,1178000000
output.juno,538,36.85,1178000000
output.juno,539,36.9,1178000000
output.juno,540,36.95,1178000000
output.juno,541,37,1178000000
output.juno,542,37.05,1177000000
output.juno,543,37.1,1177000000
output.juno,544,37.15,1177000000
output.juno,545,37.2,1177000000
output.juno,546,37.25,1177000000
output.juno,547,37.3,1177000000
output.juno,548,37.35,1177000000
output.juno,549,37.4,1177000000
output.juno,550,37.45,1176000000
output.juno,551,37.5,1176000000
output.juno,552,37.55,1176000000
output.juno,553,37.6,1176000000
output.juno,554,37.65,1176000000
output.juno,555,37.7,1176000000
output.juno,556,37.75,1176000000
output.juno,557,37.8,1176000000
output.juno,558,37.85,1176000000
output.juno,559,37.9,1175000000
output.juno,560,37.95,1175000000
output.juno,561,38,1175000000
output.juno,562,38.05,1175000000
output.juno,563,38.1,1175000000
output.juno,564,38.15,1175000000
output.juno,565,38.2,1175000000
output.juno,566,38.25,1175000000
output.juno,567,38.3,1174000000
output.juno,568,38.35,1174000000
output.juno,569,38.4,1174000000
output.juno,570,38.45,1174000000
output.juno,571,38.5,1174000000
output.juno,572,38.55,1174000000
output.juno,573,38.6,1174000000
output.juno,574,38.65,1174000000
output.juno,575,38.7,1174000000
output.juno,576,38.75,1173000000
output.juno,577,38.8,1173000000
output.juno,578,38.85,1173000000
output.juno,579,38.9,1173000000
output.juno,580,38.95,1173000000
output.juno,581,39,1173000000
output.juno,582,39.05,1173000000
output.juno,583,39.1,1173000000
output.juno,584,39.15,1172000000
output.juno,585,39.2,1172000000
output.juno,586,39.25,1172000000
output.juno,587,39.3,1172000000
output.juno,588,39.35,1172000000
output.juno,589,39.4,1172000000
output.juno,590,39.45,1172000000
output.juno,591,39.5,1172000000
output.juno,592,39.55,1172000000
output.juno,593,39.6,1171000000
output.juno,594,39.65,1171000000
output.juno,595,39.7,1171000000
output.juno,596,39.75,1171000000
output.juno,597,39.8,1171000000
output.juno,598,39.85,1171000000
output.juno,599,39.9,1171000000
output.juno,600,39.95,1171000000
output.juno,601,40,1170000000
output.juno,602,40.05,1170000000
output.juno,603,40.1,1170000000
output.juno,604,40.15,1170000000
output.juno,605,40.2,1170000000
output.juno,606,40.25,1170000000
output.juno,607,40.3,1170000000
output.juno,608,40.35,1170000000
output.juno,609,40.4,1170000000
output.juno,610,40.45,1169000000
output.juno,611,40.5,1169000000
output.juno,612,40.55,1169000000
output.juno,613,40.6,1169000000
output.juno,614,40.65,1169000000
output.juno,615,40.7,1169000000
output.juno,616,40.75,1169000000
output.juno,617,40.8,1169000000
output.juno,618,40.85,1168000000
output.juno,619,40.9,1168000000
output.juno,620,40.95,1168000000
output.juno,621,41,1168000000
output.juno,622,41.05,1168000000
output.juno,623,41.1,1168000000
output.juno,624,41.15,1168000000
output.juno,625,41.2,1168000000
output.juno,626,41.25,1168000000
output.juno,627,41.3,1167000000
output.juno,628,41.35,1167000000
output.juno,629,41.4,1167000000
output.juno,630,41.45,1167000000
output.juno,631,41.5,1167000000
output.juno,632,41.55,1167000000
output.juno,633,41.6,1167000000
output.juno,634,41.65,1167000000
output.juno,635,41.7,1166000000
output.juno,636,41.75,1166000000
output.juno,637,41.8,1166000000
output.juno,638,41.85,1166000000
output.juno,639,41.9,1166000000
output.juno,640,41.95,1166000000
output.juno,641,42,1166000000
output.juno,642,42.05,1166000000
output.juno,643,42.1,1166000000
output.juno,644,42.15,1165000000
output.juno,645,42.2,1165000000
output.juno,646,42.25,1165000000
output.juno,647,42.3,1165000000
output.juno,648,42.35,1165000000
output.juno,649,42.4,1165000000
output.juno,650,42.45,1165000000
output.juno,651,42.5,1165000000
output.juno,652,42.55,1164000000
output.juno,653,42.6,1164000000
output.juno,654,42.65,1164000000
output.juno,655,42.7,1164000000
output.juno,656,42.75,1164000000
output.juno,657,42.8,1164000000
output.juno,658,42.85,1164000000
output.juno,659,42.9,1164000000
output.juno,660,42.95,1164000000
output.juno,661,43,1163000000
output.juno,662,43.05,1163000000
output.juno,663,43.1,1163000000
output.juno,664,43.15,1163000000
output.juno,665,43.2,1163000000
output.juno,666,43.25,1163000000
output.juno,667,43.3,1163000000
output.juno,668,43.35,1163000000
output.juno,669,43.4,1162000000
output.juno,670,43.45,1162000000
output.juno,671,43.5,1162000000
output.juno,672,43.55,1162000000
output.juno,673,43.6,1162000000
output.juno,674,43.65,1162000000
output.juno,675,43.7,1162000000
output.juno,676,43.75,1162000000
output.juno,677,43.8,1162000000
output.juno,678,43.85,1161000000
output.juno,679,43.9,1161000000
output.juno,680,43.95,1161000000
output.juno,681,44,1161000000
output.juno,682,44.05,1161000000
output.juno,683,44.1,1161000000
output.juno,684,44.15,1161000000
output.juno,685,44.2,1161000000
output.juno,686,44.25,1160000000
output.juno,687,44.3,1160000000
output.juno,688,44.35,1160000000
output.juno,689,44.4,1160000000
output.juno,690,44.45,1160000000
output.juno,691,44.5,1160000000
output.juno,692,44.55,1160000000
output.juno,693,44.6,1160000000
output.juno,694,44.65,1160000000
output.juno,695,44.7,1159000000
output.juno,696,44.75,1159000000
output.juno,697,44.8,1159000000
output.juno,698,44.85,1159000000
output.juno,699,44.9,1159000000
output.juno,700,44.95,1159000000
output.juno,701,45,1159000000
output.juno,702,45.05,1159000000
output.juno,703,45.1,1158000000
output.juno,704,45.15,1158000000
output.juno,705,45.2,1158000000
output.juno,706,45.25,1158000000
output.juno,707,45.3,1158000000
output.juno,708,45.35,1158000000
output.juno,709,45.4,1158000000
output.juno,710,45.45,1158000000
output.juno,711,45.5,1158000000
output.juno,712,45.55,1157000000
output.juno,713,45.6,1157000000
output.juno,714,45.65,1157000000
output.juno,715,45.7,1157000000
output.juno,716,45.75,1157000000
output.juno,717,45.8,1157000000
output.juno,718,45.85,1157000000
output.juno,719,45.9,1157000000
output.juno,720,45.95,1156000000
output.juno,721,46,1156000000
output.juno,722,46.05,1156000000
output.juno,723,46.1,1156000000
output.juno,724,46.15,1156000000
output.juno,725,46.2,1156000000
output.juno,726,46.25,1156000000
output.juno,727,46.3,1156000000
output.juno,728,46.35,1156000000
output.juno,729,46.4,1155000000
output.juno,730,46.45,1155000000
output.juno,731,46.5,1155000000
output.juno,732,46.55,1155000000
output.juno,733,46.6,1155000000
output.juno,734,46.65,1155000000
output.juno,735,46.7,1155000000
output.juno,736,46.75,1155000000
output.juno,737,46.8,1154000000
output.juno,738,46.85,1154000000
output.juno,739,46.9,1154000000
output.juno,740,46.95,1154000000
output.juno,741,47,1154000000
output.juno,742,47.05,1154000000
output.juno,743,47.1,1154000000
output.juno,744,47.15,1154000000
output.juno,745,47.2,1154000000
output.juno,746,47.25,1153000000
output.juno,747,47.3,1153000000
output.juno,748,47.35,1153000000
output.juno,749,47.4,1153000000
output.juno,750,47.45,1153000000
output.juno,751,47.5,1153000000
output.juno,752,47.55,1153000000
output.juno,753,47.6,1153000000
output.juno,754,47.65,1152000000
output.juno,755,47.7,1152000000
output.juno,756,47.75,1152000000
output.juno,757,47.8,1152000000
output.juno,758,47.85,1152000000
output.juno,759,47.9,1152000000
output.juno,760,47.95,1152000000
output.juno,761,48,1152000000
output.juno,762,48.05,1152000000
output.juno,763,48.1,1151000000
output.juno,764,48.15,1151000000
output.juno,765,48.2,1151000000
output.juno,766,48.25,1151000000
output.juno,767,48.3,1151000000
output.juno,768,48.35,1151000000
output.juno,769,48.4,1151000000
output.juno,770,48.45,1151000000
output.juno,771,48.5,1150000000
output.juno,772,48.55,1150000000
output.juno,773,48.6,1150000000
output.juno,774,48.65,1150000000
output.juno,775,48.7,1150000000
output.juno,776,48.75,1150000000
output.juno,777,48.8,1150000000
output.juno,778,48.85,1150000000
output.juno,779,48.9,1150000000
output.juno,780,48.95,1149000000
output.juno,781,49,1149000000
output.juno,782,49.05,1149000000
output.juno,783,49.1,1149000000
output.juno,784,49.15,1149000000
output.juno,785,49.2,1149000000
output.juno,786,49.25,1149000000
output.juno,787,49.3,1149000000
output.juno,788,49.35,1148000000
output.juno,789,49.4,1148000000
output.juno,790,49.45,1148000000
output.juno,791,49.5,1148000000
output.juno,792,49.55,1148000000,1148000000
output.juno,793,49.6,1148000000,1148000000
output.juno,794,49.65,1148000000,1148000000
output.juno,795,49.7,1148000000,1148000000
output.juno,796,49.75,1148000000,1148000000
output.juno,797,49.8,1147000000,1148000000
output.juno,798,49.85,1147000000,1148000000
output.juno,799,49.9,1147000000,1148000000
output.juno,800,49.95,1147000000,1148000000
output.juno,801,50,1147000000,1148000000
output.juno,802,50.05,1147000000,1148000000
output.juno,803,50.1,1147000000,1148000000
output.juno,804,50.15,1147000000,1148000000
output.juno,805,50.2,1146000000,1148000000
output.juno,806,50.25,1146000000,1148000000
output.juno,807,50.3,1146000000,1148000000
output.juno,808,50.35,1146000000,1148000000
output.juno,809,50.4,1146000000,1148000000
output.juno,810,50.45,1146000000,1148000000
output.juno,811,50.5,1146000000,1148000000
output.juno,812,50.55,1146000000,1148000000
output.juno,813,50.6,1146000000,1148000000
output.juno,814,50.65,1145000000,1148000000
output.juno,815,50.7,1145000000,1148000000
output.juno,816,50.75,1145000000,1148000000
output.juno,817,50.8,1145000000,1148000000
output.juno,818,50.85,1145000000,1148000000
output.juno,819,50.9,1145000000,1148000000
output.juno,820,50.95,1145000000,1148000000
output.juno,821,51,1145000000,1148000000
output.juno,822,51.05,1144000000,1148000000
output.juno,823,51.1,1144000000,1148000000
output.juno,824,51.15,1144000000,1148000000
output.juno,825,51.2,1144000000,1148000000
output.juno,826,51.25,1144000000,1148000000
output.juno,827,51.3,1144000000,1148000000
output.juno,828,51.35,1144000000,1148000000
output.juno,829,51.4,1144000000,1148000000
output.juno,830,51.45,1144000000,1148000000
output.juno,831,51.5,1143000000,1148000000
output.juno,832,51.55,1143000000,1148000000
output.juno,833,51.6,1143000000,1148000000
output.juno,834,51.65,1143000000,1148000000
output.juno,835,51.7,1143000000,1148000000
output.juno,836,51.75,1143000000,1148000000
output.juno,837,51.8,1143000000,1148000000
output.juno,838,51.85,1143000000,1148000000
output.juno,839,51.9,1142000000,1148000000
output.juno,840,51.95,1142000000,1148000000
output.juno,841,52,1142000000,1148000000
output.juno,842,52.05,1142000000,1148000000
output.juno,843,52.1,1142000000,1148000000
output.juno,844,52.15,1142000000,1148000000
output.juno,845,52.2,1142000000,1148000000
output.juno,846,52.25,1142000000,1148000000
output.juno,847,52.3,1142000000,1148000000
output.juno,848,52.35,1141000000,1148000000
output.juno,849,52.4,1141000000,1148000000
output.juno,850,52.45,1141000000,1148000000
output.juno,851,52.5,1141000000,1148000000
output.juno,852,52.55,1141000000,1148000000
output.juno,853,52.6,1141000000,1148000000
output.juno,854,52.65,1141000000,1148000000
output.juno,855,52.7,1141000000,1148000000
output.juno,856,52.75,1140000000,1148000000
output.juno,857,52.8,1140000000,1148000000
output.juno,858,52.85,1140000000,1148000000
output.juno,859,52.9,1140000000,1148000000
output.juno,860,52.95,1140000000,1148000000
output.juno,861,53,1140000000,1148000000
output.juno,862,53.05,1140000000,1148000000
output.juno,863,53.1,1140000000,1148000000
output.juno,864,53.15,1140000000,1148000000
output.juno,865,53.2,1139000000,1148000000
output.juno,866,53.25,1139000000,1148000000
output.juno,867,53.3,1139000000,1148000000
output.juno,868,53.35,1139000000,1148000000
output.juno,869,53.4,1139000000,1148000000
output.juno,870,53.45,1139000000,1148000000
output.juno,871,53.5,1139000000,1148000000
output.juno,872,53.55,1139000000,1148000000
output.juno,873,53.6,1138000000,1148000000
output.juno,874,53.65,1138000000,1148000000
output.juno,875,53.7,1138000000,1148000000
output.juno,876,53.75,1138000000,1148000000
output.juno,877,53.8,1138000000,1148000000
output.juno,878,53.85,1138000000,1148000000
output.juno,879,53.9,1138000000,1148000000
output.juno,880,53.95,1138000000,1148000000
output.juno,881,54,1138000000,1148000000
output.juno,882,54.05,1137000000,1148000000
output.juno,883,54.1,1137000000,1148000000
output.juno,884,54.15,1137000000,1148000000
output.juno,885,54.2,1137000000,1148000000
output.juno,886,54.25,1137000000,1148000000
output.juno,887,54.3,1137000000,1148000000
output.juno,888,54.35,1137000000,1148000000
output.juno,889,54.4,1137000000,1148000000
output.juno,890,54.45,1136000000,1148000000
output.juno,891,54.5,1136000000,1148000000
output.juno,892,54.55,1136000000,1148000000
output.juno,893,54.6,1136000000,1148000000
output.juno,894,54.65,1136000000,1148000000
output.juno,895,54.7,1136000000,1148000000
output.juno,896,54.75,1136000000,1148000000
output.juno,897,54.8,1136000000,1148000000
output.juno,898,54.85,1136000000,1148000000
output.juno,899,54.9,1135000000,1148000000
output.juno,900,54.95,1135000000,1148000000
output.juno,901,55,1135000000,1148000000
output.juno,902,55.05,1135000000,1148000000
output.juno,903,55.1,1135000000,1148000000
output.juno,904,55.15,1135000000,1148000000
output.juno,905,55.2,1135000000,1148000000
output.juno,906,55.25,1135000000,1148000000
output.juno,907,55.3,1134000000,1148000000
output.juno,908,55.35,1134000000,1148000000
output.juno,909,55.4,1134000000,1148000000
output.juno,910,55.45,1134000000,1148000000
output.juno,911,55.5,1134000000,1148000000
output.juno,912,55.55,1134000000,1148000000
output.juno,913,55.6,1134000000,1148000000
output.juno,914,55.65,1134000000,1148000000
output.juno,915,55.7,1134000000,1148000000
output.juno,916,55.75,1133000000,1148000000
output.juno,917,55.8,1133000000,1148000000
output.juno,918,55.85,1133000000,1148000000
output.juno,919,55.9,1133000000,1148000000
output.juno,920,55.95,1133000000,1148000000
output.juno,921,56,1133000000,1148000000
output.juno,922,56.05,1133000000,1148000000
output.juno,923,56.1,1133000000,1148000000
output.juno,924,56.15,1132000000,1148000000
output.juno,925,56.2,1132000000,1148000000
output.juno,926,56.25,1132000000,1148000000
output.juno,927,56.3,1132000000,1148000000
output.juno,928,56.35,1132000000,1148000000
output.juno,929,56.4,1132000000,1148000000
output.juno,930,56.45,1132000000,1148000000
output.juno,931,56.5,1132000000,1148000000
output.juno,932,56.55,1132000000,1148000000
output.juno,933,56.6,1131000000,1148000000
output.juno,934,56.65,1131000000,1148000000
output.juno,935,56.7,1131000000,1148000000
output.juno,936,56.75,1131000000,1148000000
output.juno,937,56.8,1131000000,1148000000
output.juno,938,56.85,1131000000,1148000000
output.juno,939,56.9,1131000000,1148000000
output.juno,940,56.95,1131000000,1148000000
output.juno,941,57,1130000000,1148000000
output.juno,942,57.05,1130000000,1148000000
output.juno,943,57.1,1130000000,1148000000
output.juno,944,57.15,1130000000,1148000000
output.juno,945,57.2,1130000000,1148000000
output.juno,946,57.25,1130000000,1148000000
output.juno,947,57.3,1130000000,1148000000
output.juno,948,57.35,1130000000,1148000000
output.juno,949,57.4,1130000000,1148000000
output.juno,950,57.45,1129000000,1148000000
output.juno,951,57.5,1129000000,1148000000
output.juno,952,57.55,1129000000,1148000000
output.juno,953,57.6,1129000000,1148000000
output.juno,954,57.65,1129000000,1148000000
output.juno,955,57.7,1129000000,1148000000
output.juno,956,57.75,1129000000,1148000000
output.juno,957,57.8,1129000000,1148000000
output.juno,958,57.85,1128000000,1148000000
output.juno,959,57.9,1128000000,1148000000
output.juno,960,57.95,1128000000,1148000000
output.juno,961,58,1128000000,1148000000
output.juno,962,58.05,1128000000,1148000000
output.juno,963,58.1,1128000000,1148000000
output.juno,964,58.15,1128000000,1148000000
output.juno,965,58.2,1128000000,1148000000
output.juno,966,58.25,1128000000,1148000000
output.juno,967,58.3,1127000000,1148000000
output.juno,968,58.35,1127000000,1148000000
output.juno,969,58.4,1127000000,1148000000
output.juno,970,58.45,1127000000,1148000000
output.juno,971,58.5,1127000000,1148000000
output.juno,972,58.55,1127000000,1148000000
output.juno,973,58.6,1127000000,1148000000
output.juno,974,58.65,1127000000,1148000000
output.juno,975,58.7,1126000000,1148000000
output.juno,976,58.75,1126000000,1148000000
output.juno,977,58.8,1126000000,1148000000
output.juno,978,58.85,1126000000,1148000000
output.juno,979,58.9,1126000000,1148000000
output.juno,980,58.95,1126000000,1148000000
output.juno,981,59,1126000000,1148000000
output.juno,982,59.05,1126000000,1148000000
output.juno,983,59.1,1126000000,1148000000
output.juno,984,59.15,1125000000,1148000000
output.juno,985,59.2,1125000000,1148000000
output.juno,986,59.25,1125000000,1148000000
output.juno,987,59.3,1125000000,1148000000
output.juno,988,59.35,1125000000,1148000000
output.juno,989,59.4,1125000000,1148000000
output.juno,990,59.45,1125000000,1148000000
output.juno,991,59.5,1125000000,1148000000
output.juno,992,59.55,1124000000,1148000000
output.juno,993,59.6,1124000000,1148000000
output.juno,994,59.65,1124000000,1148000000
output.juno,995,59.7,1124000000,1148000000
output.juno,996,59.75,1124000000,1148000000
output.juno,997,59.8,1124000000,1148000000
output.juno,998,59.85,1124000000,1148000000
output.juno,999,59.9,1124000000,1148000000
output.juno,1000,59.95,1124000000,1148000000
output.juno,1001,150,1123000000
output.juno,1002,155,1123000000
output.juno,1003,160,1123000000
output.juno,1004,165,1123000000
output.juno,1005,170,1123000000
output.juno,1006,175,1123000000
output.juno,1007,180,1123000000
output.juno,1008,185,1123000000
output.juno,1009,190,1122000000
output.juno,1010,195,1122000000
output.juno,1011,200,1122000000
output.juno,1012,205,1122000000
output.juno,1013,210,1122000000
output.juno,1014,215,1122000000
output.juno,1015,220,1122000000
output.juno,1016,225,1122000000
output.juno,1017,230,1122000000
output.juno,1018,235,1121000000
output.juno,1019,240,1121000000
output.juno,1020,245,1121000000
output.juno,1021,250,1121000000
output.juno,1022,255,1121000000
output.juno,1023,260,1121000000
output.juno,1024,265,1121000000
output.juno,1025,270,1121000000
output.juno,1026,275,1120000000
output.juno,1027,280,1120000000
output.juno,1028,285,1120000000
output.juno,1029,290,1120000000
output.juno,1030,295,1120000000
output.juno,1031,300,1120000000
output.juno,1032,305,1120000000
output.juno,1033,310,1120000000
output.juno,1034,315,1120000000
output.juno,1035,320,1119000000
output.juno,1036,325,1119000000
output.juno,1037,330,1119000000
output.juno,1038,335,1119000000
output.juno,1039,340,1119000000
output.juno,1040,345,1119000000
output.juno,1041,350,1119000000
output.juno,1042,355,1119000000
output.juno,1043,360,1118000000
output.juno,1044,365,1118000000
output.juno,1045,370,1118000000
output.juno,1046,375,1118000000
output.juno,1047,380,1118000000
output.juno,1048,385,1118000000
output.juno,1049,390,1118000000
output.juno,1050,395,1118000000
output.juno,1051,400,1118000000
output.juno,1052,405,1117000000
output.juno,1053,410,1117000000
output.juno,1054,415,1117000000
output.juno,1055,420,1117000000
output.juno,1056,425,1117000000
output.juno,1057,430,1117000000
output.juno,1058,435,1117000000
output.juno,1059,440,1117000000
output.juno,1060,445,1116000000
output.juno,1061,450,1116000000
output.juno,1062,455,1116000000
output.juno,1063,460,1116000000
output.juno,1064,465,1116000000
output.juno,1065,470,1116000000
output.juno,1066,475,1116000000
output.juno,1067,480,1116000000
output.juno,1068,485,1116000000
output.juno,1069,490,1115000000
output.juno,1070,495,1115000000
output.juno,1071,500,1115000000
output.juno,1072,505,1115000000
output.juno,1073,510,1115000000
output.juno,1074,515,1115000000
output.juno,1075,520,1115000000
output.juno,1076,525,1115000000
output.juno,1077,530,1114000000
output.juno,1078,535,1114000000
output.juno,1079,540,1114000000
output.juno,1080,545,1114000000
output.juno,1081,550,1114000000
output.juno,1082,555,1114000000
output.juno,1083,560,1114000000
output.juno,1084,565,1114000000
output.juno,1085,570,1114000000
output.juno,1086,575,1113000000
output.juno,1087,580,1113000000
output.juno,1088,585,1113000000
output.juno,1089,590,1113000000
output.juno,1090,595,1113000000
output.juno,1091,600,1113000000
output.juno,1092,605,1113000000
output.juno,1093,610,1113000000
output.juno,1094,615,1112000000
output.juno,1095,620,1112000000
output.juno,1096,625,1112000000
output.juno,1097,630,1112000000
output.juno,1098,635,1112000000
output.juno,1099,640,1112000000
output.juno,1100,645,1112000000
output.juno,1101,650,1112000000
output.juno,1102,655,1112000000
output.juno,1103,660,1111000000
output.juno,1104,665,1111000000
output.juno,1105,670,1111000000
output.juno,1106,675,1111000000
output.juno,1107,680,1111000000
output.juno,1108,685,1111000000
output.juno,1109,690,1111000000
output.juno,1110,695,1111000000
output.juno,1111,700,1110000000
output.juno,1112,705,1110000000
output.juno,1113,710,1110000000
output.juno,1114,715,1110000000
output.juno,1115,720,1110000000
output.juno,1116,725,1110000000
output.juno,1117,730,1110000000
output.juno,1118,735,1110000000
output.juno,1119,740,1110000000
output.juno,1120,745,1109000000
output.juno,1121,750,1109000000
output.juno,1122,755,1109000000
output.juno,1123,760,1109000000
output.juno,1124,765,1109000000
output.juno,1125,770,1109000000
output.juno,1126,775,1109000000
output.juno,1127,780,1109000000
output.juno,1128,785,1108000000
output.juno,1129,790,1108000000
output.juno,1130,795,1108000000
output.juno,1131,800,1108000000
output.juno,1132,805,1108000000
output.juno,1133,810,1108000000
output.juno,1134,815,1108000000
output.juno,1135,820,1108000000
output.juno,1136,825,1108000000
output.juno,1137,830,1107000000
output.juno,1138,835,1107000000
output.juno,1139,840,1107000000
output.juno,1140,845,1107000000
output.juno,1141,850,1107000000
output.juno,1142,855,1107000000
output.juno,1143,860,1107000000
output.juno,1144,865,1107000000
output.juno,1145,870,1106000000
output.juno,1146,875,1106000000
output.juno,1147,880,1106000000
output.juno,1148,885,1106000000
output.juno,1149,890,1106000000
output.juno,1150,895,1106000000
output.juno,1151,900,1106000000
output.juno,1152,905,1106000000
output.juno,1153,910,1106000000
output.juno,1154,915,1105000000
output.juno,1155,920,1105000000
output.juno,1156,925,1105000000
output.juno,1157,930,1105000000
output.juno,1158,935,1105000000
output.juno,1159,940,1105000000
output.juno,1160,945,1105000000
output.juno,1161,950,1105000000
output.juno,1162,955,1104000000
output.juno,1163,960,1104000000
output.juno,1164,965,1104000000
output.juno,1165,970,1104000000
output.juno,1166,975,1104000000
output.juno,1167,980,1104000000
output.juno,1168,985,1104000000
output.juno,1169,990,1104000000
output.juno,1170,995,1104000000
output.juno,1171,1000,1103000000
output.juno,1172,1005,1103000000
output.juno,1173,1010,1103000000
output.juno,1174,1015,1103000000
output.juno,1175,1020,1103000000
output.juno,1176,1025,1103000000
output.juno,1177,1030,1103000000
output.juno,1178,1035,1103000000
output.juno,1179,1040,1102000000
output.juno,1180,1045,1102000000
output.juno,1181,1050,1102000000
output.juno,1182,1055,1102000000
output.juno,1183,1060,1102000000
output.juno,1184,1065,1102000000
output.juno,1185,1070,1102000000
output.juno,1186,1075,1102000000
output.juno,1187,1080,1102000000
output.juno,1188,1085,1101000000
output.juno,1189,1090,1101000000
output.juno,1190,1095,1101000000
output.juno,1191,1100,1101000000
output.juno,1192,1105,1101000000
output.juno,1193,1110,1101000000
output.juno,1194,1115,1101000000
output.juno,1195,1120,1101000000
output.juno,1196,1125,1100000000
output.juno,1197,1130,1100000000
output.juno,1198,1135,1100000000
output.juno,1199,1140,1100000000
output.juno,1200,1145,1100000000
output.juno,1201,1150,1099000000
output.juno,1202,1155,1098000000
output.juno,1203,1160,1098000000
output.juno,1204,1165,1097000000
output.juno,1205,1170,1096000000
output.juno,1206,1175,1095000000
output.juno,1207,1180,1094000000
output.juno,1208,1185,1094000000
output.juno,1209,1190,1093000000
output.juno,1210,1195,1092000000
output.juno,1211,1200,1091000000
output.juno,1212,1205,1090000000
output.juno,1213,1210,1090000000
output.juno,1214,1215,1089000000
output.juno,1215,1220,1088000000
output.juno,1216,1225,1087000000
output.juno,1217,1230,1086000000
output.juno,1218,1235,1086000000
output.juno,1219,1240,1085000000
output.juno,1220,1245,1084000000
output.juno,1221,1250,1083000000
output.juno,1222,1255,1082000000
output.juno,1223,1260,1082000000
output.juno,1224,1265,1081000000
output.juno,1225,1270,1080000000
output.juno,1226,1275,1079000000
output.juno,1227,1280,1078000000
output.juno,1228,1285,1078000000
output.juno,1229,1290,1077000000
output.juno,1230,1295,1076000000
output.juno,1231,1300,1075000000
output.juno,1232,1305,1074000000
output.juno,1233,1310,1074000000
output.juno,1234,1315,1073000000
output.juno,1235,1320,1072000000
output.juno,1236,1325,1071000000
output.juno,1237,1330,1070000000
output.juno,1238,1335,1070000000
output.juno,1239,1340,1069000000
output.juno,1240,1345,1068000000
output.juno,1241,1350,1067000000
output.juno,1242,1355,1066000000
output.juno,1243,1360,1066000000
output.juno,1244,1365,1065000000
output.juno,1245,1370,1064000000
output.juno,1246,1375,1063000000
output.juno,1247,1380,1062000000
output.juno,1248,1385,1062000000
output.juno,1249,1390,1061000000
output.juno,1250,1395,1060000000
output.juno,1251,1400,1059000000
output.juno,1252,1405,1058000000
output.juno,1253,1410,1058000000
output.juno,1254,1415,1057000000
output.juno,1255,1420,1056000000
output.juno,1256,1425,1055000000
output.juno,1257,1430,1054000000
output.juno,1258,1435,1054000000
output.juno,1259,1440,1053000000
output.juno,1260,1445,1052000000
output.juno,1261,1450,1051000000
output.juno,1262,1455,1050000000
output.juno,1263,1460,1050000000
output.juno,1264,1465,1049000000
output.juno,1265,1470,1048000000
output.juno,1266,1475,1047000000
output.juno,1267,1480,1046000000
output.juno,1268,1485,1046000000
output.juno,1269,1490,1045000000
output.juno,1270,1495,1044000000
output.juno,1271,1500,1043000000
output.juno,1272,1505,1042000000
output.juno,1273,1510,1042000000
output.juno,1274,1515,1041000000
output.juno,1275,1520,1040000000
output.juno,1276,1525,1039000000
output.juno,1277,1530,1038000000
output.juno,1278,1535,1038000000
output.juno,1279,1540,1037000000
output.juno,1280,1545,1036000000
output.juno,1281,1550,1035000000
output.juno,1282,1555,1034000000
output.juno,1283,1560,1034000000
output.juno,1284,1565,1033000000
output.juno,1285,1570,1032000000
output.juno,1286,1575,1031000000
output.juno,1287,1580,1030000000
output.juno,1288,1585,1030000000
output.juno,1289,1590,1029000000
output.juno,1290,1595,1028000000
output.juno,1291,1600,1027000000
output.juno,1292,1605,1026000000
output.juno,1293,1610,1026000000
output.juno,1294,1615,1025000000
output.juno,1295,1620,1024000000
output.juno,1296,1625,1023000000
output.juno,1297,1630,1022000000
output.juno,1298,1635,1022000000
output.juno,1299,1640,1021000000
output.juno,1300,1645,1020000000
output.juno,1301,1650,1019000000
output.juno,1302,1655,1018000000
output.juno,1303,1660,1018000000
output.juno,1304,1665,1017000000
output.juno,1305,1670,1016000000
output.juno,1306,1675,1015000000
output.juno,1307,1680,1014000000
output.juno,1308,1685,1014000000
output.juno,1309,1690,1013000000
output.juno,1310,1695,1012000000
output.juno,1311,1700,1011000000
output.juno,1312,1705,1010000000
output.juno,1313,1710,1010000000
output.juno,1314,1715,1009000000
output.juno,1315,1720,1008000000
output.juno,1316,1725,1007000000
output.juno,1317,1730,1006000000
output.juno,1318,1735,1006000000
output.juno,1319,1740,1005000000
output.juno,1320,1745,1004000000
output.juno,1321,1750,1003000000
output.juno,1322,1755,1002000000
output.juno,1323,1760,1002000000
output.juno,1324,1765,1001000000
output.juno,1325,1770,1000000000
output.juno,1326,1775,999200000
output.juno,1327,1780,998400000
output.juno,1328,1785,997600000
output.juno,1329,1790,996800000
output.juno,1330,1795,996000000
output.juno,1331,1800,995200000
output.juno,1332,1805,994400000
output.juno,1333,1810,993600000
output.juno,1334,1815,992800000
output.juno,1335,1820,992000000
output.juno,1336,1825,991200000
output.juno,1337,1830,990400000
output.juno,1338,1835,989600000
output.juno,1339,1840,988800000
output.juno,1340,1845,988000000
output.juno,1341,1850,987200000
output.juno,1342,1855,986400000
output.juno,1343,1860,985600000
output.juno,1344,1865,984800000
output.juno,1345,1870,984000000
output.juno,1346,1875,983200000
output.juno,1347,1880,982400000
output.juno,1348,1885,981600000
output.juno,1349,1890,980800000
output.juno,1350,1895,980000000
output.juno,1351,1900,979200000
output.juno,1352,1905,978400000
output.juno,1353,1910,977600000
output.juno,1354,1915,976800000
output.juno,1355,1920,976000000
output.juno,1356,1925,975200000
output.juno,1357,1930,974400000
output.juno,1358,1935,973600000
output.juno,1359,1940,972800000
output.juno,1360,1945,972000000
output.juno,1361,1950,971200000
output.juno,1362,1955,970400000
output.juno,1363,1960,969600000
output.juno,1364,1965,968800000
output.juno,1365,1970,968000000
output.juno,1366,1975,967200000
output.juno,1367,1980,966400000
output.juno,1368,1985,965600000
output.juno,1369,1990,964800000
output.juno,1370,1995,964000000
output.juno,1371,2000,963200000
output.juno,1372,2005,962400000
output.juno,1373,2010,961600000
output.juno,1374,2015,960800000
output.juno,1375,2020,960000000
output.juno,1376,2025,959200000
output.juno,1377,2030,958400000
output.juno,1378,2035,957600000
output.juno,1379,2040,956800000
output.juno,1380,2045,956000000
output.juno,1381,2050,955200000
output.juno,1382,2055,954400000
output.juno,1383,2060,953600000
output.juno,1384,2065,952800000
output.juno,1385,2070,952000000
output.juno,1386,2075,951200000
output.juno,1387,2080,950400000
output.juno,1388,2085,949600000
output.juno,1389,2090,948800000
output.juno,1390,2095,948000000
output.juno,1391,2100,947200000
output.juno,1392,2105,946400000
output.juno,1393,2110,945600000
output.juno,1394,2115,944800000
output.juno,1395,2120,944000000
output.juno,1396,2125,943200000
output.juno,1397,2130,942400000
output.juno,1398,2135,941600000
output.juno,1399,2140,940800000
output.juno,1400,2145,940000000
output.juno,1401,2150,939200000
output.juno,1402,2155,938400000
output.juno,1403,2160,937600000
output.juno,1404,2165,936800000
output.juno,1405,2170,936000000
output.juno,1406,2175,935200000
output.juno,1407,2180,934400000
output.juno,1408,2185,933600000
output.juno,1409,2190,932800000
output.juno,1410,2195,932000000
output.juno,1411,2200,931200000
output.juno,1412,2205,930400000
output.juno,1413,2210,929600000
output.juno,1414,2215,928800000
output.juno,1415,2220,928000000
output.juno,1416,2225,927200000
output.juno,1417,2230,926400000
output.juno,1418,2235,925600000
output.juno,1419,2240,924800000
output.juno,1420,2245,924000000
output.juno,1421,2250,923200000
output.juno,1422,2255,922400000
output.juno,1423,2260,921600000
output.juno,1424,2265,920800000
output.juno,1425,2270,920000000
output.juno,1426,2275,919200000
output.juno,1427,2280,918400000
output.juno,1428,2285,917600000
output.juno,1429,2290,916800000
output.juno,1430,2295,916000000
output.juno,1431,2300,915200000
output.juno,1432,2305,914400000
output.juno,1433,2310,913600000
output.juno,1434,2315,912800000
output.juno,1435,2320,912000000
output.juno,1436,2325,911200000
output.juno,1437,2330,910400000
output.juno,1438,2335,909600000
output.juno,1439,2340,908800000
output.juno,1440,2345,908000000
output.juno,1441,2350,907200000
output.juno,1442,2355,906400000
output.juno,1443,2360,905600000
output.juno,1444,2365,904800000
output.juno,1445,2370,904000000
output.juno,1446,2375,903200000
output.juno,1447,2380,902400000
output.juno,1448,2385,901600000
output.juno,1449,2390,900800000
output.juno,1450,2395,900000000
output.juno,1451,2400,899000000
output.juno,1452,2405,898000000
output.juno,1453,2410,897000000
output.juno,1454,2415,896000000
output.juno,1455,2420,895000000
output.juno,1456,2425,894000000
output.juno,1457,2430,893000000
output.juno,1458,2435,892000000
output.juno,1459,2440,891000000
output.juno,1460,2445,890000000
output.juno,1461,2450,889000000
output.juno,1462,2455,888000000
output.juno,1463,2460,887000000
output.juno,1464,2465,886000000
output.juno,1465,2470,885000000
output.juno,1466,2475,884000000
output.juno,1467,2480,883000000
output.juno,1468,2485,882000000
output.juno,1469,2490,881000000
output.juno,1470,2495,880000000
output.juno,1471,2500,879000000
output.juno,1472,2505,878000000
output.juno,1473,2510,877000000
output.juno,1474,2515,876000000
output.juno,1475,2520,875000000
output.juno,1476,2525,874000000
output.juno,1477,2530,873000000
output.juno,1478,2535,872000000
output.juno,1479,2540,871000000
output.juno,1480,2545,870000000
output.juno,1481,2550,869000000
output.juno,1482,2555,868000000
output.juno,1483,2560,867000000
output.juno,1484,2565,866000000
output.juno,1485,2570,865000000
output.juno,1486,2575,864000000
output.juno,1487,2580,863000000
output.juno,1488,2585,862000000
output.juno,1489,2590,861000000
output.juno,1490,2595,860000000
output.juno,1491,2600,859000000
output.juno,1492,2605,858000000
output.juno,1493,2610,857000000
output.juno,1494,2615,856000000
output.juno,1495,2620,855000000
output.juno,1496,2625,854000000
output.juno,1497,2630,853000000
output.juno,1498,2635,852000000
output.juno,1499,2640,851000000
output.juno,1500,2645,850000000
output.juno,1501,2650,849000000
output.juno,1502,2655,848000000
output.juno,1503,2660,847000000
output.juno,1504,2665,846000000
output.juno,1505,2670,845000000
output.juno,1506,2675,844000000
output.juno,1507,2680,843000000
output.juno,1508,2685,842000000
output.juno,1509,2690,841000000
output.juno,1510,2695,840000000
output.juno,1511,2700,839000000
output.juno,1512,2705,838000000
output.juno,1513,2710,837000000
output.juno,1514,2715,836000000
output.juno,1515,2720,835000000
output.juno,1516,2725,834000000
output.juno,1517,2730,833000000
output.juno,1518,2735,832000000
output.juno,1519,2740,831000000
output.juno,1520,2745,830000000
output.juno,1521,2750,829000000
output.juno,1522,2755,828000000
output.juno,1523,2760,827000000
output.juno,1524,2765,826000000
output.juno,1525,2770,825000000
output.juno,1526,2775,824000000
output.juno,1527,2780,823000000
output.juno,1528,2785,822000000
output.juno,1529,2790,821000000
output.juno,1530,2795,820000000
output.juno,1531,2800,819000000
output.juno,1532,2805,818000000
output.juno,1533,2810,817000000
output.juno,1534,2815,816000000
output.juno,1535,2820,815000000
output.juno,1536,2825,814000000
output.juno,1537,2830,813000000
output.juno,1538,2835,812000000
output.juno,1539,2840,811000000
output.juno,1540,2845,810000000
output.juno,1541,2850,809000000
output.juno,1542,2855,808000000
output.juno,1543,2860,807000000
output.juno,1544,2865,806000000
output.juno,1545,2870,805000000
output.juno,1546,2875,804000000
output.juno,1547,2880,803000000
output.juno,1548,2885,802000000
output.juno,1549,2890,801000000
output.juno,1550,2895,800000000
output.juno,1551,2900,799000000
output.juno,1552,2905,798000000
output.juno,1553,2910,797000000
output.juno,1554,2915,796000000
output.juno,1555,2920,795000000
output.juno,1556,2925,794000000
output.juno,1557,2930,793000000
output.juno,1558,2935,792000000
output.juno,1559,2940,791000000
output.juno,1560,2945,790000000
output.juno,1561,2950,789000000
output.juno,1562,2955,788000000
output.juno,1563,2960,787000000
output.juno,1564,2965,786000000
output.juno,1565,2970,785000000
output.juno,1566,2975,784000000
output.juno,1567,2980,783000000
output.juno,1568,2985,782000000
output.juno,1569,2990,781000000
output.juno,1570,2995,780000000
output.juno,1571,3000,779000000
output.juno,1572,3005,778000000
output.juno,1573,3010,777000000
output.juno,1574,3015,776000000
output.juno,1575,3020,775000000
output.juno,1576,3025,774000000
output.juno,1577,3030,773000000
output.juno,1578,3035,772000000
output.juno,1579,3040,771000000
output.juno,1580,3045,770000000
output.juno,1581,3050,769000000
output.juno,1582,3055,768000000
output.juno,1583,3060,767000000
output.juno,1584,3065,766000000
output.juno,1585,3070,765000000
output.juno,1586,3075,764000000
output.juno,1587,3080,763000000
output.juno,1588,3085,762000000
output.juno,1589,3090,761000000
output.juno,1590,3095,760000000
output.juno,1591,3100,759000000
output.juno,1592,3105,758000000
output.juno,1593,3110,757000000
output.juno,1594,3115,756000000
output.juno,1595,3120,755000000
output.juno,1596,3125,754000000
output.juno,1597,3130,753000000
output.juno,1598,3135,752000000
output.juno,1599,3140,751000000
output.juno,1600,3145,750000000
output.juno,1601,3150,749000000
output.juno,1602,3155,748000000
output.juno,1603,3160,747000000
output.juno,1604,3165,746000000
output.juno,1605,3170,745000000
output.juno,1606,3175,744000000
output.juno,1607,3180,743000000
output.juno,1608,3185,742000000
output.juno,1609,3190,741000000
output.juno,1610,3195,740000000
output.juno,1611,3200,739000000
output.juno,1612,3205,738000000
output.juno,1613,3210,737000000
output.juno,1614,3215,736000000
output.juno,1615,3220,735000000
output.juno,1616,3225,734000000
output.juno,1617,3230,733000000
output.juno,1618,3235,732000000
output.juno,1619,3240,731000000
output.juno,1620,3245,730000000
output.juno,1621,3250,729000000
output.juno,1622,3255,728000000
output.juno,1623,3260,727000000
output.juno,1624,3265,726000000
output.juno,1625,3270,725000000
output.juno,1626,3275,724000000
output.juno,1627,3280,723000000
output.juno,1628,3285,722000000
output.juno,1629,3290,721000000
output.juno,1630,3295,720000000
output.juno,1631,3300,719000000
output.juno,1632,3305,718000000
output.juno,1633,3310,717000000
output.juno,1634,3315,716000000
output.juno,1635,3320,715000000
output.juno,1636,3325,714000000
output.juno,1637,3330,713000000
output.juno,1638,3335,712000000
output.juno,1639,3340,711000000
output.juno,1640,3345,710000000
output.juno,1641,3350,709000000
output.juno,1642,3355,708000000
output.juno,1643,3360,707000000
output.juno,1644,3365,706000000
output.juno,1645,3370,705000000
output.juno,1646,3375,704000000
output.juno,1647,3380,703000000
output.juno,1648,3385,702000000
output.juno,1649,3390,701000000
output.juno,1650,3395,700000000
output.juno,1651,3400,699200000
output.juno,1652,3405,698400000
output.juno,1653,3410,697600000
output.juno,1654,3415,696800000
output.juno,1655,3420,696000000
output.juno,1656,3425,695200000
output.juno,1657,3430,694400000
output.juno,1658,3435,693600000
output.juno,1659,3440,692800000
output.juno,1660,3445,692000000
output.juno,1661,3450,691200000
output.juno,1662,3455,690400000
output.juno,1663,3460,689600000
output.juno,1664,3465,688800000
output.juno,1665,3470,688000000
output.juno,1666,3475,687200000
output.juno,1667,3480,686400000
output.juno,1668,3485,685600000
output.juno,1669,3490,684800000
output.juno,1670,3495,684000000
output.juno,1671,3500,683200000
output.juno,1672,3505,682400000
output.juno,1673,3510,681600000
output.juno,1674,3515,680800000
output.juno,1675,3520,680000000
output.juno,1676,3525,679200000
output.juno,1677,3530,678400000
output.juno,1678,3535,677600000
output.juno,1679,3540,676800000
output.juno,1680,3545,676000000
output.juno,1681,3550,675200000
output.juno,1682,3555,674400000
output.juno,1683,3560,673600000
output.juno,1684,3565,672800000
output.juno,1685,3570,672000000
output.juno,1686,3575,671200000
output.juno,1687,3580,670400000
output.juno,1688,3585,669600000
output.juno,1689,3590,668800000
output.juno,1690,3595,668000000
output.juno,1691,3600,667200000
output.juno,1692,3605,666400000
output.juno,1693,3610,665600000
output.juno,1694,3615,664800000
output.juno,1695,3620,664000000
output.juno,1696,3625,663200000
output.juno,1697,3630,662400000
output.juno,1698,3635,661600000
output.juno,1699,3640,660800000
output.juno,1700,3645,660000000
output.juno,1701,3650,659200000
output.juno,1702,3655,658400000
output.juno,1703,3660,657600000
output.juno,1704,3665,656800000
output.juno,1705,3670,656000000
output.juno,1706,3675,655200000
output.juno,1707,3680,654400000
output.juno,1708,3685,653600000
output.juno,1709,3690,652800000
output.juno,1710,3695,652000000
output.juno,1711,3700,651200000
output.juno,1712,3705,650400000
output.juno,1713,3710,649600000
output.juno,1714,3715,648800000
output.juno,1715,3720,648000000
output.juno,1716,3725,647200000
output.juno,1717,3730,646400000
output.juno,1718,3735,645600000
output.juno,1719,3740,644800000
output.juno,1720,3745,644000000
output.juno,1721,3750,643200000
output.juno,1722,3755,642400000
output.juno,1723,3760,641600000
output.juno,1724,3765,640800000
output.juno,1725,3770,640000000
output.juno,1726,3775,639200000
output.juno,1727,3780,638400000
output.juno,1728,3785,637600000
output.juno,1729,3790,636800000
output.juno,1730,3795,636000000
output.juno,1731,3800,635200000
output.juno,1732,3805,634400000
output.juno,1733,3810,633600000
output.juno,1734,3815,632800000
output.juno,1735,3820,632000000
output.juno,1736,3825,631200000
output.juno,1737,3830,630400000
output.juno,1738,3835,629600000
output.juno,1739,3840,628800000
output.juno,1740,3845,628000000
output.juno,1741,3850,627200000
output.juno,1742,3855,626400000
output.juno,1743,3860,625600000
output.juno,1744,3865,624800000
output.juno,1745,3870,624000000
output.juno,1746,3875,623200000
output.juno,1747,3880,622400000
output.juno,1748,3885,621600000
output.juno,1749,3890,620800000
output.juno,1750,3895,620000000
output.juno,1751,3900,619200000
output.juno,1752,3905,618400000
output.juno,1753,3910,617600000
output.juno,1754,3915,616800000
output.juno,1755,3920,616000000
output.juno,1756,3925,615200000
output.juno,1757,3930,614400000
output.juno,1758,3935,613600000
output.juno,1759,3940,612800000
output.juno,1760,3945,612000000
output.juno,1761,3950,611200000
output.juno,1762,3955,610400000
output.juno,1763,3960,609600000
output.juno,1764,3965,608800000
output.juno,1765,3970,608000000
output.juno,1766,3975,607200000
output.juno,1767,3980,606400000
output.juno,1768,3985,605600000
output.juno,1769,3990,604800000
output.juno,1770,3995,604000000
output.juno,1771,4000,603200000
output.juno,1772,4005,602400000
output.juno,1773,4010,601600000
output.juno,1774,4015,600800000
output.juno,1775,4020,600000000
output.juno,1776,4025,596000000
output.juno,1777,4030,592000000
output.juno,1778,4035,588000000
output.juno,1779,4040,584000000
output.juno,1780,4045,580000000
output.juno,1781,4050,576000000
output.juno,1782,4055,572000000
output.juno,1783,4060,568000000
output.juno,1784,4065,564000000
output.juno,1785,4070,560000000
output.juno,1786,4075,556000000
output.juno,1787,4080,552000000
output.juno,1788,4085,548000000
output.juno,1789,4090,544000000
output.juno,1790,4095,540000000
output.juno,1791,4100,536000000
output.juno,1792,4105,532000000
output.juno,1793,4110,528000000
output.juno,1794,4115,524000000
output.juno,1795,4120,520000000
output.juno,1796,4125,516000000
output.juno,1797,4130,512000000
output.juno,1798,4135,508000000
output.juno,1799,4140,504000000
output.juno,1800,4145,500000000
output.kappa,1,50,1300000000
output.kappa,2,50.1,1299000000
output.kappa,3,50.2,1299000000
output.kappa,4,50.3,1298000000
output.kappa,5,50.4,1298000000
output.kappa,6,50.5,1298000000
output.kappa,7,50.6,1297000000
output.kappa,8,50.7,1297000000
output.kappa,9,50.8,1296000000
output.kappa,10,50.9,1296000000
output.kappa,11,51,1296000000
output.kappa,12,51.1,1295000000
output.kappa,13,51.2,1295000000
output.kappa,14,51.3,1294000000
output.kappa,15,51.4,1294000000
output.kappa,16,51.5,1294000000
output.kappa,17,51.6,1293000000
output.kappa,18,51.7,1293000000
output.kappa,19,51.8,1292000000
output.kappa,20,51.9,1292000000
output.kappa,21,52,1292000000
output.kappa,22,52.1,1291000000
output.kappa,23,52.2,1291000000
output.kappa,24,52.3,1290000000
output.kappa,25,52.4,1290000000
output.kappa,26,52.5,1290000000
output.kappa,27,52.6,1289000000
output.kappa,28,52.7,1289000000
output.kappa,29,52.8,1288000000
output.kappa,30,52.9,1288000000
output.kappa,31,53,1288000000
output.kappa,32,53.1,1287000000
output.kappa,33,53.2,1287000000
output.kappa,34,53.3,1286000000
output.kappa,35,53.4,1286000000
output.kappa,36,53.5,1286000000
output.kappa,37,53.6,1285000000
output.kappa,38,53.7,1285000000
output.kappa,39,53.8,1284000000
output.kappa,40,53.9,1284000000
output.kappa,41,54,1284000000
output.kappa,42,54.1,1283000000
output.kappa,43,54.2,1283000000
output.kappa,44,54.3,1282000000
output.kappa,45,54.4,1282000000
output.kappa,46,54.5,1282000000
output.kappa,47,54.6,1281000000
output.kappa,48,54.7,1281000000
output.kappa,49,54.8,1280000000
output.kappa,50,54.9,1280000000
output.kappa,51,55,1280000000
output.kappa,52,55.1,1279000000
output.kappa,53,55.2,1279000000
output.kappa,54,55.3,1278000000
output.kappa,55,55.4,1278000000
output.kappa,56,55.5,1278000000
output.kappa,57,55.6,1277000000
output.kappa,58,55.7,1277000000
output.kappa,59,55.8,1276000000
output.kappa,60,55.9,1276000000
output.kappa,61,56,1276000000
output.kappa,62,56.1,1275000000
output.kappa,63,56.2,1275000000
output.kappa,64,56.3,1274000000
output.kappa,65,56.4,1274000000
output.kappa,66,56.5,1274000000
output.kappa,67,56.6,1273000000
output.kappa,68,56.7,1273000000
output.kappa,69,56.8,1272000000
output.kappa,70,56.9,1272000000
output.kappa,71,57,1272000000
output.kappa,72,57.1,1271000000
output.kappa,73,57.2,1271000000
output.kappa,74,57.3,1270000000
output.kappa,75,57.4,1270000000
output.kappa,76,57.5,1270000000
output.kappa,77,57.6,1269000000
output.kappa,78,57.7,1269000000
output.kappa,79,57.8,1268000000
output.kappa,80,57.9,1268000000
output.kappa,81,58,1268000000
output.kappa,82,58.1,1267000000
output.kappa,83,58.2,1267000000
output.kappa,84,58.3,1266000000
output.kappa,85,58.4,1266000000
output.kappa,86,58.5,1266000000
output.kappa,87,58.6,1265000000
output.kappa,88,58.7,1265000000
output.kappa,89,58.8,1264000000
output.kappa,90,58.9,1264000000
output.kappa,91,59,1264000000
output.kappa,92,59.1,1263000000
output.kappa,93,59.2,1263000000
output.kappa,94,59.3,1262000000
output.kappa,95,59.4,1262000000
output.kappa,96,59.5,1262000000
output.kappa,97,59.6,1261000000
output.kappa,98,59.7,1261000000
output.kappa,99,59.8,1260000000
output.kappa,100,59.9,1260000000
output.kappa,101,60,1260000000
output.kappa,102,60.1,1259000000
output.kappa,103,60.2,1259000000
output.kappa,104,60.3,1258000000
output.kappa,105,60.4,1258000000
output.kappa,106,60.5,1258000000
output.kappa,107,60.6,1257000000
output.kappa,108,60.7,1257000000
output.kappa,109,60.8,1256000000
output.kappa,110,60.9,1256000000
output.kappa,111,61,1256000000
output.kappa,112,61.1,1255000000
output.kappa,113,61.2,1255000000
output.kappa,114,61.3,1254000000
output.kappa,115,61.4,1254000000
output.kappa,116,61.5,1254000000
output.kappa,117,61.6,1253000000
output.kappa,118,61.7,1253000000
output.kappa,119,61.8,1252000000
output.kappa,120,61.9,1252000000
output.kappa,121,62,1252000000
output.kappa,122,62.1,1251000000
output.kappa,123,62.2,1251000000
output.kappa,124,62.3,1250000000
output.kappa,125,62.4,1250000000
output.kappa,126,62.5,1250000000
output.kappa,127,62.6,1249000000
output.kappa,128,62.7,1249000000
output.kappa,129,62.8,1248000000
output.kappa,130,62.9,1248000000
output.kappa,131,63,1248000000
output.kappa,132,63.1,1247000000
output.kappa,133,63.2,1247000000
output.kappa,134,63.3,1246000000
output.kappa,135,63.4,1246000000
output.kappa,136,63.5,1246000000
output.kappa,137,63.6,1245000000
output.kappa,138,63.7,1245000000
output.kappa,139,63.8,1244000000
output.kappa,140,63.9,1244000000
output.kappa,141,64,1244000000
output.kappa,142,64.1,1243000000
output.kappa,143,64.2,1243000000
output.kappa,144,64.3,1242000000
output.kappa,145,64.4,1242000000
output.kappa,146,64.5,1242000000
output.kappa,147,64.6,1241000000
output.kappa,148,64.7,1241000000
output.kappa,149,64.8,1240000000
output.kappa,150,64.9,1240000000
output.kappa,151,65,1240000000
output.kappa,152,65.1,1239000000
output.kappa,153,65.2,1239000000
output.kappa,154,65.3,1238000000
output.kappa,155,65.4,1238000000
output.kappa,156,65.5,1238000000
output.kappa,157,65.6,1237000000
output.kappa,158,65.7,1237000000
output.kappa,159,65.8,1236000000
output.kappa,160,65.9,1236000000
output.kappa,161,66,1236000000
output.kappa,162,66.1,1235000000
output.kappa,163,66.2,1235000000
output.kappa,164,66.3,1234000000
output.kappa,165,66.4,1234000000
output.kappa,166,66.5,1234000000
output.kappa,167,66.6,1233000000
output.kappa,168,66.7,1233000000
output.kappa,169,66.8,1232000000
output.kappa,170,66.9,1232000000
output.kappa,171,67,1232000000
output.kappa,172,67.1,1231000000
output.kappa,173,67.2,1231000000
output.kappa,174,67.3,1230000000
output.kappa,175,67.4,1230000000
output.kappa,176,67.5,1230000000
output.kappa,177,67.6,1229000000
output.kappa,178,67.7,1229000000
output.kappa,179,67.8,1228000000
output.kappa,180,67.9,1228000000
output.kappa,181,68,1228000000
output.kappa,182,68.1,1227000000
output.kappa,183,68.2,1227000000
output.kappa,184,68.3,1226000000
output.kappa,185,68.4,1226000000
output.kappa,186,68.5,1226000000
output.kappa,187,68.6,1225000000
output.kappa,188,68.7,1225000000
output.kappa,189,68.8,1224000000
output.kappa,190,68.9,1224000000
output.kappa,191,69,1224000000
output.kappa,192,69.1,1223000000
output.kappa,193,69.2,1223000000
output.kappa,194,69.3,1222000000
output.kappa,195,69.4,1222000000
output.kappa,196,69.5,1222000000
output.kappa,197,69.6,1221000000
output.kappa,198,69.7,1221000000
output.kappa,199,69.8,1220000000
output.kappa,200,69.9,1220000000
output.kappa,201,70,1220000000
output.kappa,202,70.1,1219000000
output.kappa,203,70.2,1219000000
output.kappa,204,70.3,1218000000
output.kappa,205,70.4,1218000000
output.kappa,206,70.5,1218000000
output.kappa,207,70.6,1217000000
output.kappa,208,70.7,1217000000
output.kappa,209,70.8,1216000000
output.kappa,210,70.9,1216000000
output.kappa,211,71,1216000000
output.kappa,212,71.1,1215000000
output.kappa,213,71.2,1215000000
output.kappa,214,71.3,1214000000
output.kappa,215,71.4,1214000000
output.kappa,216,71.5,1214000000
output.kappa,217,71.6,1213000000
output.kappa,218,71.7,1213000000
output.kappa,219,71.8,1212000000
output.kappa,220,71.9,1212000000
output.kappa,221,72,1212000000
output.kappa,222,72.1,1211000000
output.kappa,223,72.2,1211000000
output.kappa,224,72.3,1210000000
output.kappa,225,72.4,1210000000
output.kappa,226,72.5,1210000000
output.kappa,227,72.6,1209000000
output.kappa,228,72.7,1209000000
output.kappa,229,72.8,1208000000
output.kappa,230,72.9,1208000000
output.kappa,231,73,1208000000
output.kappa,232,73.1,1207000000
output.kappa,233,73.2,1207000000
output.kappa,234,73.3,1206000000
output.kappa,235,73.4,1206000000
output.kappa,236,73.5,1206000000
output.kappa,237,73.6,1205000000
output.kappa,238,73.7,1205000000
output.kappa,239,73.8,1204000000
output.kappa,240,73.9,1204000000
output.kappa,241,74,1204000000
output.kappa,242,74.1,1203000000
output.kappa,243,74.2,1203000000
output.kappa,244,74.3,1202000000
output.kappa,245,74.4,1202000000
output.kappa,246,74.5,1202000000
output.kappa,247,74.6,1201000000
output.kappa,248,74.7,1201000000
output.kappa,249,74.8,1200000000
output.kappa,250,74.9,1200000000
output.kappa,251,75,1199000000
output.kappa,252,75.1,1197000000
output.kappa,253,75.2,1196000000
output.kappa,254,75.3,1195000000
output.kappa,255,75.4,1193000000
output.kappa,256,75.5,1192000000
output.kappa,257,75.6,1191000000
output.kappa,258,75.7,1189000000
output.kappa,259,75.8,1188000000
output.kappa,260,75.9,1187000000
output.kappa,261,76,1185000000
output.kappa,262,76.1,1184000000
output.kappa,263,76.2,1183000000
output.kappa,264,76.3,1181000000
output.kappa,265,76.4,1180000000
output.kappa,266,76.5,1179000000
output.kappa,267,76.6,1177000000
output.kappa,268,76.7,1176000000
output.kappa,269,76.8,1175000000
output.kappa,270,76.9,1173000000
output.kappa,271,77,1172000000
output.kappa,272,77.1,1171000000
output.kappa,273,77.2,1169000000
output.kappa,274,77.3,1168000000
output.kappa,275,77.4,1167000000
output.kappa,276,77.5,1165000000
output.kappa,277,77.6,1164000000
output.kappa,278,77.7,1163000000
output.kappa,279,77.8,1161000000
output.kappa,280,77.9,1160000000
output.kappa,281,78,1159000000
output.kappa,282,78.1,1157000000
output.kappa,283,78.2,1156000000
output.kappa,284,78.3,1155000000
output.kappa,285,78.4,1153000000
output.kappa,286,78.5,1152000000
output.kappa,287,78.6,1151000000
output.kappa,288,78.7,1149000000
output.kappa,289,78.8,1148000000
output.kappa,290,78.9,1147000000
output.kappa,291,79,1145000000
output.kappa,292,79.1,1144000000
output.kappa,293,79.2,1143000000
output.kappa,294,79.3,1141000000
output.kappa,295,79.4,1140000000
output.kappa,296,79.5,1139000000
output.kappa,297,79.6,1137000000
output.kappa,298,79.7,1136000000
output.kappa,299,79.8,1135000000
output.kappa,300,79.9,1133000000
output.kappa,301,80,1132000000
output.kappa,302,80.1,1131000000
output.kappa,303,80.2,1129000000
output.kappa,304,80.3,1128000000
output.kappa,305,80.4,1127000000
output.kappa,306,80.5,1125000000
output.kappa,307,80.6,1124000000
output.kappa,308,80.7,1123000000
output.kappa,309,80.8,1121000000
output.kappa,310,80.9,1120000000
output.kappa,311,81,1119000000
output.kappa,312,81.1,1117000000
output.kappa,313,81.2,1116000000
output.kappa,314,81.3,1115000000
output.kappa,315,81.4,1113000000
output.kappa,316,81.5,1112000000
output.kappa,317,81.6,1111000000
output.kappa,318,81.7,1109000000
output.kappa,319,81.8,1108000000
output.kappa,320,81.9,1107000000
output.kappa,321,82,1105000000
output.kappa,322,82.1,1104000000
output.kappa,323,82.2,1103000000
output.kappa,324,82.3,1101000000
output.kappa,325,82.4,1100000000
output.kappa,326,82.5,1099000000
output.kappa,327,82.6,1098000000
output.kappa,328,82.7,1097000000
output.kappa,329,82.8,1096000000
output.kappa,330,82.9,1095000000
output.kappa,331,83,1094000000
output.kappa,332,83.1,1093000000
output.kappa,333,83.2,1092000000
output.kappa,334,83.3,1091000000
output.kappa,335,83.4,1090000000
output.kappa,336,83.5,1089000000
output.kappa,337,83.6,1088000000
output.kappa,338,83.7,1087000000
output.kappa,339,83.8,1086000000
output.kappa,340,83.9,1085000000
output.kappa,341,84,1084000000
output.kappa,342,84.1,1083000000
output.kappa,343,84.2,1082000000
output.kappa,344,84.3,1081000000
output.kappa,345,84.4,1080000000
output.kappa,346,84.5,1079000000
output.kappa,347,84.6,1078000000
output.kappa,348,84.7,1077000000
output.kappa,349,84.8,1076000000
output.kappa,350,84.9,1075000000
output.kappa,351,85,1074000000
output.kappa,352,85.1,1073000000
output.kappa,353,85.2,1072000000
output.kappa,354,85.3,1071000000
output.kappa,355,85.4,1070000000
output.kappa,356,85.5,1069000000
output.kappa,357,85.6,1068000000
output.kappa,358,85.7,1067000000
output.kappa,359,85.8,1066000000
output.kappa,360,85.9,1065000000
output.kappa,361,86,1064000000
output.kappa,362,86.1,1063000000
output.kappa,363,86.2,1062000000
output.kappa,364,86.3,1061000000
output.kappa,365,86.4,1060000000
output.kappa,366,86.5,1059000000
output.kappa,367,86.6,1058000000
output.kappa,368,86.7,1057000000
output.kappa,369,86.8,1056000000
output.kappa,370,86.9,1055000000
output.kappa,371,87,1054000000
output.kappa,372,87.1,1053000000
output.kappa,373,87.2,1052000000
output.kappa,374,87.3,1051000000
output.kappa,375,87.4,1050000000
output.kappa,376,87.5,1049000000
output.kappa,377,87.6,1048000000
output.kappa,378,87.7,1047000000
output.kappa,379,87.8,1046000000
output.kappa,380,87.9,1045000000
output.kappa,381,88,1044000000
output.kappa,382,88.1,1043000000
output.kappa,383,88.2,1042000000
output.kappa,384,88.3,1041000000
output.kappa,385,88.4,1040000000
output.kappa,386,88.5,1039000000
output.kappa,387,88.6,1038000000
output.kappa,388,88.7,1037000000
output.kappa,389,88.8,1036000000
output.kappa,390,88.9,1035000000
output.kappa,391,89,1034000000
output.kappa,392,89.1,1033000000
output.kappa,393,89.2,1032000000
output.kappa,394,89.3,1031000000
output.kappa,395,89.4,1030000000
output.kappa,396,89.5,1029000000
output.kappa,397,89.6,1028000000
output.kappa,398,89.7,1027000000
output.kappa,399,89.8,1026000000
output.kappa,400,89.9,1025000000
output.kappa,401,90,1024000000
output.kappa,402,90.1,1023000000
output.kappa,403,90.2,1022000000
output.kappa,404,90.3,1021000000
output.kappa,405,90.4,1020000000
output.kappa,406,90.5,1019000000
output.kappa,407,90.6,1018000000
output.kappa,408,90.7,1017000000
output.kappa,409,90.8,1016000000
output.kappa,410,90.9,1015000000
output.kappa,411,91,1014000000
output.kappa,412,91.1,1013000000
output.kappa,413,91.2,1012000000
output.kappa,414,91.3,1011000000
output.kappa,415,91.4,1010000000
output.kappa,416,91.5,1009000000
output.kappa,417,91.6,1008000000
output.kappa,418,91.7,1007000000
output.kappa,419,91.8,1006000000
output.kappa,420,91.9,1005000000
output.kappa,421,92,1004000000
output.kappa,422,92.1,1003000000
output.kappa,423,92.2,1002000000
output.kappa,424,92.3,1001000000
output.kappa,425,92.4,1000000000
output.kappa,426,92.5,999200000
output.kappa,427,92.6,998400000
output.kappa,428,92.7,997600000
output.kappa,429,92.8,996800000
output.kappa,430,92.9,996000000
output.kappa,431,93,995200000
output.kappa,432,93.1,994400000
output.kappa,433,93.2,993600000
output.kappa,434,93.3,992800000
output.kappa,435,93.4,992000000
output.kappa,436,93.5,991200000
output.kappa,437,93.6,990400000
output.kappa,438,93.7,989600000
output.kappa,439,93.8,988800000
output.kappa,440,93.9,988000000
output.kappa,441,94,987200000
output.kappa,442,94.1,986400000
output.kappa,443,94.2,985600000
output.kappa,444,94.3,984800000
output.kappa,445,94.4,984000000
output.kappa,446,94.5,983200000
output.kappa,447,94.6,982400000
output.kappa,448,94.7,981600000
output.kappa,449,94.8,980800000
output.kappa,450,94.9,980000000
output.kappa,451,95,979200000
output.kappa,452,95.1,978400000
output.kappa,453,95.2,977600000
output.kappa,454,95.3,976800000
output.kappa,455,95.4,976000000
output.kappa,456,95.5,975200000
output.kappa,457,95.6,974400000
output.kappa,458,95.7,973600000
output.kappa,459,95.8,972800000
output.kappa,460,95.9,972000000
output.kappa,461,96,971200000
output.kappa,462,96.1,970400000
output.kappa,463,96.2,969600000
output.kappa,464,96.3,968800000
output.kappa,465,96.4,968000000
output.kappa,466,96.5,967200000
output.kappa,467,96.6,966400000
output.kappa,468,96.7,965600000
output.kappa,469,96.8,964800000
output.kappa,470,96.9,964000000
output.kappa,471,97,963200000
output.kappa,472,97.1,962400000
output.kappa,473,97.2,961600000
output.kappa,474,97.3,960800000
output.kappa,475,97.4,960000000
output.kappa,476,97.5,959200000
output.kappa,477,97.6,958400000
output.kappa,478,97.7,957600000
output.kappa,479,97.8,956800000
output.kappa,480,97.9,956000000
output.kappa,481,98,955200000
output.kappa,482,98.1,954400000
output.kappa,483,98.2,953600000
output.kappa,484,98.3,952800000
output.kappa,485,98.4,952000000
output.kappa,486,98.5,951200000
output.kappa,487,98.6,950400000
output.kappa,488,98.7,949600000
output.kappa,489,98.8,948800000
output.kappa,490,98.9,948000000
output.kappa,491,99,947200000
output.kappa,492,99.1,946400000
output.kappa,493,99.2,945600000
output.kappa,494,99.3,944800000
output.kappa,495,99.4,944000000
output.kappa,496,99.5,943200000
output.kappa,497,99.6,942400000
output.kappa,498,99.7,941600000
output.kappa,499,99.8,940800000
output.kappa,500,99.9,940000000
output.kappa,501,100,939200000
output.kappa,502,100.1,938400000
output.kappa,503,100.2,937600000
output.kappa,504,100.3,936800000
output.kappa,505,100.4,936000000
output.kappa,506,100.5,935200000
output.kappa,507,100.6,934400000
output.kappa,508,100.7,933600000
output.kappa,509,100.8,932800000
output.kappa,510,100.9,932000000
output.kappa,511,101,931200000
output.kappa,512,101.1,930400000
output.kappa,513,101.2,929600000
output.kappa,514,101.3,928800000
output.kappa,515,101.4,928000000
output.kappa,516,101.5,927200000
output.kappa,517,101.6,926400000
output.kappa,518,101.7,925600000
output.kappa,519,101.8,924800000
output.kappa,520,101.9,924000000
output.kappa,521,102,923200000
output.kappa,522,102.1,922400000
output.kappa,523,102.2,921600000
output.kappa,524,102.3,920800000
output.kappa,525,102.4,920000000
output.kappa,526,102.5,919200000
output.kappa,527,102.6,918400000
output.kappa,528,102.7,917600000
output.kappa,529,102.8,916800000
output.kappa,530,102.9,916000000
output.kappa,531,103,915200000
output.kappa,532,103.1,914400000
output.kappa,533,103.2,913600000
output.kappa,534,103.3,912800000
output.kappa,535,103.4,912000000
output.kappa,536,103.5,911200000
output.kappa,537,103.6,910400000
output.kappa,538,103.7,909600000
output.kappa,539,103.8,908800000
output.kappa,540,103.9,908000000
output.kappa,541,104,907200000
output.kappa,542,104.1,906400000
output.kappa,543,104.2,905600000
output.kappa,544,104.3,904800000
output.kappa,545,104.4,904000000
output.kappa,546,104.5,903200000
output.kappa,547,104.6,902400000
output.kappa,548,104.7,901600000
output.kappa,549,104.8,900800000
output.kappa,550,104.9,900000000
output.kappa,551,105,898700000
output.kappa,552,105.1,897300000
output.kappa,553,105.2,896000000
output.kappa,554,105.3,894700000
output.kappa,555,105.4,893300000
output.kappa,556,105.5,892000000
output.kappa,557,105.6,890700000
output.kappa,558,105.7,889300000
output.kappa,559,105.8,888000000
output.kappa,560,105.9,886700000
output.kappa,561,106,885300000
output.kappa,562,106.1,884000000
output.kappa,563,106.2,882700000
output.kappa,564,106.3,881300000
output.kappa,565,106.4,880000000
output.kappa,566,106.5,878700000
output.kappa,567,106.6,877300000
output.kappa,568,106.7,876000000
output.kappa,569,106.8,874700000
output.kappa,570,106.9,873300000
output.kappa,571,107,872000000
output.kappa,572,107.1,870700000
output.kappa,573,107.2,869300000
output.kappa,574,107.3,868000000
output.kappa,575,107.4,866700000
output.kappa,576,107.5,865300000
output.kappa,577,107.6,864000000
output.kappa,578,107.7,862700000
output.kappa,579,107.8,861300000
output.kappa,580,107.9,860000000
output.kappa,581,108,858700000
output.kappa,582,108.1,857300000
output.kappa,583,108.2,856000000
output.kappa,584,108.3,854700000
output.kappa,585,108.4,853300000
output.kappa,586,108.5,852000000
output.kappa,587,108.6,850700000
output.kappa,588,108.7,849300000
output.kappa,589,108.8,848000000
output.kappa,590,108.9,846700000
output.kappa,591,109,845300000
output.kappa,592,109.1,844000000
output.kappa,593,109.2,842700000
output.kappa,594,109.3,841300000
output.kappa,595,109.4,840000000
output.kappa,596,109.5,838700000
output.kappa,597,109.6,837300000
output.kappa,598,109.7,836000000
output.kappa,599,109.8,834700000
output.kappa,600,109.9,833300000
output.kappa,601,110,832000000
output.kappa,602,110.1,830700000
output.kappa,603,110.2,829300000
output.kappa,604,110.3,828000000
output.kappa,605,110.4,826700000
output.kappa,606,110.5,825300000
output.kappa,607,110.6,824000000
output.kappa,608,110.7,822700000
output.kappa,609,110.8,821300000
output.kappa,610,110.9,820000000
output.kappa,611,111,818700000
output.kappa,612,111.1,817300000
output.kappa,613,111.2,816000000
output.kappa,614,111.3,814700000
output.kappa,615,111.4,813300000
output.kappa,616,111.5,812000000
output.kappa,617,111.6,810700000
output.kappa,618,111.7,809300000
output.kappa,619,111.8,808000000
output.kappa,620,111.9,806700000
output.kappa,621,112,805300000
output.kappa,622,112.1,804000000
output.kappa,623,112.2,802700000
output.kappa,624,112.3,801300000
output.kappa,625,112.4,800000000
output.kappa,626,112.5,798700000
output.kappa,627,112.6,797300000
output.kappa,628,112.7,796000000
output.kappa,629,112.8,794700000
output.kappa,630,112.9,793300000
output.kappa,631,113,792000000
output.kappa,632,113.1,790700000
output.kappa,633,113.2,789300000
output.kappa,634,113.3,788000000
output.kappa,635,113.4,786700000
output.kappa,636,113.5,785300000
output.kappa,637,113.6,784000000
output.kappa,638,113.7,782700000
output.kappa,639,113.8,781300000
output.kappa,640,113.9,780000000
output.kappa,641,114,778700000
output.kappa,642,114.1,777300000
output.kappa,643,114.2,776000000
output.kappa,644,114.3,774700000
output.kappa,645,114.4,773300000
output.kappa,646,114.5,772000000
output.kappa,647,114.6,770700000
output.kappa,648,114.7,769300000
output.kappa,649,114.8,768000000
output.kappa,650,114.9,766700000
output.kappa,651,115,765300000
output.kappa,652,115.1,764000000
output.kappa,653,115.2,762700000
output.kappa,654,115.3,761300000
output.kappa,655,115.4,760000000
output.kappa,656,115.5,758700000
output.kappa,657,115.6,757300000
output.kappa,658,115.7,756000000
output.kappa,659,115.8,754700000
output.kappa,660,115.9,753300000
output.kappa,661,116,752000000
output.kappa,662,116.1,750700000
output.kappa,663,116.2,749300000
output.kappa,664,116.3,748000000
output.kappa,665,116.4,746700000
output.kappa,666,116.5,745300000
output.kappa,667,116.6,744000000
output.kappa,668,116.7,742700000
output.kappa,669,116.8,741300000
output.kappa,670,116.9,740000000
output.kappa,671,117,738700000
output.kappa,672,117.1,737300000
output.kappa,673,117.2,736000000
output.kappa,674,117.3,734700000
output.kappa,675,117.4,733300000
output.kappa,676,117.5,732000000
output.kappa,677,117.6,730700000
output.kappa,678,117.7,729300000
output.kappa,679,117.8,728000000
output.kappa,680,117.9,726700000
output.kappa,681,118,725300000
output.kappa,682,118.1,724000000
output.kappa,683,118.2,722700000
output.kappa,684,118.3,721300000
output.kappa,685,118.4,720000000
output.kappa,686,118.5,718700000
output.kappa,687,118.6,717300000
output.kappa,688,118.7,716000000
output.kappa,689,118.8,714700000
output.kappa,690,118.9,713300000
output.kappa,691,119,712000000
output.kappa,692,119.1,710700000
output.kappa,693,119.2,709300000
output.kappa,694,119.3,708000000
output.kappa,695,119.4,706700000
output.kappa,696,119.5,705300000
output.kappa,697,119.6,704000000
output.kappa,698,119.7,702700000
output.kappa,699,119.8,701300000
output.kappa,700,119.9,700000000
output.kappa,701,120,698700000
output.kappa,702,120.1,697300000
output.kappa,703,120.2,696000000
output.kappa,704,120.3,694700000
output.kappa,705,120.4,693300000
output.kappa,706,120.5,692000000
output.kappa,707,120.6,690700000
output.kappa,708,120.7,689300000
output.kappa,709,120.8,688000000
output.kappa,710,120.9,686700000
output.kappa,711,121,685300000
output.kappa,712,121.1,684000000
output.kappa,713,121.2,682700000
output.kappa,714,121.3,681300000
output.kappa,715,121.4,680000000
output.kappa,716,121.5,678700000
output.kappa,717,121.6,677300000
output.kappa,718,121.7,676000000
output.kappa,719,121.8,674700000
output.kappa,720,121.9,673300000
output.kappa,721,122,672000000
output.kappa,722,122.1,670700000
output.kappa,723,122.2,669300000
output.kappa,724,122.3,668000000
output.kappa,725,122.4,666700000
output.kappa,726,122.5,665300000
output.kappa,727,122.6,664000000
output.kappa,728,122.7,662700000
output.kappa,729,122.8,661300000
output.kappa,730,122.9,660000000
output.kappa,731,123,658700000
output.kappa,732,123.1,657300000
output.kappa,733,123.2,656000000
output.kappa,734,123.3,654700000
output.kappa,735,123.4,653300000
output.kappa,736,123.5,652000000
output.kappa,737,123.6,650700000
output.kappa,738,123.7,649300000
output.kappa,739,123.8,648000000
output.kappa,740,123.9,646700000
output.kappa,741,124,645300000
output.kappa,742,124.1,644000000
output.kappa,743,124.2,642700000
output.kappa,744,124.3,641300000
output.kappa,745,124.4,640000000
output.kappa,746,124.5,638700000
output.kappa,747,124.6,637300000
output.kappa,748,124.7,636000000
output.kappa,749,124.8,634700000
output.kappa,750,124.9,633300000
output.kappa,751,125,632000000
output.kappa,752,125.1,630700000
output.kappa,753,125.2,629300000
output.kappa,754,125.3,628000000
output.kappa,755,125.4,626700000
output.kappa,756,125.5,625300000
output.kappa,757,125.6,624000000
output.kappa,758,125.7,622700000
output.kappa,759,125.8,621300000
output.kappa,760,125.9,620000000
output.kappa,761,126,618700000
output.kappa,762,126.1,617300000
output.kappa,763,126.2,616000000
output.kappa,764,126.3,614700000
output.kappa,765,126.4,613300000
output.kappa,766,126.5,612000000
output.kappa,767,126.6,610700000
output.kappa,768,126.7,609300000
output.kappa,769,126.8,608000000
output.kappa,770,126.9,606700000
output.kappa,771,127,605300000
output.kappa,772,127.1,604000000
output.kappa,773,127.2,602700000
output.kappa,774,127.3,601300000
output.kappa,775,127.4,600000000
output.kappa,776,127.5,598700000
output.kappa,777,127.6,597300000
output.kappa,778,127.7,596000000
output.kappa,779,127.8,594700000
output.kappa,780,127.9,593300000
output.kappa,781,128,592000000
output.kappa,782,128.1,590700000
output.kappa,783,128.2,589300000
output.kappa,784,128.3,588000000
output.kappa,785,128.4,586700000
output.kappa,786,128.5,585300000
output.kappa,787,128.6,584000000
output.kappa,788,128.7,582700000
output.kappa,789,128.8,581300000
output.kappa,790,128.9,580000000
output.kappa,791,129,578700000
output.kappa,792,129.1,577300000
output.kappa,793,129.2,576000000
output.kappa,794,129.3,574700000
output.kappa,795,129.4,573300000
output.kappa,796,129.5,572000000
output.kappa,797,129.6,570700000
output.kappa,798,129.7,569300000,569300000
output.kappa,799,129.8,568000000,569300000
output.kappa,800,129.9,566700000,569300000
output.kappa,801,130,565300000,569300000
output.kappa,802,130.1,564000000,569300000
output.kappa,803,130.2,562700000,569300000
output.kappa,804,130.3,561300000,569300000
output.kappa,805,130.4,560000000,569300000
output.kappa,806,130.5,558700000,569300000
output.kappa,807,130.6,557300000,569300000
output.kappa,808,130.7,556000000,569300000
output.kappa,809,130.8,554700000,569300000
output.kappa,810,130.9,553300000,569300000
output.kappa,811,131,552000000,569300000
output.kappa,812,131.1,550700000,569300000
output.kappa,813,131.2,549300000,569300000
output.kappa,814,131.3,548000000,569300000
output.kappa,815,131.4,546700000,569300000
output.kappa,816,131.5,545300000,569300000
output.kappa,817,131.6,544000000,569300000
output.kappa,818,131.7,542700000,569300000
output.kappa,819,131.8,541300000,569300000
output.kappa,820,131.9,540000000,569300000
output.kappa,821,132,538700000,569300000
output.kappa,822,132.1,537300000,569300000
output.kappa,823,132.2,536000000,569300000
output.kappa,824,132.3,534700000,569300000
output.kappa,825,132.4,533300000,569300000
output.kappa,826,132.5,532000000,569300000
output.kappa,827,132.6,530700000,569300000
output.kappa,828,132.7,529300000,569300000
output.kappa,829,132.8,528000000,569300000
output.kappa,830,132.9,526700000,569300000
output.kappa,831,133,525300000,569300000
output.kappa,832,133.1,524000000,569300000
output.kappa,833,133.2,522700000,569300000
output.kappa,834,133.3,521300000,569300000
output.kappa,835,133.4,520000000,569300000
output.kappa,836,133.5,518700000,569300000
output.kappa,837,133.6,517300000,569300000
output.kappa,838,133.7,516000000,569300000
output.kappa,839,133.8,514700000,569300000
output.kappa,840,133.9,513300000,569300000
output.kappa,841,134,512000000,569300000
output.kappa,842,134.1,510700000,569300000
output.kappa,843,134.2,509300000,569300000
output.kappa,844,134.3,508000000,569300000
output.kappa,845,134.4,506700000,569300000
output.kappa,846,134.5,505300000,569300000
output.kappa,847,134.6,504000000,569300000
output.kappa,848,134.7,502700000,569300000
output.kappa,849,134.8,501300000,569300000
output.kappa,850,134.9,500000000,569300000
output.kappa,851,135,499500000,569300000
output.kappa,852,135.1,498900000,569300000
output.kappa,853,135.2,498400000,569300000
output.kappa,854,135.3,497800000,569300000
output.kappa,855,135.4,497300000,569300000
output.kappa,856,135.5,496800000,569300000
output.kappa,857,135.6,496200000,569300000
output.kappa,858,135.7,495700000,569300000
output.kappa,859,135.8,495100000,569300000
output.kappa,860,135.9,494600000,569300000
output.kappa,861,136,494100000,569300000
output.kappa,862,136.1,493500000,569300000
output.kappa,863,136.2,493000000,569300000
output.kappa,864,136.3,492400000,569300000
output.kappa,865,136.4,491900000,569300000
output.kappa,866,136.5,491400000,569300000
output.kappa,867,136.6,490800000,569300000
output.kappa,868,136.7,490300000,569300000
output.kappa,869,136.8,489700000,569300000
output.kappa,870,136.9,489200000,569300000
output.kappa,871,137,488600000,569300000
output.kappa,872,137.1,488100000,569300000
output.kappa,873,137.2,487600000,569300000
output.kappa,874,137.3,487000000,569300000
output.kappa,875,137.4,486500000,569300000
output.kappa,876,137.5,485900000,569300000
output.kappa,877,137.6,485400000,569300000
output.kappa,878,137.7,484900000,569300000
output.kappa,879,137.8,484300000,569300000
output.kappa,880,137.9,483800000,569300000
output.kappa,881,138,483200000,569300000
output.kappa,882,138.1,482700000,569300000
output.kappa,883,138.2,482200000,569300000
output.kappa,884,138.3,481600000,569300000
output.kappa,885,138.4,481100000,569300000
output.kappa,886,138.5,480500000,569300000
output.kappa,887,138.6,480000000,569300000
output.kappa,888,138.7,479500000,569300000
output.kappa,889,138.8,478900000,569300000
output.kappa,890,138.9,478400000,569300000
output.kappa,891,139,477800000,569300000
output.kappa,892,139.1,477300000,569300000
output.kappa,893,139.2,476800000,569300000
output.kappa,894,139.3,476200000,569300000
output.kappa,895,139.4,475700000,569300000
output.kappa,896,139.5,475100000,569300000
output.kappa,897,139.6,474600000,569300000
output.kappa,898,139.7,474100000,569300000
output.kappa,899,139.8,473500000,569300000
output.kappa,900,139.9,473000000,569300000
output.kappa,901,140,472400000,569300000
output.kappa,902,140.1,471900000,569300000
output.kappa,903,140.2,471400000,569300000
output.kappa,904,140.3,470800000,569300000
output.kappa,905,140.4,470300000,569300000
output.kappa,906,140.5,469700000,569300000
output.kappa,907,140.6,469200000,569300000
output.kappa,908,140.7,468600000,569300000
output.kappa,909,140.8,468100000,569300000
output.kappa,910,140.9,467600000,569300000
output.kappa,911,141,467000000,569300000
output.kappa,912,141.1,466500000,569300000
output.kappa,913,141.2,465900000,569300000
output.kappa,914,141.3,465400000,569300000
output.kappa,915,141.4,464900000,569300000
output.kappa,916,141.5,464300000,569300000
output.kappa,917,141.6,463800000,569300000
output.kappa,918,141.7,463200000,569300000
output.kappa,919,141.8,462700000,569300000
output.kappa,920,141.9,462200000,569300000
output.kappa,921,142,461600000,569300000
output.kappa,922,142.1,461100000,569300000
output.kappa,923,142.2,460500000,569300000
output.kappa,924,142.3,460000000,569300000
output.kappa,925,142.4,459500000,569300000
output.kappa,926,142.5,458900000,569300000
output.kappa,927,142.6,458400000,569300000
output.kappa,928,142.7,457800000,569300000
output.kappa,929,142.8,457300000,569300000
output.kappa,930,142.9,456800000,569300000
output.kappa,931,143,456200000,569300000
output.kappa,932,143.1,455700000,569300000
output.kappa,933,143.2,455100000,569300000
output.kappa,934,143.3,454600000,569300000
output.kappa,935,143.4,454100000,569300000
output.kappa,936,143.5,453500000,569300000
output.kappa,937,143.6,453000000,569300000
output.kappa,938,143.7,452400000,569300000
output.kappa,939,143.8,451900000,569300000
output.kappa,940,143.9,451400000,569300000
output.kappa,941,144,450800000,569300000
output.kappa,942,144.1,450300000,569300000
output.kappa,943,144.2,449700000,569300000
output.kappa,944,144.3,449200000,569300000
output.kappa,945,144.4,448600000,569300000
output.kappa,946,144.5,448100000,569300000
output.kappa,947,144.6,447600000,569300000
output.kappa,948,144.7,447000000,569300000
output.kappa,949,144.8,446500000,569300000
output.kappa,950,144.9,445900000,569300000
output.kappa,951,145,445400000,569300000
output.kappa,952,145.1,444900000,569300000
output.kappa,953,145.2,444300000,569300000
output.kappa,954,145.3,443800000,569300000
output.kappa,955,145.4,443200000,569300000
output.kappa,956,145.5,442700000,569300000
output.kappa,957,145.6,442200000,569300000
output.kappa,958,145.7,441600000,569300000
output.kappa,959,145.8,441100000,569300000
output.kappa,960,145.9,440500000,569300000
output.kappa,961,146,440000000,569300000
output.kappa,962,146.1,439500000,569300000
output.kappa,963,146.2,438900000,569300000
output.kappa,964,146.3,438400000,569300000
output.kappa,965,146.4,437800000,569300000
output.kappa,966,146.5,437300000,569300000
output.kappa,967,146.6,436800000,569300000
output.kappa,968,146.7,436200000,569300000
output.kappa,969,146.8,435700000,569300000
output.kappa,970,146.9,435100000,569300000
output.kappa,971,147,434600000,569300000
output.kappa,972,147.1,434100000,569300000
output.kappa,973,147.2,433500000,569300000
output.kappa,974,147.3,433000000,569300000
output.kappa,975,147.4,432400000,569300000
output.kappa,976,147.5,431900000,569300000
output.kappa,977,147.6,431400000,569300000
output.kappa,978,147.7,430800000,569300000
output.kappa,979,147.8,430300000,569300000
output.kappa,980,147.9,429700000,569300000
output.kappa,981,148,429200000,569300000
output.kappa,982,148.1,428600000,569300000
output.kappa,983,148.2,428100000,569300000
output.kappa,984,148.3,427600000,569300000
output.kappa,985,148.4,427000000,569300000
output.kappa,986,148.5,426500000,569300000
output.kappa,987,148.6,425900000,569300000
output.kappa,988,148.7,425400000,569300000
output.kappa,989,148.8,424900000,569300000
output.kappa,990,148.9,424300000,569300000
output.kappa,991,149,423800000,569300000
output.kappa,992,149.1,423200000,569300000
output.kappa,993,149.2,422700000,569300000
output.kappa,994,149.3,422200000,569300000
output.kappa,995,149.4,421600000,569300000
output.kappa,996,149.5,421100000,569300000
output.kappa,997,149.6,420500000,569300000
output.kappa,998,149.7,420000000,569300000
output.kappa,999,149.8,419500000,569300000
output.kappa,1000,149.9,418900000,569300000
output.kappa,1001,500,418400000
output.kappa,1002,510,417800000
output.kappa,1003,520,417300000
output.kappa,1004,530,416800000
output.kappa,1005,540,416200000
output.kappa,1006,550,415700000
output.kappa,1007,560,415100000
output.kappa,1008,570,414600000
output.kappa,1009,580,414100000
output.kappa,1010,590,413500000
output.kappa,1011,600,413000000
output.kappa,1012,610,412400000
output.kappa,1013,620,411900000
output.kappa,1014,630,411400000
output.kappa,1015,640,410800000
output.kappa,1016,650,410300000
output.kappa,1017,660,409700000
output.kappa,1018,670,409200000
output.kappa,1019,680,408600000
output.kappa,1020,690,408100000
output.kappa,1021,700,407600000
output.kappa,1022,710,407000000
output.kappa,1023,720,406500000
output.kappa,1024,730,405900000
output.kappa,1025,740,405400000
output.kappa,1026,750,404900000
output.kappa,1027,760,404300000
output.kappa,1028,770,403800000
output.kappa,1029,780,403200000
output.kappa,1030,790,402700000
output.kappa,1031,800,402200000
output.kappa,1032,810,401600000
output.kappa,1033,820,401100000
output.kappa,1034,830,400500000
output.kappa,1035,840,400000000
output.kappa,1036,850,398500000
output.kappa,1037,860,396900000
output.kappa,1038,870,395400000
output.kappa,1039,880,393800000
output.kappa,1040,890,392300000
output.kappa,1041,900,390800000
output.kappa,1042,910,389200000
output.kappa,1043,920,387700000
output.kappa,1044,930,386200000
output.kappa,1045,940,384600000
output.kappa,1046,950,383100000
output.kappa,1047,960,381500000
output.kappa,1048,970,380000000
output.kappa,1049,980,378500000
output.kappa,1050,990,376900000
output.kappa,1051,1000,375400000
output.kappa,1052,1010,373800000
output.kappa,1053,1020,372300000
output.kappa,1054,1030,370800000
output.kappa,1055,1040,369200000
output.kappa,1056,1050,367700000
output.kappa,1057,1060,366200000
output.kappa,1058,1070,364600000
output.kappa,1059,1080,363100000
output.kappa,1060,1090,361500000
output.kappa,1061,1100,360000000
output.kappa,1062,1110,358500000
output.kappa,1063,1120,356900000
output.kappa,1064,1130,355400000
output.kappa,1065,1140,353800000
output.kappa,1066,1150,352300000
output.kappa,1067,1160,350800000
output.kappa,1068,1170,349200000
output.kappa,1069,1180,347700000
output.kappa,1070,1190,346200000
output.kappa,1071,1200,344600000
output.kappa,1072,1210,343100000
output.kappa,1073,1220,341500000
output.kappa,1074,1230,340000000
output.kappa,1075,1240,338500000
output.kappa,1076,1250,336900000
output.kappa,1077,1260,335400000
output.kappa,1078,1270,333800000
output.kappa,1079,1280,332300000
output.kappa,1080,1290,330800000
output.kappa,1081,1300,329200000
output.kappa,1082,1310,327700000
output.kappa,1083,1320,326200000
output.kappa,1084,1330,324600000
output.kappa,1085,1340,323100000
output.kappa,1086,1350,321500000
output.kappa,1087,1360,320000000
output.kappa,1088,1370,318500000
output.kappa,1089,1380,316900000
output.kappa,1090,1390,315400000
output.kappa,1091,1400,313800000
output.kappa,1092,1410,312300000
output.kappa,1093,1420,310800000
output.kappa,1094,1430,309200000
output.kappa,1095,1440,307700000
output.kappa,1096,1450,306200000
output.kappa,1097,1460,304600000
output.kappa,1098,1470,303100000
output.kappa,1099,1480,301500000
output.kappa,1100,1490,300000000
output.kappa,1101,1500,298000000
output.kappa,1102,1510,296000000
output.kappa,1103,1520,294000000
output.kappa,1104,1530,292000000
output.kappa,1105,1540,290000000
output.kappa,1106,1550,288000000
output.kappa,1107,1560,286000000
output.kappa,1108,1570,284000000
output.kappa,1109,1580,282000000
output.kappa,1110,1590,280000000
output.kappa,1111,1600,278000000
output.kappa,1112,1610,276000000
output.kappa,1113,1620,274000000
output.kappa,1114,1630,272000000
output.kappa,1115,1640,270000000
output.kappa,1116,1650,268000000
output.kappa,1117,1660,266000000
output.kappa,1118,1670,264000000
output.kappa,1119,1680,262000000
output.kappa,1120,1690,260000000
output.kappa,1121,1700,258000000
output.kappa,1122,1710,256000000
output.kappa,1123,1720,254000000
output.kappa,1124,1730,252000000
output.kappa,1125,1740,250000000
output.kappa,1126,1750,248000000
output.kappa,1127,1760,246000000
output.kappa,1128,1770,244000000
output.kappa,1129,1780,242000000
output.kappa,1130,1790,240000000
output.kappa,1131,1800,238000000
output.kappa,1132,1810,236000000
output.kappa,1133,1820,234000000
output.kappa,1134,1830,232000000
output.kappa,1135,1840,230000000
output.kappa,1136,1850,228000000
output.kappa,1137,1860,226000000
output.kappa,1138,1870,224000000
output.kappa,1139,1880,222000000
output.kappa,1140,1890,220000000
output.kappa,1141,1900,218000000
output.kappa,1142,1910,216000000
output.kappa,1143,1920,214000000
output.kappa,1144,1930,212000000
output.kappa,1145,1940,210000000
output.kappa,1146,1950,208000000
output.kappa,1147,1960,206000000
output.kappa,1148,1970,204000000
output.kappa,1149,1980,202000000
output.kappa,1150,1990,200000000
output.kappa,1151,2000,198000000
output.kappa,1152,2010,196000000
output.kappa,1153,2020,194000000
output.kappa,1154,2030,192000000
output.kappa,1155,2040,190000000
output.kappa,1156,2050,188000000
output.kappa,1157,2060,186000000
output.kappa,1158,2070,184000000
output.kappa,1159,2080,182000000
output.kappa,1160,2090,180000000
output.kappa,1161,2100,178000000
output.kappa,1162,2110,176000000
output.kappa,1163,2120,174000000
output.kappa,1164,2130,172000000
output.kappa,1165,2140,170000000
output.kappa,1166,2150,168000000
output.kappa,1167,2160,166000000
output.kappa,1168,2170,164000000
output.kappa,1169,2180,162000000
output.kappa,1170,2190,160000000
output.kappa,1171,2200,158000000
output.kappa,1172,2210,156000000
output.kappa,1173,2220,154000000
output.kappa,1174,2230,152000000
output.kappa,1175,2240,150000000
output.kappa,1176,2250,148000000
output.kappa,1177,2260,146000000
output.kappa,1178,2270,144000000
output.kappa,1179,2280,142000000
output.kappa,1180,2290,140000000
output.kappa,1181,2300,138000000
output.kappa,1182,2310,136000000
output.kappa,1183,2320,134000000
output.kappa,1184,2330,132000000
output.kappa,1185,2340,130000000
output.kappa,1186,2350,128000000
output.kappa,1187,2360,126000000
output.kappa,1188,2370,124000000
output.kappa,1189,2380,122000000
output.kappa,1190,2390,120000000
output.kappa,1191,2400,118000000
output.kappa,1192,2410,116000000
output.kappa,1193,2420,114000000
output.kappa,1194,2430,112000000
output.kappa,1195,2440,110000000
output.kappa,1196,2450,108000000
output.kappa,1197,2460,106000000
output.kappa,1198,2470,104000000
output.kappa,1199,2480,102000000
output.kappa,1200,2490,100000000
output.kappa,1201,2500,99830000
output.kappa,1202,2510,99670000
output.kappa,1203,2520,99500000
output.kappa,1204,2530,99330000
output.kappa,1205,2540,99170000
output.kappa,1206,2550,99000000
output.kappa,1207,2560,98830000
output.kappa,1208,2570,98670000
output.kappa,1209,2580,98500000
output.kappa,1210,2590,98330000
output.kappa,1211,2600,98170000
output.kappa,1212,2610,98000000
output.kappa,1213,2620,97830000
output.kappa,1214,2630,97670000
output.kappa,1215,2640,97500000
output.kappa,1216,2650,97330000
output.kappa,1217,2660,97170000
output.kappa,1218,2670,97000000
output.kappa,1219,2680,96830000
output.kappa,1220,2690,96670000
output.kappa,1221,2700,96500000
output.kappa,1222,2710,96330000
output.kappa,1223,2720,96170000
output.kappa,1224,2730,96000000
output.kappa,1225,2740,95830000
output.kappa,1226,2750,95670000
output.kappa,1227,2760,95500000
output.kappa,1228,2770,95330000
output.kappa,1229,2780,95170000
output.kappa,1230,2790,95000000
output.kappa,1231,2800,94830000
output.kappa,1232,2810,94670000
output.kappa,1233,2820,94500000
output.kappa,1234,2830,94330000
output.kappa,1235,2840,94170000
output.kappa,1236,2850,94000000
output.kappa,1237,2860,93830000
output.kappa,1238,2870,93670000
output.kappa,1239,2880,93500000
output.kappa,1240,2890,93330000
output.kappa,1241,2900,93170000
output.kappa,1242,2910,93000000
output.kappa,1243,2920,92830000
output.kappa,1244,2930,92670000
output.kappa,1245,2940,92500000
output.kappa,1246,2950,92330000
output.kappa,1247,2960,92170000
output.kappa,1248,2970,92000000
output.kappa,1249,2980,91830000
output.kappa,1250,2990,91670000
output.kappa,1251,3000,91500000
output.kappa,1252,3010,91330000
output.kappa,1253,3020,91170000
output.kappa,1254,3030,91000000
output.kappa,1255,3040,90830000
output.kappa,1256,3050,90670000
output.kappa,1257,3060,90500000
output.kappa,1258,3070,90330000
output.kappa,1259,3080,90170000
output.kappa,1260,3090,90000000
output.kappa,1261,3100,89830000
output.kappa,1262,3110,89670000
output.kappa,1263,3120,89500000
output.kappa,1264,3130,89330000
output.kappa,1265,3140,89170000
output.kappa,1266,3150,89000000
output.kappa,1267,3160,88830000
output.kappa,1268,3170,88670000
output.kappa,1269,3180,88500000
output.kappa,1270,3190,88330000
output.kappa,1271,3200,88170000
output.kappa,1272,3210,88000000
output.kappa,1273,3220,87830000
output.kappa,1274,3230,87670000
output.kappa,1275,3240,87500000
output.kappa,1276,3250,87330000
output.kappa,1277,3260,87170000
output.kappa,1278,3270,87000000
output.kappa,1279,3280,86830000
output.kappa,1280,3290,86670000
output.kappa,1281,3300,86500000
output.kappa,1282,3310,86330000
output.kappa,1283,3320,86170000
output.kappa,1284,3330,86000000
output.kappa,1285,3340,85830000
output.kappa,1286,3350,85670000
output.kappa,1287,3360,85500000
output.kappa,1288,3370,85330000
output.kappa,1289,3380,85170000
output.kappa,1290,3390,85000000
output.kappa,1291,3400,84830000
output.kappa,1292,3410,84670000
output.kappa,1293,3420,84500000
output.kappa,1294,3430,84330000
output.kappa,1295,3440,84170000
output.kappa,1296,3450,84000000
output.kappa,1297,3460,83830000
output.kappa,1298,3470,83670000
output.kappa,1299,3480,83500000
output.kappa,1300,3490,83330000
output.kappa,1301,3500,83170000
output.kappa,1302,3510,83000000
output.kappa,1303,3520,82830000
output.kappa,1304,3530,82670000
output.kappa,1305,3540,82500000
output.kappa,1306,3550,82330000
output.kappa,1307,3560,82170000
output.kappa,1308,3570,82000000
output.kappa,1309,3580,81830000
output.kappa,1310,3590,81670000
output.kappa,1311,3600,81500000
output.kappa,1312,3610,81330000
output.kappa,1313,3620,81170000
output.kappa,1314,3630,81000000
output.kappa,1315,3640,80830000
output.kappa,1316,3650,80670000
output.kappa,1317,3660,80500000
output.kappa,1318,3670,80330000
output.kappa,1319,3680,80170000
output.kappa,1320,3690,80000000
output.kappa,1321,3700,79830000
output.kappa,1322,3710,79670000
output.kappa,1323,3720,79500000
output.kappa,1324,3730,79330000
output.kappa,1325,3740,79170000
output.kappa,1326,3750,79000000
output.kappa,1327,3760,78830000
output.kappa,1328,3770,78670000
output.kappa,1329,3780,78500000
output.kappa,1330,3790,78330000
output.kappa,1331,3800,78170000
output.kappa,1332,3810,78000000
output.kappa,1333,3820,77830000
output.kappa,1334,3830,77670000
output.kappa,1335,3840,77500000
output.kappa,1336,3850,77330000
output.kappa,1337,3860,77170000
output.kappa,1338,3870,77000000
output.kappa,1339,3880,76830000
output.kappa,1340,3890,76670000
output.kappa,1341,3900,76500000
output.kappa,1342,3910,76330000
output.kappa,1343,3920,76170000
output.kappa,1344,3930,76000000
output.kappa,1345,3940,75830000
output.kappa,1346,3950,75670000
output.kappa,1347,3960,75500000
output.kappa,1348,3970,75330000
output.kappa,1349,3980,75170000
output.kappa,1350,3990,75000000
output.kappa,1351,4000,74830000
output.kappa,1352,4010,74670000
output.kappa,1353,4020,74500000
output.kappa,1354,4030,74330000
output.kappa,1355,4040,74170000
output.kappa,1356,4050,74000000
output.kappa,1357,4060,73830000
output.kappa,1358,4070,73670000
output.kappa,1359,4080,73500000
output.kappa,1360,4090,73330000
output.kappa,1361,4100,73170000
output.kappa,1362,4110,73000000
output.kappa,1363,4120,72830000
output.kappa,1364,4130,72670000
output.kappa,1365,4140,72500000
output.kappa,1366,4150,72330000
output.kappa,1367,4160,72170000
output.kappa,1368,4170,72000000
output.kappa,1369,4180,71830000
output.kappa,1370,4190,71670000
output.kappa,1371,4200,71500000
output.kappa,1372,4210,71330000
output.kappa,1373,4220,71170000
output.kappa,1374,4230,71000000
output.kappa,1375,4240,70830000
output.kappa,1376,4250,70670000
output.kappa,1377,4260,70500000
output.kappa,1378,4270,70330000
output.kappa,1379,4280,70170000
output.kappa,1380,4290,70000000
output.kappa,1381,4300,69830000
output.kappa,1382,4310,69670000
output.kappa,1383,4320,69500000
output.kappa,1384,4330,69330000
output.kappa,1385,4340,69170000
output.kappa,1386,4350,69000000
output.kappa,1387,4360,68830000
output.kappa,1388,4370,68670000
output.kappa,1389,4380,68500000
output.kappa,1390,4390,68330000
output.kappa,1391,4400,68170000
output.kappa,1392,4410,68000000
output.kappa,1393,4420,67830000
output.kappa,1394,4430,67670000
output.kappa,1395,4440,67500000
output.kappa,1396,4450,67330000
output.kappa,1397,4460,67170000
output.kappa,1398,4470,67000000
output.kappa,1399,4480,66830000
output.kappa,1400,4490,66670000
output.kappa,1401,4500,66500000
output.kappa,1402,4510,66330000
output.kappa,1403,4520,66170000
output.kappa,1404,4530,66000000
output.kappa,1405,4540,65830000
output.kappa,1406,4550,65670000
output.kappa,1407,4560,65500000
output.kappa,1408,4570,65330000
output.kappa,1409,4580,65170000
output.kappa,1410,4590,65000000
output.kappa,1411,4600,64830000
output.kappa,1412,4610,64670000
output.kappa,1413,4620,64500000
output.kappa,1414,4630,64330000
output.kappa,1415,4640,64170000
output.kappa,1416,4650,64000000
output.kappa,1417,4660,63830000
output.kappa,1418,4670,63670000
output.kappa,1419,4680,63500000
output.kappa,1420,4690,63330000
output.kappa,1421,4700,63170000
output.kappa,1422,4710,63000000
output.kappa,1423,4720,62830000
output.kappa,1424,4730,62670000
output.kappa,1425,4740,62500000
output.kappa,1426,4750,62330000
output.kappa,1427,4760,62170000
output.kappa,1428,4770,62000000
output.kappa,1429,4780,61830000
output.kappa,1430,4790,61670000
output.kappa,1431,4800,61500000
output.kappa,1432,4810,61330000
output.kappa,1433,4820,61170000
output.kappa,1434,4830,61000000
output.kappa,1435,4840,60830000
output.kappa,1436,4850,60670000
output.kappa,1437,4860,60500000
output.kappa,1438,4870,60330000
output.kappa,1439,4880,60170000
output.kappa,1440,4890,60000000
output.kappa,1441,4900,59830000
output.kappa,1442,4910,59670000
output.kappa,1443,4920,59500000
output.kappa,1444,4930,59330000
output.kappa,1445,4940,59170000
output.kappa,1446,4950,59000000
output.kappa,1447,4960,58830000
output.kappa,1448,4970,58670000
output.kappa,1449,4980,58500000
output.kappa,1450,4990,58330000
output.kappa,1451,5000,58170000
output.kappa,1452,5010,58000000
output.kappa,1453,5020,57830000
output.kappa,1454,5030,57670000
output.kappa,1455,5040,57500000
output.kappa,1456,5050,57330000
output.kappa,1457,5060,57170000
output.kappa,1458,5070,57000000
output.kappa,1459,5080,56830000
output.kappa,1460,5090,56670000
output.kappa,1461,5100,56500000
output.kappa,1462,5110,56330000
output.kappa,1463,5120,56170000
output.kappa,1464,5130,56000000
output.kappa,1465,5140,55830000
output.kappa,1466,5150,55670000
output.kappa,1467,5160,55500000
output.kappa,1468,5170,55330000
output.kappa,1469,5180,55170000
output.kappa,1470,5190,55000000
output.kappa,1471,5200,54830000
output.kappa,1472,5210,54670000
output.kappa,1473,5220,54500000
output.kappa,1474,5230,54330000
output.kappa,1475,5240,54170000
output.kappa,1476,5250,54000000
output.kappa,1477,5260,53830000
output.kappa,1478,5270,53670000
output.kappa,1479,5280,53500000
output.kappa,1480,5290,53330000
output.kappa,1481,5300,53170000
output.kappa,1482,5310,53000000
output.kappa,1483,5320,52830000
output.kappa,1484,5330,52670000
output.kappa,1485,5340,52500000
output.kappa,1486,5350,52330000
output.kappa,1487,5360,52170000
output.kappa,1488,5370,52000000
output.kappa,1489,5380,51830000
output.kappa,1490,5390,51670000
output.kappa,1491,5400,51500000
output.kappa,1492,5410,51330000
output.kappa,1493,5420,51170000
output.kappa,1494,5430,51000000
output.kappa,1495,5440,50830000
output.kappa,1496,5450,50670000
output.kappa,1497,5460,50500000
output.kappa,1498,5470,50330000
output.kappa,1499,5480,50170000
output.kappa,1500,5490,50000000
output.kappa,1501,5500,49830000
output.kappa,1502,5510,49670000
output.kappa,1503,5520,49500000
output.kappa,1504,5530,49330000
output.kappa,1505,5540,49170000
output.kappa,1506,5550,49000000
output.kappa,1507,5560,48830000
output.kappa,1508,5570,48670000
output.kappa,1509,5580,48500000
output.kappa,1510,5590,48330000
output.kappa,1511,5600,48170000
output.kappa,1512,5610,48000000
output.kappa,1513,5620,47830000
output.kappa,1514,5630,47670000
output.kappa,1515,5640,47500000
output.kappa,1516,5650,47330000
output.kappa,1517,5660,47170000
output.kappa,1518,5670,47000000
output.kappa,1519,5680,46830000
output.kappa,1520,5690,46670000
output.kappa,1521,5700,46500000
output.kappa,1522,5710,46330000
output.kappa,1523,5720,46170000
output.kappa,1524,5730,46000000
output.kappa,1525,5740,45830000
output.kappa,1526,5750,45670000
output.kappa,1527,5760,45500000
output.kappa,1528,5770,45330000
output.kappa,1529,5780,45170000
output.kappa,1530,5790,45000000
output.kappa,1531,5800,44830000
output.kappa,1532,5810,44670000
output.kappa,1533,5820,44500000
output.kappa,1534,5830,44330000
output.kappa,1535,5840,44170000
output.kappa,1536,5850,44000000
output.kappa,1537,5860,43830000
output.kappa,1538,5870,43670000
output.kappa,1539,5880,43500000
output.kappa,1540,5890,43330000
output.kappa,1541,5900,43170000
output.kappa,1542,5910,43000000
output.kappa,1543,5920,42830000
output.kappa,1544,5930,42670000
output.kappa,1545,5940,42500000
output.kappa,1546,5950,42330000
output.kappa,1547,5960,42170000
output.kappa,1548,5970,42000000
output.kappa,1549,5980,41830000
output.kappa,1550,5990,41670000
output.kappa,1551,6000,41500000
output.kappa,1552,6010,41330000
output.kappa,1553,6020,41170000
output.kappa,1554,6030,41000000
output.kappa,1555,6040,40830000
output.kappa,1556,6050,40670000
output.kappa,1557,6060,40500000
output.kappa,1558,6070,40330000
output.kappa,1559,6080,40170000
output.kappa,1560,6090,40000000
output.kappa,1561,6100,39830000
output.kappa,1562,6110,39670000
output.kappa,1563,6120,39500000
output.kappa,1564,6130,39330000
output.kappa,1565,6140,39170000
output.kappa,1566,6150,39000000
output.kappa,1567,6160,38830000
output.kappa,1568,6170,38670000
output.kappa,1569,6180,38500000
output.kappa,1570,6190,38330000
output.kappa,1571,6200,38170000
output.kappa,1572,6210,38000000
output.kappa,1573,6220,37830000
output.kappa,1574,6230,37670000
output.kappa,1575,6240,37500000
output.kappa,1576,6250,37330000
output.kappa,1577,6260,37170000
output.kappa,1578,6270,37000000
output.kappa,1579,6280,36830000
output.kappa,1580,6290,36670000
output.kappa,1581,6300,36500000
output.kappa,1582,6310,36330000
output.kappa,1583,6320,36170000
output.kappa,1584,6330,36000000
output.kappa,1585,6340,35830000
output.kappa,1586,6350,35670000
output.kappa,1587,6360,35500000
output.kappa,1588,6370,35330000
output.kappa,1589,6380,35170000
output.kappa,1590,6390,35000000
output.kappa,1591,6400,34830000
output.kappa,1592,6410,34670000
output.kappa,1593,6420,34500000
output.kappa,1594,6430,34330000
output.kappa,1595,6440,34170000
output.kappa,1596,6450,34000000
output.kappa,1597,6460,33830000
output.kappa,1598,6470,33670000
output.kappa,1599,6480,33500000
output.kappa,1600,6490,33330000
output.kappa,1601,6500,33170000
output.kappa,1602,6510,33000000
output.kappa,1603,6520,32830000
output.kappa,1604,6530,32670000
output.kappa,1605,6540,32500000
output.kappa,1606,6550,32330000
output.kappa,1607,6560,32170000
output.kappa,1608,6570,32000000
output.kappa,1609,6580,31830000
output.kappa,1610,6590,31670000
output.kappa,1611,6600,31500000
output.kappa,1612,6610,31330000
output.kappa,1613,6620,31170000
output.kappa,1614,6630,31000000
output.kappa,1615,6640,30830000
output.kappa,1616,6650,30670000
output.kappa,1617,6660,30500000
output.kappa,1618,6670,30330000
output.kappa,1619,6680,30170000
output.kappa,1620,6690,30000000
output.kappa,1621,6700,29830000
output.kappa,1622,6710,29670000
output.kappa,1623,6720,29500000
output.kappa,1624,6730,29330000
output.kappa,1625,6740,29170000
output.kappa,1626,6750,29000000
output.kappa,1627,6760,28830000
output.kappa,1628,6770,28670000
output.kappa,1629,6780,28500000
output.kappa,1630,6790,28330000
output.kappa,1631,6800,28170000
output.kappa,1632,6810,28000000
output.kappa,1633,6820,27830000
output.kappa,1634,6830,27670000
output.kappa,1635,6840,27500000
output.kappa,1636,6850,27330000
output.kappa,1637,6860,27170000
output.kappa,1638,6870,27000000
output.kappa,1639,6880,26830000
output.kappa,1640,6890,26670000
output.kappa,1641,6900,26500000
output.kappa,1642,6910,26330000
output.kappa,1643,6920,26170000
output.kappa,1644,6930,26000000
output.kappa,1645,6940,25830000
output.kappa,1646,6950,25670000
output.kappa,1647,6960,25500000
output.kappa,1648,6970,25330000
output.kappa,1649,6980,25170000
output.kappa,1650,6990,25000000
output.kappa,1651,7000,24830000
output.kappa,1652,7010,24670000
output.kappa,1653,7020,24500000
output.kappa,1654,7030,24330000
output.kappa,1655,7040,24170000
output.kappa,1656,7050,24000000
output.kappa,1657,7060,23830000
output.kappa,1658,7070,23670000
output.kappa,1659,7080,23500000
output.kappa,1660,7090,23330000
output.kappa,1661,7100,23170000
output.kappa,1662,7110,23000000
output.kappa,1663,7120,22830000
output.kappa,1664,7130,22670000
output.kappa,1665,7140,22500000
output.kappa,1666,7150,22330000
output.kappa,1667,7160,22170000
output.kappa,1668,7170,22000000
output.kappa,1669,7180,21830000
output.kappa,1670,7190,21670000
output.kappa,1671,7200,21500000
output.kappa,1672,7210,21330000
output.kappa,1673,7220,21170000
output.kappa,1674,7230,21000000
output.kappa,1675,7240,20830000
output.kappa,1676,7250,20670000
output.kappa,1677,7260,20500000
output.kappa,1678,7270,20330000
output.kappa,1679,7280,20170000
output.kappa,1680,7290,20000000
output.kappa,1681,7300,19830000
output.kappa,1682,7310,19670000
output.kappa,1683,7320,19500000
output.kappa,1684,7330,19330000
output.kappa,1685,7340,19170000
output.kappa,1686,7350,19000000
output.kappa,1687,7360,18830000
output.kappa,1688,7370,18670000
output.kappa,1689,7380,18500000
output.kappa,1690,7390,18330000
output.kappa,1691,7400,18170000
output.kappa,1692,7410,18000000
output.kappa,1693,7420,17830000
output.kappa,1694,7430,17670000
output.kappa,1695,7440,17500000
output.kappa,1696,7450,17330000
output.kappa,1697,7460,17170000
output.kappa,1698,7470,17000000
output.kappa,1699,7480,16830000
output.kappa,1700,7490,16670000
output.kappa,1701,7500,16500000
output.kappa,1702,7510,16330000
output.kappa,1703,7520,16170000
output.kappa,1704,7530,16000000
output.kappa,1705,7540,15830000
output.kappa,1706,7550,15670000
output.kappa,1707,7560,15500000
output.kappa,1708,7570,15330000
output.kappa,1709,7580,15170000
output.kappa,1710,7590,15000000
output.kappa,1711,7600,14830000
output.kappa,1712,7610,14670000
output.kappa,1713,7620,14500000
output.kappa,1714,7630,14330000
output.kappa,1715,7640,14170000
output.kappa,1716,7650,14000000
output.kappa,1717,7660,13830000
output.kappa,1718,7670,13670000
output.kappa,1719,7680,13500000
output.kappa,1720,7690,13330000
output.kappa,1721,7700,13170000
output.kappa,1722,7710,13000000
output.kappa,1723,7720,12830000
output.kappa,1724,7730,12670000
output.kappa,1725,7740,12500000
output.kappa,1726,7750,12330000
output.kappa,1727,7760,12170000
output.kappa,1728,7770,12000000
output.kappa,1729,7780,11830000
output.kappa,1730,7790,11670000
output.kappa,1731,7800,11500000
output.kappa,1732,7810,11330000
output.kappa,1733,7820,11170000
output.kappa,1734,7830,11000000
output.kappa,1735,7840,10830000
output.kappa,1736,7850,10670000
output.kappa,1737,7860,10500000
output.kappa,1738,7870,10330000
output.kappa,1739,7880,10170000
output.kappa,1740,7890,10000000
output.kappa,1741,7900,9833000
output.kappa,1742,7910,9667000
output.kappa,1743,7920,9500000
output.kappa,1744,7930,9333000
output.kappa,1745,7940,9167000
output.kappa,1746,7950,9000000
output.kappa,1747,7960,8833000
output.kappa,1748,7970,8667000
output.kappa,1749,7980,8500000
output.kappa,1750,7990,8333000
output.kappa,1751,8000,8167000
output.kappa,1752,8010,8000000
output.kappa,1753,8020,7833000
output.kappa,1754,8030,7667000
output.kappa,1755,8040,7500000
output.kappa,1756,8050,7333000
output.kappa,1757,8060,7167000
output.kappa,1758,8070,7000000
output.kappa,1759,8080,6833000
output.kappa,1760,8090,6667000
output.kappa,1761,8100,6500000
output.kappa,1762,8110,6333000
output.kappa,1763,8120,6167000
output.kappa,1764,8130,6000000
output.kappa,1765,8140,5833000
output.kappa,1766,8150,5667000
output.kappa,1767,8160,5500000
output.kappa,1768,8170,5333000
output.kappa,1769,8180,5167000
output.kappa,1770,8190,5000000
output.kappa,1771,8200,4833000
output.kappa,1772,8210,4667000
output.kappa,1773,8220,4500000
output.kappa,1774,8230,4333000
output.kappa,1775,8240,4167000
output.kappa,1776,8250,4000000
output.kappa,1777,8260,3833000
output.kappa,1778,8270,3667000
output.kappa,1779,8280,3500000
output.kappa,1780,8290,3333000
output.kappa,1781,8300,3167000
output.kappa,1782,8310,3000000
output.kappa,1783,8320,2833000
output.kappa,1784,8330,2667000
output.kappa,1785,8340,2500000
output.kappa,1786,8350,2333000
output.kappa,1787,8360,2167000
output.kappa,1788,8370,2000000
output.kappa,1789,8380,1833000
output.kappa,1790,8390,1667000
output.kappa,1791,8400,1500000
output.kappa,1792,8410,1333000
output.kappa,1793,8420,1167000
output.kappa,1794,8430,1000000
output.kappa,1795,8440,833300
output.kappa,1796,8450,666700
output.kappa,1797,8460,500000
output.kappa,1798,8470,333300
output.kappa,1799,8480,166700
output.kappa,1800,8490,0
supplies.cash,1,1,1234000000
supplies.cash,2,1.4,1212000000
supplies.cash,3,1.8,1183000000
supplies.cash,4,2.2,1137000000
supplies.cash,5,2.6,1097000000
supplies.cash,6,3,1060000000
supplies.cash,7,3.4,1024000000
supplies.cash,8,3.8,990700000
supplies.cash,9,4.2,958700000
supplies.cash,10,4.6,928000000
supplies.cash,11,5,900000000
supplies.cash,12,5.4,858000000
supplies.cash,13,5.8,816000000
supplies.cash,14,6.2,776000000
supplies.cash,15,6.6,738000000
supplies.cash,16,7,702000000
supplies.cash,17,7.4,666000000
supplies.cash,18,7.8,630000000
supplies.cash,19,8.2,596000000
supplies.cash,20,8.6,562000000
supplies.cash,21,9,528000000
supplies.cash,22,9.4,499400000
supplies.cash,23,9.8,494500000
supplies.cash,24,10.2,489500000
supplies.cash,25,10.6,484900000
supplies.cash,26,11,480300000
supplies.cash,27,11.4,475700000
supplies.cash,28,11.8,471100000
supplies.cash,29,12.2,466800000
supplies.cash,30,12.6,462200000
supplies.cash,31,13,457800000
supplies.cash,32,13.4,453500000
supplies.cash,33,13.8,449500000
supplies.cash,34,14.2,445200000
supplies.cash,35,14.6,441200000
supplies.cash,36,15,436900000
supplies.cash,37,15.4,432900000
supplies.cash,38,15.8,428900000
supplies.cash,39,16.2,424900000
supplies.cash,40,16.6,421200000
supplies.cash,41,17,417200000
supplies.cash,42,17.4,413500000
supplies.cash,43,17.8,409500000
supplies.cash,44,18.2,405800000
supplies.cash,45,18.6,402200000
supplies.cash,46,19,394400000
supplies.cash,47,19.4,381100000
supplies.cash,48,19.8,367800000
supplies.cash,49,20.2,354400000
supplies.cash,50,20.6,344400000
supplies.cash,51,21,104500
supplies.cash,52,21.4,102400
supplies.cash,53,21.8,100400
supplies.cash,54,22.2,98370
supplies.cash,55,22.6,96460
supplies.cash,56,23,94620
supplies.cash,57,23.4,92840
supplies.cash,58,23.8,91120
supplies.cash,59,24.2,89450
supplies.cash,60,24.6,87850
supplies.cash,61,25,86290
supplies.cash,62,25.4,84780
supplies.cash,63,25.8,83320
supplies.cash,64,26.2,81910
supplies.cash,65,26.6,80540
supplies.cash,66,27,79210
supplies.cash,67,27.4,77920
supplies.cash,68,27.8,76670
supplies.cash,69,28.2,75450
supplies.cash,70,28.6,74270
supplies.cash,71,29,73120
supplies.cash,72,29.4,72000
supplies.cash,73,29.8,70910
supplies.cash,74,30.2,69850
supplies.cash,75,30.6,68820
supplies.cash,76,31,67820
supplies.cash,77,31.4,66840
supplies.cash,78,31.8,65890
supplies.cash,79,32.2,64960
supplies.cash,80,32.6,64060
supplies.cash,81,33,63170
supplies.cash,82,33.4,62310
supplies.cash,83,33.8,61470
supplies.cash,84,34.2,60650
supplies.cash,85,34.6,59850
supplies.cash,86,35,59060
supplies.cash,87,35.4,58300
supplies.cash,88,35.8,57550
supplies.cash,89,36.2,56820
supplies.cash,90,36.6,56110
supplies.cash,91,37,55410
supplies.cash,92,37.4,54730
supplies.cash,93,37.8,54060
supplies.cash,94,38.2,53400
supplies.cash,95,38.6,52760
supplies.cash,96,39,52130
supplies.cash,97,39.4,51520
supplies.cash,98,39.8,50920
supplies.cash,99,40.2,50330
supplies.cash,100,40.6,49750
supplies.cash,101,41,49190
supplies.cash,102,41.4,48630
supplies.cash,103,41.8,48090
supplies.cash,104,42.2,47550
supplies.cash,105,42.6,47030
supplies.cash,106,43,46520
supplies.cash,107,43.4,46010
supplies.cash,108,43.8,45520
supplies.cash,109,44.2,45040
supplies.cash,110,44.6,44560
supplies.cash,111,45,44090
supplies.cash,112,45.4,43630
supplies.cash,113,45.8,43180
supplies.cash,114,46.2,42740
supplies.cash,115,46.6,42310
supplies.cash,116,47,41880
supplies.cash,117,47.4,41460
supplies.cash,118,47.8,41050
supplies.cash,119,48.2,40640
supplies.cash,120,48.6,40240
supplies.cash,121,49,39850
supplies.cash,122,49.4,39470
supplies.cash,123,49.8,39090
supplies.cash,124,50.2,38710
supplies.cash,125,50.6,38350
supplies.cash,126,51,37990
supplies.cash,127,51.4,37630
supplies.cash,128,51.8,37280
supplies.cash,129,52.2,36940
supplies.cash,130,52.6,36600
supplies.cash,131,53,36270
supplies.cash,132,53.4,35940
supplies.cash,133,53.8,35620
supplies.cash,134,54.2,35300
supplies.cash,135,54.6,34990
supplies.cash,136,55,34680
supplies.cash,137,55.4,34370
supplies.cash,138,55.8,34070
supplies.cash,139,56.2,33780
supplies.cash,140,56.6,33490
supplies.cash,141,57,33200
supplies.cash,142,57.4,32920
supplies.cash,143,57.8,32640
supplies.cash,144,58.2,32370
supplies.cash,145,58.6,32100
supplies.cash,146,59,31830
supplies.cash,147,59.4,31570
supplies.cash,148,59.8,31310
supplies.cash,149,60.2,31050
supplies.cash,150,60.6,30800
supplies.cash,151,61,30550
supplies.cash,152,61.4,30310
supplies.cash,153,61.8,30070
supplies.cash,154,62.2,29830
supplies.cash,155,62.6,29590
supplies.cash,156,63,29360
supplies.cash,157,63.4,29130
supplies.cash,158,63.8,28910
supplies.cash,159,64.2,28680
supplies.cash,160,64.6,28460
supplies.cash,161,65,28240
supplies.cash,162,65.4,28030
supplies.cash,163,65.8,27820
supplies.cash,164,66.2,27610
supplies.cash,165,66.6,27400
supplies.cash,166,67,27200
supplies.cash,167,67.4,26990
supplies.cash,168,67.8,26800
supplies.cash,169,68.2,26600
supplies.cash,170,68.6,26400
supplies.cash,171,69,26210
supplies.cash,172,69.4,26020
supplies.cash,173,69.8,25840
supplies.cash,174,70.2,25650
supplies.cash,175,70.6,25470
supplies.cash,176,71,25290
supplies.cash,177,71.4,25110
supplies.cash,178,71.8,24930
supplies.cash,179,72.2,24760
supplies.cash,180,72.6,24590
supplies.cash,181,73,24410
supplies.cash,182,73.4,24250
supplies.cash,183,73.8,24080
supplies.cash,184,74.2,23920
supplies.cash,185,74.6,23750
supplies.cash,186,75,23590
supplies.cash,187,75.4,23430
supplies.cash,188,75.8,23270
supplies.cash,189,76.2,23120
supplies.cash,190,76.6,22970
supplies.cash,191,77,22810
supplies.cash,192,77.4,22660
supplies.cash,193,77.8,22510
supplies.cash,194,78.2,22370
supplies.cash,195,78.6,22220
supplies.cash,196,79,22080
supplies.cash,197,79.4,21930
supplies.cash,198,79.8,21790
supplies.cash,199,80.2,21650
supplies.cash,200,80.6,21510
supplies.cash,201,81,21380
supplies.cash,202,81.4,21240
supplies.cash,203,81.8,21110
supplies.cash,204,82.2,20980
supplies.cash,205,82.6,20850
supplies.cash,206,83,20720
supplies.cash,207,83.4,20590
supplies.cash,208,83.8,20460
supplies.cash,209,84.2,20330
supplies.cash,210,84.6,20210
supplies.cash,211,85,20090
supplies.cash,212,85.4,19960
supplies.cash,213,85.8,19840
supplies.cash,214,86.2,19720
supplies.cash,215,86.6,19600
supplies.cash,216,87,19490
supplies.cash,217,87.4,19370
supplies.cash,218,87.8,19260
supplies.cash,219,88.2,19140
supplies.cash,220,88.6,19030
supplies.cash,221,89,18920
supplies.cash,222,89.4,18810
supplies.cash,223,89.8,18700
supplies.cash,224,90.2,18590
supplies.cash,225,90.6,18480
supplies.cash,226,91,18370
supplies.cash,227,91.4,18270
supplies.cash,228,91.8,18160
supplies.cash,229,92.2,18060
supplies.cash,230,92.6,17960
supplies.cash,231,93,17860
supplies.cash,232,93.4,17750
supplies.cash,233,93.8,17650
supplies.cash,234,94.2,17560
supplies.cash,235,94.6,17460
supplies.cash,236,95,17360
supplies.cash,237,95.4,17260
supplies.cash,238,95.8,17170
supplies.cash,239,96.2,17070
supplies.cash,240,96.6,16980
supplies.alpha,1,8,1172000000
supplies.alpha,2,16,1136000000
supplies.alpha,3,24,99930
supplies.alpha,4,32,74800
supplies.alpha,5,40,59730
supplies.alpha,6,48,49680
supplies.alpha,7,56,42500
supplies.alpha,8,64,37120
supplies.alpha,9,72,32940
supplies.alpha,10,80,29590
supplies.alpha,11,88,26850
supplies.alpha,12,96,24560
supplies.alpha,13,104,22630
supplies.alpha,14,112,20980
supplies.alpha,15,120,19540
supplies.alpha,16,128,18290
supplies.alpha,17,136,17180
supplies.alpha,18,144,16200
supplies.alpha,19,152,15320
supplies.alpha,20,160,14520
supplies.alpha,21,168,13810
supplies.alpha,22,176,13150
supplies.alpha,23,184,12560
supplies.alpha,24,192,12010
supplies.alpha,25,200,11510
supplies.alpha,26,208,11050
supplies.alpha,27,216,10620
supplies.alpha,28,224,10220
supplies.alpha,29,232,9854
supplies.alpha,30,240,9508
supplies.alpha,31,248,9185
supplies.alpha,32,256,8882
supplies.alpha,33,264,8597
supplies.alpha,34,272,8329
supplies.alpha,35,280,8077
supplies.alpha,36,288,7839
supplies.alpha,37,296,7613
supplies.alpha,38,304,7400
supplies.alpha,39,312,7197
supplies.alpha,40,320,7005
supplies.alpha,41,328,6822
supplies.alpha,42,336,6648
supplies.alpha,43,344,6482
supplies.alpha,44,352,6323
supplies.alpha,45,360,6172
supplies.alpha,46,368,6027
supplies.alpha,47,376,5889
supplies.alpha,48,384,5756
supplies.alpha,49,392,5629
supplies.alpha,50,400,5507
supplies.alpha,51,408,5389
supplies.alpha,52,416,5276
supplies.alpha,53,424,5168
supplies.alpha,54,432,5063
supplies.alpha,55,440,4963
supplies.alpha,56,448,4866
supplies.alpha,57,456,4772
supplies.alpha,58,464,4682
supplies.alpha,59,472,4595
supplies.alpha,60,480,4510
supplies.alpha,61,488,4429
supplies.alpha,62,496,4350
supplies.alpha,63,504,4274
supplies.alpha,64,512,4200
supplies.alpha,65,520,4128
supplies.alpha,66,528,4059
supplies.alpha,67,536,3991
supplies.alpha,68,544,3926
supplies.alpha,69,552,3863
supplies.alpha,70,560,3801
supplies.alpha,71,568,3741
supplies.alpha,72,576,3683
supplies.alpha,73,584,3626
supplies.alpha,74,592,3572
supplies.alpha,75,600,3518
supplies.alpha,76,608,3466
supplies.alpha,77,616,3415
supplies.alpha,78,624,3366
supplies.alpha,79,632,3318
supplies.alpha,80,640,3271
supplies.alpha,81,648,3225
supplies.alpha,82,656,3181
supplies.alpha,83,664,3137
supplies.alpha,84,672,3095
supplies.alpha,85,680,3053
supplies.alpha,86,688,3013
supplies.alpha,87,696,2973
supplies.alpha,88,704,2935
supplies.alpha,89,712,2897
supplies.alpha,90,720,2860
supplies.alpha,91,728,2824
supplies.alpha,92,736,2789
supplies.alpha,93,744,2754
supplies.alpha,94,752,2721
supplies.alpha,95,760,2688
supplies.beta,1,2,1185000000
supplies.beta,2,3,1148000000
supplies.beta,3,4,1117000000
supplies.beta,4,5,1082000000
supplies.beta,5,6,1042000000
supplies.beta,6,7,1005000000
supplies.beta,7,8,950700000
supplies.beta,8,9,896000000
supplies.beta,9,10,845300000
supplies.beta,10,11,796000000
supplies.beta,11,12,749300000
supplies.beta,12,13,704000000
supplies.beta,13,14,660000000
supplies.beta,14,15,617300000
supplies.beta,15,16,566000000
supplies.beta,16,17,506000000
supplies.beta,17,18,465300000
supplies.beta,18,19,426700000
supplies.beta,19,20,392200000
supplies.beta,20,21,362200000
supplies.beta,21,22,105400
supplies.beta,22,23,100600
supplies.beta,23,24,96220
supplies.beta,24,25,92200
supplies.beta,25,26,88490
supplies.beta,26,27,85060
supplies.beta,27,28,81870
supplies.beta,28,29,78900
supplies.beta,29,30,76130
supplies.beta,30,31,73540
supplies.beta,31,32,71110
supplies.beta,32,33,68830
supplies.beta,33,34,66690
supplies.beta,34,35,64660
supplies.beta,35,36,62750
supplies.beta,36,37,60950
supplies.beta,37,38,59240
supplies.beta,38,39,57610
supplies.beta,39,40,56070
supplies.beta,40,41,54610
supplies.beta,41,42,53210
supplies.beta,42,43,51880
supplies.beta,43,44,50610
supplies.beta,44,45,49400
supplies.beta,45,46,48240
supplies.beta,46,47,47130
supplies.beta,47,48,46060
supplies.beta,48,49,45040
supplies.beta,49,50,44060
supplies.beta,50,51,43120
supplies.beta,51,52,42220
supplies.beta,52,53,41350
supplies.beta,53,54,40510
supplies.beta,54,55,39710
supplies.beta,55,56,38930
supplies.beta,56,57,38180
supplies.beta,57,58,37450
supplies.beta,58,59,36760
supplies.beta,59,60,36080
supplies.beta,60,61,35430
supplies.beta,61,62,34790
supplies.beta,62,63,34180
supplies.beta,63,64,33590
supplies.beta,64,65,33020
supplies.beta,65,66,32460
supplies.beta,66,67,31920
supplies.beta,67,68,31400
supplies.beta,68,69,30890
supplies.beta,69,70,30390
supplies.beta,70,71,29920
supplies.beta,71,72,29450
supplies.beta,72,73,29000
supplies.beta,73,74,28560
supplies.beta,74,75,28130
supplies.beta,75,76,27710
supplies.beta,76,77,27300
supplies.beta,77,78,26910
supplies.beta,78,79,26520
supplies.beta,79,80,26150
supplies.beta,80,81,25780
supplies.beta,81,82,25420
supplies.beta,82,83,25070
supplies.beta,83,84,24730
supplies.beta,84,85,24400
supplies.beta,85,86,24080
supplies.beta,86,87,23760
supplies.beta,87,88,23450
supplies.beta,88,89,23150
supplies.beta,89,90,22850
supplies.beta,90,91,22570
supplies.beta,91,92,22280
supplies.beta,92,93,22010
supplies.beta,93,94,21740
supplies.beta,94,95,21470
supplies.beta,95,96,21210
supplies.ceti,1,2,990000000
supplies.ceti,2,2.8,870000000
supplies.ceti,3,3.6,728000000
supplies.ceti,4,4.4,620000000
supplies.ceti,5,5.2,498500000
supplies.ceti,6,6,490900000
supplies.ceti,7,6.8,483800000
supplies.ceti,8,7.6,477000000
supplies.ceti,9,8.4,470700000
supplies.ceti,10,9.2,464400000
supplies.ceti,11,10,458500000
supplies.ceti,12,10.8,453000000
supplies.ceti,13,11.6,447400000
supplies.ceti,14,12.4,442100000
supplies.ceti,15,13.2,437000000
supplies.ceti,16,14,432000000
supplies.ceti,17,14.8,427000000
supplies.ceti,18,15.6,422300000
supplies.ceti,19,16.4,417500000
supplies.ceti,20,17.2,413000000
supplies.ceti,21,18,408600000
supplies.ceti,22,18.8,404200000
supplies.ceti,23,19.6,398900000
supplies.ceti,24,20.4,374400000
supplies.ceti,25,21.2,351100000
supplies.ceti,26,22,104400
supplies.ceti,27,22.8,100500
supplies.ceti,28,23.6,96960
supplies.ceti,29,24.4,93610
supplies.ceti,30,25.2,90470
supplies.ceti,31,26,87530
supplies.ceti,32,26.8,84760
supplies.ceti,33,27.6,82150
supplies.ceti,34,28.4,79690
supplies.ceti,35,29.2,77370
supplies.ceti,36,30,75170
supplies.ceti,37,30.8,73080
supplies.ceti,38,31.6,71110
supplies.ceti,39,32.4,69220
supplies.ceti,40,33.2,67440
supplies.ceti,41,34,65730
supplies.ceti,42,34.8,64100
supplies.ceti,43,35.6,62550
supplies.ceti,44,36.4,61070
supplies.ceti,45,37.2,59650
supplies.ceti,46,38,58290
supplies.ceti,47,38.8,56980
supplies.ceti,48,39.6,55730
supplies.ceti,49,40.4,54530
supplies.ceti,50,41.2,53380
supplies.ceti,51,42,52270
supplies.ceti,52,42.8,51200
supplies.ceti,53,43.6,50180
supplies.ceti,54,44.4,49180
supplies.ceti,55,45.2,48230
supplies.ceti,56,46,47310
supplies.ceti,57,46.8,46420
supplies.ceti,58,47.6,45560
supplies.ceti,59,48.4,44730
supplies.ceti,60,49.2,43920
supplies.ceti,61,50,43150
supplies.ceti,62,50.8,42390
supplies.ceti,63,51.6,41660
supplies.ceti,64,52.4,40960
supplies.ceti,65,53.2,40270
supplies.ceti,66,54,39600
supplies.ceti,67,54.8,38960
supplies.ceti,68,55.6,38330
supplies.ceti,69,56.4,37720
supplies.ceti,70,57.2,37130
supplies.ceti,71,58,36560
supplies.ceti,72,58.8,36000
supplies.ceti,73,59.6,35460
supplies.ceti,74,60.4,34930
supplies.ceti,75,61.2,34410
supplies.ceti,76,62,33910
supplies.ceti,77,62.8,33420
supplies.ceti,78,63.6,32940
supplies.ceti,79,64.4,32480
supplies.ceti,80,65.2,32030
supplies.ceti,81,66,31590
supplies.ceti,82,66.8,31160
supplies.ceti,83,67.6,30730
supplies.ceti,84,68.4,30320
supplies.ceti,85,69.2,29920
supplies.ceti,86,70,29530
supplies.ceti,87,70.8,29150
supplies.ceti,88,71.6,28780
supplies.ceti,89,72.4,28410
supplies.ceti,90,73.2,28050
supplies.ceti,91,74,27700
supplies.ceti,92,74.8,27360
supplies.ceti,93,75.6,27030
supplies.ceti,94,76.4,26700
supplies.ceti,95,77.2,26380
supplies.delta,1,4,1167000000
supplies.delta,2,8,1112000000
supplies.delta,3,12,1029000000
supplies.delta,4,16,933600000
supplies.delta,5,20,831000000
supplies.delta,6,24,99350
supplies.delta,7,28,85000
supplies.delta,8,32,74230
supplies.delta,9,36,65860
supplies.delta,10,40,59160
supplies.delta,11,44,53690
supplies.delta,12,48,49120
supplies.delta,13,52,45260
supplies.delta,14,56,41950
supplies.delta,15,60,39080
supplies.delta,16,64,36570
supplies.delta,17,68,34350
supplies.delta,18,72,32380
supplies.delta,19,76,30620
supplies.delta,20,80,29040
supplies.delta,21,84,27600
supplies.delta,22,88,26300
supplies.delta,23,92,25110
supplies.delta,24,96,24020
supplies.delta,25,100,23020
supplies.delta,26,104,22090
supplies.delta,27,108,21230
supplies.delta,28,112,20440
supplies.delta,29,116,19700
supplies.delta,30,120,19010
supplies.delta,31,124,18360
supplies.delta,32,128,17750
supplies.delta,33,132,17190
supplies.delta,34,136,16650
supplies.delta,35,140,16140
supplies.delta,36,144,15670
supplies.delta,37,148,15220
supplies.delta,38,152,14790
supplies.delta,39,156,14390
supplies.delta,40,160,14000
supplies.delta,41,164,13640
supplies.delta,42,168,13290
supplies.delta,43,172,12950
supplies.delta,44,176,12640
supplies.delta,45,180,12340
supplies.delta,46,184,12050
supplies.delta,47,188,11770
supplies.delta,48,192,11500
supplies.delta,49,196,11250
supplies.delta,50,200,11000
supplies.delta,51,204,10770
supplies.delta,52,208,10540
supplies.delta,53,212,10330
supplies.delta,54,216,10120
supplies.delta,55,220,9917
supplies.delta,56,224,9723
supplies.delta,57,228,9536
supplies.delta,58,232,9355
supplies.delta,59,236,9181
supplies.delta,60,240,9012
supplies.delta,61,244,8849
supplies.delta,62,248,8691
supplies.delta,63,252,8539
supplies.delta,64,256,8391
supplies.delta,65,260,8247
supplies.delta,66,264,8109
supplies.delta,67,268,7974
supplies.delta,68,272,7843
supplies.delta,69,276,7716
supplies.delta,70,280,7593
supplies.delta,71,284,7474
supplies.delta,72,288,7357
supplies.delta,73,292,7244
supplies.delta,74,296,7134
supplies.delta,75,300,7027
supplies.delta,76,304,6923
supplies.delta,77,308,6822
supplies.delta,78,312,6723
supplies.delta,79,316,6627
supplies.delta,80,320,6533
supplies.delta,81,324,6442
supplies.delta,82,328,6352
supplies.delta,83,332,6266
supplies.delta,84,336,6181
supplies.delta,85,340,6098
supplies.delta,86,344,6017
supplies.delta,87,348,5938
supplies.delta,88,352,5861
supplies.delta,89,356,5785
supplies.delta,90,360,5712
supplies.delta,91,364,5640
supplies.delta,92,368,5569
supplies.delta,93,372,5500
supplies.delta,94,376,5433
supplies.delta,95,380,5367
supplies.epsilon,1,2,940000000
supplies.epsilon,2,2.5,824000000
supplies.epsilon,3,3,742000000
supplies.epsilon,4,3.5,652000000
supplies.epsilon,5,4,532000000
supplies.epsilon,6,4.5,496300000
supplies.epsilon,7,5,491700000
supplies.epsilon,8,5.5,487100000
supplies.epsilon,9,6,482800000
supplies.epsilon,10,6.5,478600000
supplies.epsilon,11,7,474600000
supplies.epsilon,12,7.5,470600000
supplies.epsilon,13,8,466800000
supplies.epsilon,14,8.5,463100000
supplies.epsilon,15,9,459700000
supplies.epsilon,16,9.5,456200000
supplies.epsilon,17,10,452700000
supplies.epsilon,18,10.5,449400000
supplies.epsilon,19,11,446300000
supplies.epsilon,20,11.5,443000000
supplies.epsilon,21,12,439800000
supplies.epsilon,22,12.5,436900000
supplies.epsilon,23,13,433700000
supplies.epsilon,24,13.5,430800000
supplies.epsilon,25,14,427800000
supplies.epsilon,26,14.5,425000000
supplies.epsilon,27,15,422300000
supplies.epsilon,28,15.5,419500000
supplies.epsilon,29,16,416700000
supplies.epsilon,30,16.5,413900000
supplies.epsilon,31,17,411300000
supplies.epsilon,32,17.5,408500000
supplies.epsilon,33,18,405900000
supplies.epsilon,34,18.5,403300000
supplies.epsilon,35,19,400900000
supplies.epsilon,36,19.5,388900000
supplies.epsilon,37,20,373300000
supplies.epsilon,38,20.5,356700000
supplies.epsilon,39,21,344400000
supplies.epsilon,40,21.5,104100
supplies.epsilon,41,22,101600
supplies.epsilon,42,22.5,99150
supplies.epsilon,43,23,96820
supplies.epsilon,44,23.5,94590
supplies.epsilon,45,24,92450
supplies.epsilon,46,24.5,90410
supplies.epsilon,47,25,88440
supplies.epsilon,48,25.5,86550
supplies.epsilon,49,26,84740
supplies.epsilon,50,26.5,82990
supplies.epsilon,51,27,81310
supplies.epsilon,52,27.5,79690
supplies.epsilon,53,28,78130
supplies.epsilon,54,28.5,76620
supplies.epsilon,55,29,75170
supplies.epsilon,56,29.5,73770
supplies.epsilon,57,30,72410
supplies.epsilon,58,30.5,71100
supplies.epsilon,59,31,69830
supplies.epsilon,60,31.5,68600
supplies.epsilon,61,32,67410
supplies.epsilon,62,32.5,66260
supplies.epsilon,63,33,65140
supplies.epsilon,64,33.5,64060
supplies.epsilon,65,34,63010
supplies.epsilon,66,34.5,61990
supplies.epsilon,67,35,61000
supplies.epsilon,68,35.5,60040
supplies.epsilon,69,36,59100
supplies.epsilon,70,36.5,58190
supplies.epsilon,71,37,57310
supplies.epsilon,72,37.5,56450
supplies.epsilon,73,38,55610
supplies.epsilon,74,38.5,54790
supplies.epsilon,75,39,54000
supplies.epsilon,76,39.5,53220
supplies.epsilon,77,40,52470
supplies.epsilon,78,40.5,51730
supplies.epsilon,79,41,51020
supplies.epsilon,80,41.5,50320
supplies.epsilon,81,42,49640
supplies.epsilon,82,42.5,48970
supplies.epsilon,83,43,48320
supplies.epsilon,84,43.5,47680
supplies.epsilon,85,44,47060
supplies.epsilon,86,44.5,46460
supplies.epsilon,87,45,45860
supplies.epsilon,88,45.5,45280
supplies.epsilon,89,46,44720
supplies.epsilon,90,46.5,44160
supplies.epsilon,91,47,43620
supplies.epsilon,92,47.5,43090
supplies.epsilon,93,48,42570
supplies.epsilon,94,48.5,42060
supplies.epsilon,95,49,41560
supplies.fenix,1,2,1185000000
supplies.fenix,2,2.5,1166000000
supplies.fenix,3,3,1148000000
supplies.fenix,4,3.5,1132000000
supplies.fenix,5,4,1117000000
supplies.fenix,6,4.5,1102000000
supplies.fenix,7,5,1077000000
supplies.fenix,8,5.5,1051000000
supplies.fenix,9,6,1026000000
supplies.fenix,10,6.5,1002000000
supplies.fenix,11,7,979000000
supplies.fenix,12,7.5,956000000
supplies.fenix,13,8,934000000
supplies.fenix,14,8.5,913000000
supplies.fenix,15,9,890700000
supplies.fenix,16,9.5,864000000
supplies.fenix,17,10,837300000
supplies.fenix,18,10.5,812000000
supplies.fenix,19,11,788000000
supplies.fenix,20,11.5,762700000
supplies.fenix,21,12,738700000
supplies.fenix,22,12.5,716000000
supplies.fenix,23,13,688000000
supplies.fenix,24,13.5,654000000
supplies.fenix,25,14,620000000
supplies.fenix,26,14.5,592000000
supplies.fenix,27,15,570700000
supplies.fenix,28,15.5,549300000
supplies.fenix,29,16,528000000
supplies.fenix,30,16.5,506700000
supplies.fenix,31,17,486700000
supplies.fenix,32,17.5,465300000
supplies.fenix,33,18,445300000
supplies.fenix,34,18.5,425300000
supplies.fenix,35,19,406700000
supplies.fenix,36,19.5,388900000
supplies.fenix,37,20,373300000
supplies.fenix,38,20.5,356700000
supplies.fenix,39,21,344400000
supplies.fenix,40,21.5,104100
supplies.fenix,41,22,101600
supplies.fenix,42,22.5,99150
supplies.fenix,43,23,96820
supplies.fenix,44,23.5,94590
supplies.fenix,45,24,92450
supplies.fenix,46,24.5,90410
supplies.fenix,47,25,88440
supplies.fenix,48,25.5,86550
supplies.fenix,49,26,84740
supplies.fenix,50,26.5,82990
supplies.fenix,51,27,81310
supplies.fenix,52,27.5,79690
supplies.fenix,53,28,78130
supplies.fenix,54,28.5,76620
supplies.fenix,55,29,75170
supplies.fenix,56,29.5,73770
supplies.fenix,57,30,72410
supplies.fenix,58,30.5,71100
supplies.fenix,59,31,69830
supplies.fenix,60,31.5,68600
supplies.fenix,61,32,67410
supplies.fenix,62,32.5,66260
supplies.fenix,63,33,65140
supplies.fenix,64,33.5,64060
supplies.fenix,65,34,63010
supplies.fenix,66,34.5,61990
supplies.fenix,67,35,61000
supplies.fenix,68,35.5,60040
supplies.fenix,69,36,59100
supplies.fenix,70,36.5,58190
supplies.fenix,71,37,57310
supplies.fenix,72,37.5,56450
supplies.fenix,73,38,55610
supplies.fenix,74,38.5,54790
supplies.fenix,75,39,54000
supplies.fenix,76,39.5,53220
supplies.fenix,77,40,52470
supplies.fenix,78,40.5,51730
supplies.fenix,79,41,51020
supplies.fenix,80,41.5,50320
supplies.fenix,81,42,49640
supplies.fenix,82,42.5,48970
supplies.fenix,83,43,48320
supplies.fenix,84,43.5,47680
supplies.fenix,85,44,47060
supplies.fenix,86,44.5,46460
supplies.fenix,87,45,45860
supplies.fenix,88,45.5,45280
supplies.fenix,89,46,44720
supplies.fenix,90,46.5,44160
supplies.fenix,91,47,43620
supplies.fenix,92,47.5,43090
supplies.fenix,93,48,42570
supplies.fenix,94,48.5,42060
supplies.fenix,95,49,41560
supplies.gamma,1,2,1208000000
supplies.gamma,2,4,1173000000
supplies.gamma,3,6,1148000000
supplies.gamma,4,8,1127000000
supplies.gamma,5,10,1108000000
supplies.gamma,6,12,1080000000
supplies.gamma,7,14,1043000000
supplies.gamma,8,16,1007000000
supplies.gamma,9,18,964800000
supplies.gamma,10,20,920800000
supplies.gamma,11,22,862700000
supplies.gamma,12,24,98240
supplies.gamma,13,26,90510
supplies.gamma,14,28,83890
supplies.gamma,15,30,78150
supplies.gamma,16,32,73130
supplies.gamma,17,34,68700
supplies.gamma,18,36,64760
supplies.gamma,19,38,61240
supplies.gamma,20,40,58070
supplies.gamma,21,42,55210
supplies.gamma,22,44,52600
supplies.gamma,23,46,50220
supplies.gamma,24,48,48040
supplies.gamma,25,50,46030
supplies.gamma,26,52,44180
supplies.gamma,27,54,42470
supplies.gamma,28,56,40880
supplies.gamma,29,58,39400
supplies.gamma,30,60,38010
supplies.gamma,31,62,36720
supplies.gamma,32,64,35510
supplies.gamma,33,66,34370
supplies.gamma,34,68,33300
supplies.gamma,35,70,32290
supplies.gamma,36,72,31340
supplies.gamma,37,74,30430
supplies.gamma,38,76,29580
supplies.gamma,39,78,28770
supplies.gamma,40,80,28000
supplies.gamma,41,82,27270
supplies.gamma,42,84,26570
supplies.gamma,43,86,25910
supplies.gamma,44,88,25280
supplies.gamma,45,90,24670
supplies.gamma,46,92,24090
supplies.gamma,47,94,23540
supplies.gamma,48,96,23010
supplies.gamma,49,98,22500
supplies.gamma,50,100,22010
supplies.gamma,51,102,21540
supplies.gamma,52,104,21090
supplies.gamma,53,106,20650
supplies.gamma,54,108,20240
supplies.gamma,55,110,19830
supplies.gamma,56,112,19450
supplies.gamma,57,114,19070
supplies.gamma,58,116,18710
supplies.gamma,59,118,18360
supplies.gamma,60,120,18020
supplies.gamma,61,122,17700
supplies.gamma,62,124,17380
supplies.gamma,63,126,17080
supplies.gamma,64,128,16780
supplies.gamma,65,130,16490
supplies.gamma,66,132,16220
supplies.gamma,67,134,15950
supplies.gamma,68,136,15690
supplies.gamma,69,138,15430
supplies.gamma,70,140,15190
supplies.gamma,71,142,14950
supplies.gamma,72,144,14710
supplies.gamma,73,146,14490
supplies.gamma,74,148,14270
supplies.gamma,75,150,14050
supplies.gamma,76,152,13850
supplies.gamma,77,154,13640
supplies.gamma,78,156,13450
supplies.gamma,79,158,13250
supplies.gamma,80,160,13070
supplies.gamma,81,162,12880
supplies.gamma,82,164,12700
supplies.gamma,83,166,12530
supplies.gamma,84,168,12360
supplies.gamma,85,170,12200
supplies.gamma,86,172,12030
supplies.gamma,87,174,11880
supplies.gamma,88,176,11720
supplies.gamma,89,178,11570
supplies.gamma,90,180,11420
supplies.gamma,91,182,11280
supplies.gamma,92,184,11140
supplies.gamma,93,186,11000
supplies.gamma,94,188,10870
supplies.gamma,95,190,10730
supplies.helion,1,2,1208000000
supplies.helion,2,6,838700000
supplies.helion,3,10,526000000
supplies.helion,4,14,459000000
supplies.helion,5,18,419700000
supplies.helion,6,22,348900000
supplies.helion,7,26,91540
supplies.helion,8,30,79180
supplies.helion,9,34,69740
supplies.helion,10,38,62280
supplies.helion,11,42,56240
supplies.helion,12,46,51260
supplies.helion,13,50,47070
supplies.helion,14,54,43500
supplies.helion,15,58,40420
supplies.helion,16,62,37750
supplies.helion,17,66,35390
supplies.helion,18,70,33310
supplies.helion,19,74,31450
supplies.helion,20,78,29780
supplies.helion,21,82,28280
supplies.helion,22,86,26910
supplies.helion,23,90,25670
supplies.helion,24,94,24530
supplies.helion,25,98,23490
supplies.helion,26,102,22520
supplies.helion,27,106,21630
supplies.helion,28,110,20810
supplies.helion,29,114,20040
supplies.helion,30,118,19330
supplies.helion,31,122,18660
supplies.helion,32,126,18040
supplies.helion,33,130,17450
supplies.helion,34,134,16900
supplies.helion,35,138,16380
supplies.helion,36,142,15890
supplies.helion,37,146,15430
supplies.helion,38,150,14990
supplies.helion,39,154,14570
supplies.helion,40,158,14180
supplies.helion,41,162,13800
supplies.helion,42,166,13450
supplies.helion,43,170,13110
supplies.helion,44,174,12780
supplies.helion,45,178,12470
supplies.helion,46,182,12180
supplies.helion,47,186,11900
supplies.helion,48,190,11620
supplies.helion,49,194,11360
supplies.helion,50,198,11120
supplies.helion,51,202,10880
supplies.helion,52,206,10650
supplies.helion,53,210,10430
supplies.helion,54,214,10210
supplies.helion,55,218,10010
supplies.helion,56,222,9810
supplies.helion,57,226,9620
supplies.helion,58,230,9436
supplies.helion,59,234,9259
supplies.helion,60,238,9088
supplies.helion,61,242,8922
supplies.helion,62,246,8762
supplies.helion,63,250,8607
supplies.helion,64,254,8457
supplies.helion,65,258,8311
supplies.helion,66,262,8171
supplies.helion,67,266,8034
supplies.helion,68,270,7901
supplies.helion,69,274,7773
supplies.helion,70,278,7648
supplies.helion,71,282,7527
supplies.helion,72,286,7409
supplies.helion,73,290,7294
supplies.helion,74,294,7183
supplies.helion,75,298,7075
supplies.helion,76,302,6969
supplies.helion,77,306,6866
supplies.helion,78,310,6766
supplies.helion,79,314,6669
supplies.helion,80,318,6574
supplies.helion,81,322,6482
supplies.helion,82,326,6391
supplies.helion,83,330,6303
supplies.helion,84,334,6218
supplies.helion,85,338,6134
supplies.helion,86,342,6052
supplies.helion,87,346,5972
supplies.helion,88,350,5894
supplies.helion,89,354,5818
supplies.helion,90,358,5744
supplies.helion,91,362,5671
supplies.helion,92,366,5600
supplies.helion,93,370,5530
supplies.helion,94,374,5462
supplies.helion,95,378,5395
bbbot.cash,1,10,1003000000
bbbot.cash,2,10.5,986700000
bbbot.cash,3,11,970700000
bbbot.cash,4,11.5,954700000
bbbot.cash,5,12,938700000
bbbot.cash,6,12.5,924000000
bbbot.cash,7,13,909300000
bbbot.cash,8,13.5,890000000
bbbot.cash,9,14,868000000
bbbot.cash,10,14.5,846000000
bbbot.cash,11,15,826000000
bbbot.cash,12,15.5,804000000
bbbot.cash,13,16,784000000
bbbot.cash,14,16.5,762000000
bbbot.cash,15,17,742000000
bbbot.cash,16,17.5,722000000
bbbot.cash,17,18,700000000
bbbot.cash,18,18.5,680000000
bbbot.cash,19,19,660000000
bbbot.cash,20,19.5,642000000
bbbot.cash,21,20,622000000
bbbot.cash,22,20.5,602000000
bbbot.cash,23,21,582000000
bbbot.cash,24,21.5,564000000
bbbot.cash,25,22,544000000
bbbot.cash,26,22.5,524000000
bbbot.cash,27,23,506000000
bbbot.cash,28,23.5,498200000
bbbot.cash,29,24,495100000
bbbot.cash,30,24.5,492300000
bbbot.cash,31,25,489500000
bbbot.cash,32,25.5,486800000
bbbot.cash,33,26,483700000
bbbot.cash,34,26.5,480900000
bbbot.cash,35,27,478200000
bbbot.cash,36,27.5,475400000
bbbot.cash,37,28,472600000
bbbot.cash,38,28.5,469800000
bbbot.cash,39,29,467100000
bbbot.cash,40,29.5,464300000
bbbot.cash,41,30,461500000
bbbot.cash,42,30.5,459100000
bbbot.cash,43,31,456300000
bbbot.cash,44,31.5,453500000
bbbot.cash,45,32,450800000
bbbot.cash,46,32.5,448300000
bbbot.cash,47,33,445500000
bbbot.cash,48,33.5,442800000
bbbot.cash,49,34,440300000
bbbot.cash,50,34.5,437500000
bbbot.cash,51,35,435100000
bbbot.cash,52,35.5,432300000
bbbot.cash,53,36,429800000
bbbot.cash,54,36.5,427100000
bbbot.cash,55,37,424600000
bbbot.cash,56,37.5,421800000
bbbot.cash,57,38,419400000
bbbot.cash,58,38.5,416600000
bbbot.cash,59,39,414200000
bbbot.cash,60,39.5,411700000
bbbot.cash,61,40,408900000
bbbot.cash,62,40.5,406500000
bbbot.cash,63,41,404000000
bbbot.cash,64,41.5,401200000
bbbot.cash,65,42,395600000
bbbot.cash,66,42.5,386700000
bbbot.cash,67,43,377800000
bbbot.cash,68,43.5,367800000
bbbot.cash,69,44,358900000
bbbot.cash,70,44.5,350000000
bbbot.cash,71,45,344400000
bbbot.cash,72,45.5,89530
bbbot.cash,73,46,88130
bbbot.cash,74,46.5,86760
bbbot.cash,75,47,85420
bbbot.cash,76,47.5,84110
bbbot.cash,77,48,82830
bbbot.cash,78,48.5,81580
bbbot.cash,79,49,80360
bbbot.cash,80,49.5,79170
bbbot.cash,81,50,78000
bbbot.cash,82,50.5,76860
bbbot.cash,83,51,75740
bbbot.cash,84,51.5,74650
bbbot.cash,85,52,73580
bbbot.cash,86,52.5,72540
bbbot.cash,87,53,71510
bbbot.cash,88,53.5,70510
bbbot.cash,89,54,69530
bbbot.cash,90,54.5,68570
bbbot.cash,91,55,67630
bbbot.cash,92,55.5,66710
bbbot.cash,93,56,65800
bbbot.cash,94,56.5,64920
bbbot.cash,95,57,64050
bbbot.cash,96,57.5,63200
bbbot.cash,97,58,62360
bbbot.cash,98,58.5,61550
bbbot.cash,99,59,60740
bbbot.cash,100,59.5,59960
bbbot.cash,101,60,59190
bbbot.cash,102,60.5,58430
bbbot.cash,103,61,57680
bbbot.cash,104,61.5,56960
bbbot.cash,105,62,56240
bbbot.cash,106,62.5,55540
bbbot.cash,107,63,54850
bbbot.cash,108,63.5,54170
bbbot.cash,109,64,53500
bbbot.cash,110,64.5,52850
bbbot.cash,111,65,52210
bbbot.cash,112,65.5,51580
bbbot.cash,113,66,50960
bbbot.cash,114,66.5,50350
bbbot.cash,115,67,49750
bbbot.cash,116,67.5,49160
bbbot.cash,117,68,48590
bbbot.cash,118,68.5,48020
bbbot.cash,119,69,47460
bbbot.cash,120,69.5,46910
bbbot.cash,121,70,46370
bbbot.cash,122,70.5,45840
bbbot.cash,123,71,45320
bbbot.cash,124,71.5,44800
bbbot.cash,125,72,44300
bbbot.cash,126,72.5,43800
bbbot.cash,127,73,43310
bbbot.cash,128,73.5,42830
bbbot.cash,129,74,42350
bbbot.cash,130,74.5,41890
bbbot.cash,131,75,41430
bbbot.cash,132,75.5,40980
bbbot.cash,133,76,40530
bbbot.cash,134,76.5,40090
bbbot.cash,135,77,39660
bbbot.cash,136,77.5,39240
bbbot.cash,137,78,38820
bbbot.cash,138,78.5,38410
bbbot.cash,139,79,38000
bbbot.cash,140,79.5,37600
bbbot.cash,141,80,37210
bbbot.cash,142,80.5,36820
bbbot.cash,143,81,36440
bbbot.cash,144,81.5,36060
bbbot.cash,145,82,35690
bbbot.cash,146,82.5,35320
bbbot.cash,147,83,34960
bbbot.cash,148,83.5,34610
bbbot.cash,149,84,34250
bbbot.cash,150,84.5,33910
bbbot.cash,151,85,33570
bbbot.cash,152,85.5,33230
bbbot.cash,153,86,32900
bbbot.cash,154,86.5,32580
bbbot.cash,155,87,32250
bbbot.cash,156,87.5,31940
bbbot.cash,157,88,31620
bbbot.cash,158,88.5,31310
bbbot.cash,159,89,31010
bbbot.cash,160,89.5,30710
bbbot.cash,161,90,30410
bbbot.cash,162,90.5,30120
bbbot.cash,163,91,29830
bbbot.cash,164,91.5,29550
bbbot.cash,165,92,29260
bbbot.cash,166,92.5,28990
bbbot.cash,167,93,28710
bbbot.cash,168,93.5,28440
bbbot.cash,169,94,28180
bbbot.cash,170,94.5,27910
bbbot.cash,171,95,27650
bbbot.cash,172,95.5,27400
bbbot.cash,173,96,27140
bbbot.cash,174,96.5,26890
bbbot.cash,175,97,26650
bbbot.cash,176,97.5,26400
bbbot.cash,177,98,26160
bbbot.cash,178,98.5,25920
bbbot.cash,179,99,25690
bbbot.cash,180,99.5,25460
bbbot.cash,181,100,25230
bbbot.cash,182,100.5,25000
bbbot.cash,183,101,24780
bbbot.cash,184,101.5,24560
bbbot.cash,185,102,24340
bbbot.cash,186,102.5,24120
bbbot.cash,187,103,23910
bbbot.cash,188,103.5,23700
bbbot.cash,189,104,23490
bbbot.cash,190,104.5,23290
bbbot.cash,191,105,23090
bbbot.cash,192,105.5,22880
bbbot.cash,193,106,22690
bbbot.cash,194,106.5,22490
bbbot.cash,195,107,22300
bbbot.cash,196,107.5,22110
bbbot.cash,197,108,21920
bbbot.cash,198,108.5,21730
bbbot.cash,199,109,21550
bbbot.cash,200,109.5,21360
bbbot.cash,201,110,21180
bbbot.cash,202,110.5,21000
bbbot.cash,203,111,20830
bbbot.cash,204,111.5,20650
bbbot.cash,205,112,20480
bbbot.cash,206,112.5,20310
bbbot.cash,207,113,20140
bbbot.cash,208,113.5,19970
bbbot.cash,209,114,19810
bbbot.cash,210,114.5,19650
bbbot.cash,211,115,19480
bbbot.cash,212,115.5,19320
bbbot.cash,213,116,19170
bbbot.cash,214,116.5,19010
bbbot.cash,215,117,18860
bbbot.cash,216,117.5,18700
bbbot.cash,217,118,18550
bbbot.cash,218,118.5,18400
bbbot.cash,219,119,18250
bbbot.cash,220,119.5,18110
bbbot.cash,221,120,17960
bbbot.cash,222,120.5,17820
bbbot.cash,223,121,17680
bbbot.cash,224,121.5,17540
bbbot.cash,225,122,17400
bbbot.cash,226,122.5,17250
bbbot.cash,227,123,17100
bbbot.cash,228,123.5,16950
bbbot.cash,229,124,16810
bbbot.cash,230,124.5,16660
bbbot.cash,231,125,16520
bbbot.cash,232,125.5,16380
bbbot.cash,233,126,16240
bbbot.cash,234,126.5,16100
bbbot.cash,235,127,15970
bbbot.cash,236,127.5,15830
bbbot.cash,237,128,15700
bbbot.cash,238,128.5,15560
bbbot.cash,239,129,15430
bbbot.cash,240,129.5,15300
bbbot.cash,241,130,15170
bbbot.cash,242,130.5,15050
bbbot.cash,243,131,14920
bbbot.cash,244,131.5,14800
bbbot.cash,245,132,14670
bbbot.cash,246,132.5,14550
bbbot.cash,247,133,14430
bbbot.cash,248,133.5,14310
bbbot.cash,249,134,14190
bbbot.cash,250,134.5,14080
bbbot.cash,251,135,13960
bbbot.cash,252,135.5,13840
bbbot.cash,253,136,13730
bbbot.cash,254,136.5,13620
bbbot.cash,255,137,13510
bbbot.cash,256,137.5,13390
bbbot.cash,257,138,13290
bbbot.cash,258,138.5,13180
bbbot.cash,259,139,13070
bbbot.cash,260,139.5,12960
bbbot.cash,261,140,12860
bbbot.cash,262,140.5,12750
bbbot.cash,263,141,12650
bbbot.cash,264,141.5,12550
bbbot.cash,265,142,12450
bbbot.cash,266,142.5,12340
bbbot.cash,267,143,12250
bbbot.cash,268,143.5,12150
bbbot.cash,269,144,12050
bbbot.cash,270,144.5,11950
bbbot.cash,271,145,11860
bbbot.cash,272,145.5,11760
bbbot.cash,273,146,11670
bbbot.cash,274,146.5,11570
bbbot.cash,275,147,11480
bbbot.cash,276,147.5,11390
bbbot.cash,277,148,11300
bbbot.cash,278,148.5,11210
bbbot.cash,279,149,11120
bbbot.cash,280,149.5,11030
bbbot.cash,281,150,10940
bbbot.cash,282,150.5,10860
bbbot.cash,283,151,10770
bbbot.cash,284,151.5,10690
bbbot.cash,285,152,10600
bbbot.cash,286,152.5,10520
bbbot.cash,287,153,10440
bbbot.cash,288,153.5,10350
bbbot.cash,289,154,10270
bbbot.cash,290,154.5,10190
bbbot.cash,291,155,10110
bbbot.cash,292,155.5,10030
bbbot.cash,293,156,9954
bbbot.cash,294,156.5,9876
bbbot.cash,295,157,9799
bbbot.cash,296,157.5,9723
bbbot.cash,297,158,9647
bbbot.cash,298,158.5,9572
bbbot.cash,299,159,9497
bbbot.cash,300,159.5,9423
bbbot.cash,301,160,9350
bbbot.cash,302,160.5,9277
bbbot.cash,303,161,9205
bbbot.cash,304,161.5,9134
bbbot.cash,305,162,9063
bbbot.cash,306,162.5,8993
bbbot.cash,307,163,8924
bbbot.cash,308,163.5,8855
bbbot.cash,309,164,8786
bbbot.cash,310,164.5,8718
bbbot.cash,311,165,8651
bbbot.cash,312,165.5,8585
bbbot.cash,313,166,8518
bbbot.cash,314,166.5,8453
bbbot.cash,315,167,8388
bbbot.cash,316,167.5,8323
bbbot.cash,317,168,8260
bbbot.cash,318,168.5,8196
bbbot.cash,319,169,8133
bbbot.cash,320,169.5,8071
bbbot.cash,321,170,8009
bbbot.cash,322,170.5,7948
bbbot.cash,323,171,7887
bbbot.cash,324,171.5,7827
bbbot.cash,325,172,7767
bbbot.cash,326,172.5,7707
bbbot.cash,327,173,7649
bbbot.cash,328,173.5,7590
bbbot.cash,329,174,7532
bbbot.cash,330,174.5,7475
bbbot.cash,331,175,7418
bbbot.cash,332,175.5,7361
bbbot.cash,333,176,7305
bbbot.cash,334,176.5,7250
bbbot.cash,335,177,7194
bbbot.cash,336,177.5,7140
bbbot.cash,337,178,7085
bbbot.cash,338,178.5,7031
bbbot.cash,339,179,6978
bbbot.cash,340,179.5,6925
bbbot.cash,341,180,6872
bbbot.cash,342,180.5,6820
bbbot.cash,343,181,6768
bbbot.cash,344,181.5,6717
bbbot.cash,345,182,6666
bbbot.cash,346,182.5,6616
bbbot.cash,347,183,6565
bbbot.cash,348,183.5,6516
bbbot.cash,349,184,6466
bbbot.cash,350,184.5,6417
bbbot.cash,351,185,6369
bbbot.cash,352,185.5,6320
bbbot.cash,353,186,6272
bbbot.cash,354,186.5,6225
bbbot.cash,355,187,6178
bbbot.cash,356,187.5,6131
bbbot.cash,357,188,6084
bbbot.cash,358,188.5,6038
bbbot.cash,359,189,5993
bbbot.cash,360,189.5,5947
bbbot.cash,361,190,5902
bbbot.cash,362,190.5,5858
bbbot.cash,363,191,5813
bbbot.cash,364,191.5,5769
bbbot.cash,365,192,5725
bbbot.cash,366,192.5,5682
bbbot.cash,367,193,5639
bbbot.cash,368,193.5,5596
bbbot.cash,369,194,5554
bbbot.cash,370,194.5,5512
bbbot.cash,371,195,5470
bbbot.cash,372,195.5,5429
bbbot.cash,373,196,5387
bbbot.cash,374,196.5,5347
bbbot.cash,375,197,5306
bbbot.cash,376,197.5,5266
bbbot.cash,377,198,5226
bbbot.cash,378,198.5,5186
bbbot.cash,379,199,5147
bbbot.cash,380,199.5,5108
bbbot.cash,381,200,5069
bbbot.cash,382,200.5,5030
bbbot.cash,383,201,4992
bbbot.cash,384,201.5,4954
bbbot.cash,385,202,4917
bbbot.cash,386,202.5,4879
bbbot.cash,387,203,4842
bbbot.cash,388,203.5,4805
bbbot.cash,389,204,4769
bbbot.cash,390,204.5,4732
bbbot.cash,391,205,4696
bbbot.cash,392,205.5,4660
bbbot.cash,393,206,4625
bbbot.cash,394,206.5,4589
bbbot.cash,395,207,4554
bbbot.cash,396,207.5,4520
bbbot.cash,397,208,4485
bbbot.cash,398,208.5,4451
bbbot.cash,399,209,4417
bbbot.cash,400,209.5,4383
bbbot.alpha,1,20,1201000000
bbbot.alpha,2,22,1197000000
bbbot.alpha,3,24,1194000000
bbbot.alpha,4,26,1191000000
bbbot.alpha,5,28,1188000000
bbbot.alpha,6,30,1185000000
bbbot.alpha,7,32,1182000000
bbbot.alpha,8,34,1179000000
bbbot.alpha,9,36,1177000000
bbbot.alpha,10,38,1174000000
bbbot.alpha,11,40,1171000000
bbbot.alpha,12,42,1169000000
bbbot.alpha,13,44,1166000000
bbbot.alpha,14,46,1164000000
bbbot.alpha,15,48,1161000000
bbbot.alpha,16,50,1159000000
bbbot.alpha,17,52,1156000000
bbbot.alpha,18,54,1154000000
bbbot.alpha,19,56,1151000000
bbbot.alpha,20,58,1149000000
bbbot.alpha,21,60,1147000000
bbbot.alpha,22,62,1144000000
bbbot.alpha,23,64,1142000000
bbbot.alpha,24,66,1140000000
bbbot.alpha,25,68,1137000000
bbbot.alpha,26,70,1135000000
bbbot.alpha,27,72,1133000000
bbbot.alpha,28,74,1131000000
bbbot.alpha,29,76,1128000000
bbbot.alpha,30,78,1126000000
bbbot.alpha,31,80,1124000000
bbbot.alpha,32,82,1122000000
bbbot.alpha,33,84,1119000000
bbbot.alpha,34,86,1117000000
bbbot.alpha,35,88,1115000000
bbbot.alpha,36,90,1113000000
bbbot.alpha,37,92,100800
bbbot.alpha,38,94,97890
bbbot.alpha,39,96,95130
bbbot.alpha,40,98,92500
bbbot.alpha,41,100,89980
bbbot.alpha,42,102,87570
bbbot.alpha,43,104,85260
bbbot.alpha,44,106,83050
bbbot.alpha,45,108,80930
bbbot.alpha,46,110,78890
bbbot.alpha,47,112,76930
bbbot.alpha,48,114,75050
bbbot.alpha,49,116,73240
bbbot.alpha,50,118,71500
bbbot.alpha,51,120,69830
bbbot.alpha,52,122,68210
bbbot.alpha,53,124,66650
bbbot.alpha,54,126,65150
bbbot.alpha,55,128,63700
bbbot.alpha,56,130,62300
bbbot.alpha,57,132,60950
bbbot.alpha,58,134,59650
bbbot.alpha,59,136,58380
bbbot.alpha,60,138,57160
bbbot.alpha,61,140,55980
bbbot.alpha,62,142,54840
bbbot.alpha,63,144,53730
bbbot.alpha,64,146,52660
bbbot.alpha,65,148,51620
bbbot.alpha,66,150,50610
bbbot.alpha,67,152,49630
bbbot.alpha,68,154,48680
bbbot.alpha,69,156,47760
bbbot.alpha,70,158,46870
bbbot.alpha,71,160,46000
bbbot.alpha,72,162,45150
bbbot.alpha,73,164,44330
bbbot.alpha,74,166,43540
bbbot.alpha,75,168,42760
bbbot.alpha,76,170,42010
bbbot.alpha,77,172,41270
bbbot.alpha,78,174,40560
bbbot.alpha,79,176,39860
bbbot.alpha,80,178,39190
bbbot.alpha,81,180,38530
bbbot.alpha,82,182,37880
bbbot.alpha,83,184,37260
bbbot.alpha,84,186,36650
bbbot.alpha,85,188,36050
bbbot.alpha,86,190,35470
bbbot.alpha,87,192,34910
bbbot.alpha,88,194,34350
bbbot.alpha,89,196,33810
bbbot.alpha,90,198,33290
bbbot.alpha,91,200,32770
bbbot.alpha,92,202,32270
bbbot.alpha,93,204,31780
bbbot.alpha,94,206,31300
bbbot.alpha,95,208,30840
bbbot.alpha,96,210,30380
bbbot.alpha,97,212,29930
bbbot.alpha,98,214,29490
bbbot.alpha,99,216,29070
bbbot.alpha,100,218,28650
bbbot.alpha,101,220,28240
bbbot.alpha,102,222,27840
bbbot.alpha,103,224,27450
bbbot.alpha,104,226,27070
bbbot.alpha,105,228,26690
bbbot.alpha,106,230,26320
bbbot.alpha,107,232,25960
bbbot.alpha,108,234,25610
bbbot.alpha,109,236,25270
bbbot.alpha,110,238,24930
bbbot.alpha,111,240,24600
bbbot.alpha,112,242,24270
bbbot.alpha,113,244,23950
bbbot.alpha,114,246,23640
bbbot.alpha,115,248,23340
bbbot.alpha,116,250,23040
bbbot.alpha,117,252,22740
bbbot.alpha,118,254,22460
bbbot.alpha,119,256,22170
bbbot.alpha,120,258,21900
bbbot.alpha,121,260,21620
bbbot.alpha,122,262,21360
bbbot.alpha,123,264,21090
bbbot.alpha,124,266,20840
bbbot.alpha,125,268,20580
bbbot.alpha,126,270,20340
bbbot.alpha,127,272,20090
bbbot.alpha,128,274,19850
bbbot.alpha,129,276,19620
bbbot.alpha,130,278,19390
bbbot.alpha,131,280,19160
bbbot.alpha,132,282,18940
bbbot.alpha,133,284,18720
bbbot.alpha,134,286,18510
bbbot.alpha,135,288,18290
bbbot.alpha,136,290,18090
bbbot.alpha,137,292,17880
bbbot.alpha,138,294,17680
bbbot.alpha,139,296,17480
bbbot.alpha,140,298,17290
bbbot.alpha,141,300,17100
bbbot.alpha,142,302,16910
bbbot.alpha,143,304,16730
bbbot.alpha,144,306,16550
bbbot.alpha,145,308,16370
bbbot.alpha,146,310,16190
bbbot.alpha,147,312,16020
bbbot.alpha,148,314,15850
bbbot.alpha,149,316,15680
bbbot.alpha,150,318,15520
bbbot.beta,1,10,1192000000
bbbot.beta,2,11,1183000000
bbbot.beta,3,12,1175000000
bbbot.beta,4,13,1167000000
bbbot.beta,5,14,1159000000
bbbot.beta,6,15,1151000000
bbbot.beta,7,16,1144000000
bbbot.beta,8,17,1137000000
bbbot.beta,9,18,1129000000
bbbot.beta,10,19,1122000000
bbbot.beta,11,20,1115000000
bbbot.beta,12,21,1108000000
bbbot.beta,13,22,1102000000
bbbot.beta,14,23,1091000000
bbbot.beta,15,24,1081000000
bbbot.beta,16,25,1070000000
bbbot.beta,17,26,1060000000
bbbot.beta,18,27,1050000000
bbbot.beta,19,28,1039000000
bbbot.beta,20,29,1030000000
bbbot.beta,21,30,1019000000
bbbot.beta,22,31,1010000000
bbbot.beta,23,32,998700000
bbbot.beta,24,33,982700000
bbbot.beta,25,34,966700000
bbbot.beta,26,35,950700000
bbbot.beta,27,36,934700000
bbbot.beta,28,37,918700000
bbbot.beta,29,38,902700000
bbbot.beta,30,39,886700000
bbbot.beta,31,40,870700000
bbbot.beta,32,41,854700000
bbbot.beta,33,42,838700000
bbbot.beta,34,43,824000000
bbbot.beta,35,44,808000000
bbbot.beta,36,45,793300000
bbbot.beta,37,46,777300000
bbbot.beta,38,47,762700000
bbbot.beta,39,48,746700000
bbbot.beta,40,49,732000000
bbbot.beta,41,50,716000000
bbbot.beta,42,51,701300000
bbbot.beta,43,52,686700000
bbbot.beta,44,53,670700000
bbbot.beta,45,54,656000000
bbbot.beta,46,55,641300000
bbbot.beta,47,56,626700000
bbbot.beta,48,57,612000000
bbbot.beta,49,58,596000000
bbbot.beta,50,59,572000000
bbbot.beta,51,60,550000000
bbbot.beta,52,61,528000000
bbbot.beta,53,62,506000000
bbbot.beta,54,63,489300000
bbbot.beta,55,64,474700000
bbbot.beta,56,65,460000000
bbbot.beta,57,66,445300000
bbbot.beta,58,67,430700000
bbbot.beta,59,68,416000000
bbbot.beta,60,69,402700000
bbbot.beta,61,70,390000000
bbbot.beta,62,71,377800000
bbbot.beta,63,72,365600000
bbbot.beta,64,73,353300000
bbbot.beta,65,74,344400000
bbbot.beta,66,75,98340
bbbot.beta,67,76,96430
bbbot.beta,68,77,94560
bbbot.beta,69,78,92760
bbbot.beta,70,79,91000
bbbot.beta,71,80,89300
bbbot.beta,72,81,87650
bbbot.beta,73,82,86040
bbbot.beta,74,83,84480
bbbot.beta,75,84,82960
bbbot.beta,76,85,81480
bbbot.beta,77,86,80040
bbbot.beta,78,87,78640
bbbot.beta,79,88,77280
bbbot.beta,80,89,75950
bbbot.beta,81,90,74660
bbbot.beta,82,91,73400
bbbot.beta,83,92,72180
bbbot.beta,84,93,70980
bbbot.beta,85,94,69810
bbbot.beta,86,95,68680
bbbot.beta,87,96,67570
bbbot.beta,88,97,66490
bbbot.beta,89,98,65430
bbbot.beta,90,99,64400
bbbot.beta,91,100,63390
bbbot.beta,92,101,62410
bbbot.beta,93,102,61450
bbbot.beta,94,103,60520
bbbot.beta,95,104,59600
bbbot.beta,96,105,58710
bbbot.beta,97,106,57830
bbbot.beta,98,107,56980
bbbot.beta,99,108,56140
bbbot.beta,100,109,55320
bbbot.beta,101,110,54520
bbbot.beta,102,111,53740
bbbot.beta,103,112,52970
bbbot.beta,104,113,52230
bbbot.beta,105,114,51490
bbbot.beta,106,115,50770
bbbot.beta,107,116,50070
bbbot.beta,108,117,49380
bbbot.beta,109,118,48710
bbbot.beta,110,119,48050
bbbot.beta,111,120,47400
bbbot.beta,112,121,46770
bbbot.beta,113,122,46150
bbbot.beta,114,123,45540
bbbot.beta,115,124,44940
bbbot.beta,116,125,44350
bbbot.beta,117,126,43780
bbbot.beta,118,127,43220
bbbot.beta,119,128,42660
bbbot.beta,120,129,42120
bbbot.beta,121,130,41590
bbbot.beta,122,131,41070
bbbot.beta,123,132,40560
bbbot.beta,124,133,40060
bbbot.beta,125,134,39560
bbbot.beta,126,135,39080
bbbot.beta,127,136,38600
bbbot.beta,128,137,38140
bbbot.beta,129,138,37680
bbbot.beta,130,139,37230
bbbot.beta,131,140,36790
bbbot.beta,132,141,36350
bbbot.beta,133,142,35920
bbbot.beta,134,143,35510
bbbot.beta,135,144,35090
bbbot.beta,136,145,34690
bbbot.beta,137,146,34290
bbbot.beta,138,147,33900
bbbot.beta,139,148,33510
bbbot.beta,140,149,33140
bbbot.beta,141,150,32760
bbbot.beta,142,151,32400
bbbot.beta,143,152,32040
bbbot.beta,144,153,31680
bbbot.beta,145,154,31340
bbbot.beta,146,155,30990
bbbot.beta,147,156,30660
bbbot.beta,148,157,30330
bbbot.beta,149,158,30000
bbbot.beta,150,159,29680
bbbot.ceti,1,10,1032000000
bbbot.ceti,2,10.5,996000000
bbbot.ceti,3,11,978000000
bbbot.ceti,4,11.5,960000000
bbbot.ceti,5,12,942000000
bbbot.ceti,6,12.5,924000000
bbbot.ceti,7,13,906000000
bbbot.ceti,8,13.5,888000000
bbbot.ceti,9,14,870000000
bbbot.ceti,10,14.5,852000000
bbbot.ceti,11,15,836000000
bbbot.ceti,12,15.5,818000000
bbbot.ceti,13,16,802000000
bbbot.ceti,14,16.5,768000000
bbbot.ceti,15,17,736000000
bbbot.ceti,16,17.5,700000000
bbbot.ceti,17,18,684000000
bbbot.ceti,18,18.5,668000000
bbbot.ceti,19,19,652000000
bbbot.ceti,20,19.5,634000000
bbbot.ceti,21,20,618000000
bbbot.ceti,22,20.5,602000000
bbbot.ceti,23,21,572000000
bbbot.ceti,24,21.5,540000000
bbbot.ceti,25,22,508000000
bbbot.ceti,26,22.5,498900000
bbbot.ceti,27,23,497300000
bbbot.ceti,28,23.5,495800000
bbbot.ceti,29,24,494300000
bbbot.ceti,30,24.5,492800000
bbbot.ceti,31,25,491200000
bbbot.ceti,32,25.5,489700000
bbbot.ceti,33,26,488200000
bbbot.ceti,34,26.5,486700000
bbbot.ceti,35,27,485300000
bbbot.ceti,36,27.5,483800000
bbbot.ceti,37,28,482300000
bbbot.ceti,38,28.5,480800000
bbbot.ceti,39,29,479200000
bbbot.ceti,40,29.5,477900000
bbbot.ceti,41,30,476400000
bbbot.ceti,42,30.5,474900000
bbbot.ceti,43,31,473500000
bbbot.ceti,44,31.5,472000000
bbbot.ceti,45,32,470500000
bbbot.ceti,46,32.5,469100000
bbbot.ceti,47,33,467600000
bbbot.ceti,48,33.5,466100000
bbbot.ceti,49,34,464800000
bbbot.ceti,50,34.5,463200000
bbbot.ceti,51,35,461700000
bbbot.ceti,52,35.5,460400000
bbbot.ceti,53,36,458900000
bbbot.ceti,54,36.5,457500000
bbbot.ceti,55,37,456000000
bbbot.ceti,56,37.5,454700000
bbbot.ceti,57,38,453100000
bbbot.ceti,58,38.5,451800000
bbbot.ceti,59,39,450300000
bbbot.ceti,60,39.5,449000000
bbbot.ceti,61,40,447400000
bbbot.ceti,62,40.5,446100000
bbbot.ceti,63,41,444600000
bbbot.ceti,64,41.5,443200000
bbbot.ceti,65,42,441700000
bbbot.ceti,66,42.5,440400000
bbbot.ceti,67,43,438900000
bbbot.ceti,68,43.5,437500000
bbbot.ceti,69,44,436000000
bbbot.ceti,70,44.5,434700000
bbbot.ceti,71,45,433100000
bbbot.ceti,72,45.5,431800000
bbbot.ceti,73,46,430500000
bbbot.ceti,74,46.5,429000000
bbbot.ceti,75,47,427600000
bbbot.ceti,76,47.5,426100000
bbbot.ceti,77,48,424800000
bbbot.ceti,78,48.5,423200000
bbbot.ceti,79,49,421900000
bbbot.ceti,80,49.5,420600000
bbbot.ceti,81,50,419000000
bbbot.ceti,82,50.5,417700000
bbbot.ceti,83,51,416400000
bbbot.ceti,84,51.5,414900000
bbbot.ceti,85,52,413500000
bbbot.ceti,86,52.5,412000000
bbbot.ceti,87,53,410700000
bbbot.ceti,88,53.5,409300000
bbbot.ceti,89,54,407800000
bbbot.ceti,90,54.5,406500000
bbbot.ceti,91,55,405100000
bbbot.ceti,92,55.5,403600000
bbbot.ceti,93,56,402300000
bbbot.ceti,94,56.5,401000000
bbbot.ceti,95,57,396700000
bbbot.ceti,96,57.5,388900000
bbbot.ceti,97,58,381100000
bbbot.ceti,98,58.5,372200000
bbbot.ceti,99,59,364400000
bbbot.ceti,100,59.5,356700000
bbbot.ceti,101,60,348900000
bbbot.ceti,102,60.5,344400000
bbbot.ceti,103,61,88300
bbbot.ceti,104,61.5,86830
bbbot.ceti,105,62,85390
bbbot.ceti,106,62.5,83980
bbbot.ceti,107,63,82600
bbbot.ceti,108,63.5,81250
bbbot.ceti,109,64,79930
bbbot.ceti,110,64.5,78630
bbbot.ceti,111,65,77360
bbbot.ceti,112,65.5,76120
bbbot.ceti,113,66,74900
bbbot.ceti,114,66.5,73710
bbbot.ceti,115,67,72530
bbbot.ceti,116,67.5,71390
bbbot.ceti,117,68,70260
bbbot.ceti,118,68.5,69160
bbbot.ceti,119,69,68080
bbbot.ceti,120,69.5,67010
bbbot.ceti,121,70,65970
bbbot.ceti,122,70.5,64950
bbbot.ceti,123,71,63950
bbbot.ceti,124,71.5,62970
bbbot.ceti,125,72,62000
bbbot.ceti,126,72.5,61180
bbbot.ceti,127,73,60370
bbbot.ceti,128,73.5,59580
bbbot.ceti,129,74,58800
bbbot.ceti,130,74.5,58030
bbbot.ceti,131,75,57280
bbbot.ceti,132,75.5,56540
bbbot.ceti,133,76,55810
bbbot.ceti,134,76.5,55090
bbbot.ceti,135,77,54390
bbbot.ceti,136,77.5,53700
bbbot.ceti,137,78,53020
bbbot.ceti,138,78.5,52350
bbbot.ceti,139,79,51700
bbbot.ceti,140,79.5,51050
bbbot.ceti,141,80,50420
bbbot.ceti,142,80.5,49790
bbbot.ceti,143,81,49180
bbbot.ceti,144,81.5,48570
bbbot.ceti,145,82,47980
bbbot.ceti,146,82.5,47400
bbbot.ceti,147,83,46820
bbbot.ceti,148,83.5,46260
bbbot.ceti,149,84,45700
bbbot.ceti,150,84.5,45150
bbbot.delta,1,10,1213000000
bbbot.delta,2,11,1206000000
bbbot.delta,3,12,1200000000
bbbot.delta,4,13,1195000000
bbbot.delta,5,14,1191000000
bbbot.delta,6,15,1186000000
bbbot.delta,7,16,1182000000
bbbot.delta,8,17,1178000000
bbbot.delta,9,18,1174000000
bbbot.delta,10,19,1170000000
bbbot.delta,11,20,1166000000
bbbot.delta,12,21,1162000000
bbbot.delta,13,22,1158000000
bbbot.delta,14,23,1154000000
bbbot.delta,15,24,1150000000
bbbot.delta,16,25,1147000000
bbbot.delta,17,26,1143000000
bbbot.delta,18,27,1139000000
bbbot.delta,19,28,1135000000
bbbot.delta,20,29,1132000000
bbbot.delta,21,30,1128000000
bbbot.delta,22,31,1125000000
bbbot.delta,23,32,1121000000
bbbot.delta,24,33,1118000000
bbbot.delta,25,34,1114000000
bbbot.delta,26,35,1111000000
bbbot.delta,27,36,1107000000
bbbot.delta,28,37,1104000000
bbbot.delta,29,38,1101000000
bbbot.delta,30,39,1093000000
bbbot.delta,31,40,1085000000
bbbot.delta,32,41,1077000000
bbbot.delta,33,42,1069000000
bbbot.delta,34,43,1062000000
bbbot.delta,35,44,1054000000
bbbot.delta,36,45,1047000000
bbbot.delta,37,46,1039000000
bbbot.delta,38,47,1031000000
bbbot.delta,39,48,1023000000
bbbot.delta,40,49,1016000000
bbbot.delta,41,50,1008000000
bbbot.delta,42,51,1001000000
bbbot.delta,43,52,992000000
bbbot.delta,44,53,982400000
bbbot.delta,45,54,973600000
bbbot.delta,46,55,964800000
bbbot.delta,47,56,956000000
bbbot.delta,48,57,947200000
bbbot.delta,49,58,938400000
bbbot.delta,50,59,928800000
bbbot.delta,51,60,920000000
bbbot.delta,52,61,911200000
bbbot.delta,53,62,902400000
bbbot.delta,54,63,892000000
bbbot.delta,55,64,881000000
bbbot.delta,56,65,870000000
bbbot.delta,57,66,859000000
bbbot.delta,58,67,848000000
bbbot.delta,59,68,837000000
bbbot.delta,60,69,827000000
bbbot.delta,61,70,816000000
bbbot.delta,62,71,805000000
bbbot.delta,63,72,790500000
bbbot.delta,64,73,773000000
bbbot.delta,65,74,760300000
bbbot.delta,66,75,99680
bbbot.delta,67,76,97750
bbbot.delta,68,77,95870
bbbot.delta,69,78,94050
bbbot.delta,70,79,92280
bbbot.delta,71,80,90560
bbbot.delta,72,81,88890
bbbot.delta,73,82,87270
bbbot.delta,74,83,85690
bbbot.delta,75,84,84150
bbbot.delta,76,85,82660
bbbot.delta,77,86,81210
bbbot.delta,78,87,79800
bbbot.delta,79,88,78420
bbbot.delta,80,89,77080
bbbot.delta,81,90,75780
bbbot.delta,82,91,74510
bbbot.delta,83,92,73270
bbbot.delta,84,93,72060
bbbot.delta,85,94,70880
bbbot.delta,86,95,69740
bbbot.delta,87,96,68620
bbbot.delta,88,97,67520
bbbot.delta,89,98,66460
bbbot.delta,90,99,65420
bbbot.delta,91,100,64400
bbbot.delta,92,101,63410
bbbot.delta,93,102,62440
bbbot.delta,94,103,61490
bbbot.delta,95,104,60570
bbbot.delta,96,105,59660
bbbot.delta,97,106,58780
bbbot.delta,98,107,57920
bbbot.delta,99,108,57070
bbbot.delta,100,109,56240
bbbot.delta,101,110,55440
bbbot.delta,102,111,54650
bbbot.delta,103,112,53870
bbbot.delta,104,113,53110
bbbot.delta,105,114,52370
bbbot.delta,106,115,51650
bbbot.delta,107,116,50940
bbbot.delta,108,117,50240
bbbot.delta,109,118,49560
bbbot.delta,110,119,48890
bbbot.delta,111,120,48240
bbbot.delta,112,121,47600
bbbot.delta,113,122,46970
bbbot.delta,114,123,46350
bbbot.delta,115,124,45750
bbbot.delta,116,125,45160
bbbot.delta,117,126,44580
bbbot.delta,118,127,44010
bbbot.delta,119,128,43450
bbbot.delta,120,129,42900
bbbot.delta,121,130,42360
bbbot.delta,122,131,41840
bbbot.delta,123,132,41320
bbbot.delta,124,133,40810
bbbot.delta,125,134,40310
bbbot.delta,126,135,39820
bbbot.delta,127,136,39340
bbbot.delta,128,137,38870
bbbot.delta,129,138,38410
bbbot.delta,130,139,37950
bbbot.delta,131,140,37500
bbbot.delta,132,141,37060
bbbot.delta,133,142,36630
bbbot.delta,134,143,36210
bbbot.delta,135,144,35790
bbbot.delta,136,145,35380
bbbot.delta,137,146,34980
bbbot.delta,138,147,34580
bbbot.delta,139,148,34190
bbbot.delta,140,149,33810
bbbot.delta,141,150,33430
bbbot.delta,142,151,33060
bbbot.delta,143,152,32700
bbbot.delta,144,153,32340
bbbot.delta,145,154,31990
bbbot.delta,146,155,31640
bbbot.delta,147,156,31300
bbbot.delta,148,157,30970
bbbot.delta,149,158,30630
bbbot.delta,150,159,30310
bbbot.epsilon,1,10,966000000
bbbot.epsilon,2,10.5,946000000
bbbot.epsilon,3,11,928000000
bbbot.epsilon,4,11.5,910000000
bbbot.epsilon,5,12,884000000
bbbot.epsilon,6,12.5,848000000
bbbot.epsilon,7,13,812000000
bbbot.epsilon,8,13.5,788000000
bbbot.epsilon,9,14,770000000
bbbot.epsilon,10,14.5,752000000
bbbot.epsilon,11,15,736000000
bbbot.epsilon,12,15.5,718000000
bbbot.epsilon,13,16,702000000
bbbot.epsilon,14,16.5,668000000
bbbot.epsilon,15,17,636000000
bbbot.epsilon,16,17.5,600000000
bbbot.epsilon,17,18,568000000
bbbot.epsilon,18,18.5,536000000
bbbot.epsilon,19,19,504000000
bbbot.epsilon,20,19.5,498600000
bbbot.epsilon,21,20,497200000
bbbot.epsilon,22,20.5,495800000
bbbot.epsilon,23,21,494400000
bbbot.epsilon,24,21.5,493000000
bbbot.epsilon,25,22,491700000
bbbot.epsilon,26,22.5,490300000
bbbot.epsilon,27,23,488900000
bbbot.epsilon,28,23.5,487500000
bbbot.epsilon,29,24,486100000
bbbot.epsilon,30,24.5,484700000
bbbot.epsilon,31,25,483300000
bbbot.epsilon,32,25.5,481900000
bbbot.epsilon,33,26,480500000
bbbot.epsilon,34,26.5,479100000
bbbot.epsilon,35,27,477900000
bbbot.epsilon,36,27.5,476500000
bbbot.epsilon,37,28,475100000
bbbot.epsilon,38,28.5,473700000
bbbot.epsilon,39,29,472300000
bbbot.epsilon,40,29.5,471100000
bbbot.epsilon,41,30,469700000
bbbot.epsilon,42,30.5,468300000
bbbot.epsilon,43,31,467100000
bbbot.epsilon,44,31.5,465700000
bbbot.epsilon,45,32,464300000
bbbot.epsilon,46,32.5,463100000
bbbot.epsilon,47,33,461700000
bbbot.epsilon,48,33.5,460300000
bbbot.epsilon,49,34,459100000
bbbot.epsilon,50,34.5,457700000
bbbot.epsilon,51,35,456300000
bbbot.epsilon,52,35.5,455100000
bbbot.epsilon,53,36,453700000
bbbot.epsilon,54,36.5,452500000
bbbot.epsilon,55,37,451100000
bbbot.epsilon,56,37.5,449900000
bbbot.epsilon,57,38,448500000
bbbot.epsilon,58,38.5,447300000
bbbot.epsilon,59,39,445900000
bbbot.epsilon,60,39.5,444700000
bbbot.epsilon,61,40,443300000
bbbot.epsilon,62,40.5,442100000
bbbot.epsilon,63,41,440700000
bbbot.epsilon,64,41.5,439500000
bbbot.epsilon,65,42,438100000
bbbot.epsilon,66,42.5,436900000
bbbot.epsilon,67,43,435500000
bbbot.epsilon,68,43.5,434300000
bbbot.epsilon,69,44,432900000
bbbot.epsilon,70,44.5,431700000
bbbot.epsilon,71,45,430300000
bbbot.epsilon,72,45.5,429000000
bbbot.epsilon,73,46,427800000
bbbot.epsilon,74,46.5,426400000
bbbot.epsilon,75,47,425200000
bbbot.epsilon,76,47.5,423800000
bbbot.epsilon,77,48,422600000
bbbot.epsilon,78,48.5,421200000
bbbot.epsilon,79,49,420000000
bbbot.epsilon,80,49.5,418800000
bbbot.epsilon,81,50,417400000
bbbot.epsilon,82,50.5,416200000
bbbot.epsilon,83,51,415000000
bbbot.epsilon,84,51.5,413600000
bbbot.epsilon,85,52,412300000
bbbot.epsilon,86,52.5,411000000
bbbot.epsilon,87,53,409700000
bbbot.epsilon,88,53.5,408500000
bbbot.epsilon,89,54,407100000
bbbot.epsilon,90,54.5,405900000
bbbot.epsilon,91,55,404700000
bbbot.epsilon,92,55.5,403300000
bbbot.epsilon,93,56,402100000
bbbot.epsilon,94,56.5,400900000
bbbot.epsilon,95,57,396700000
bbbot.epsilon,96,57.5,388900000
bbbot.epsilon,97,58,381100000
bbbot.epsilon,98,58.5,372200000
bbbot.epsilon,99,59,364400000
bbbot.epsilon,100,59.5,356700000
bbbot.epsilon,101,60,348900000
bbbot.epsilon,102,60.5,344400000
bbbot.epsilon,103,61,80670
bbbot.epsilon,104,61.5,79460
bbbot.epsilon,105,62,78270
bbbot.epsilon,106,62.5,77110
bbbot.epsilon,107,63,75970
bbbot.epsilon,108,63.5,74860
bbbot.epsilon,109,64,73770
bbbot.epsilon,110,64.5,72700
bbbot.epsilon,111,65,71650
bbbot.epsilon,112,65.5,70620
bbbot.epsilon,113,66,69610
bbbot.epsilon,114,66.5,68620
bbbot.epsilon,115,67,67650
bbbot.epsilon,116,67.5,66700
bbbot.epsilon,117,68,65770
bbbot.epsilon,118,68.5,64850
bbbot.epsilon,119,69,63950
bbbot.epsilon,120,69.5,63070
bbbot.epsilon,121,70,62210
bbbot.epsilon,122,70.5,61360
bbbot.epsilon,123,71,60530
bbbot.epsilon,124,71.5,59710
bbbot.epsilon,125,72,58900
bbbot.epsilon,126,72.5,58110
bbbot.epsilon,127,73,57340
bbbot.epsilon,128,73.5,56580
bbbot.epsilon,129,74,55830
bbbot.epsilon,130,74.5,55100
bbbot.epsilon,131,75,54380
bbbot.epsilon,132,75.5,53670
bbbot.epsilon,133,76,52970
bbbot.epsilon,134,76.5,52290
bbbot.epsilon,135,77,51620
bbbot.epsilon,136,77.5,50950
bbbot.epsilon,137,78,50300
bbbot.epsilon,138,78.5,49670
bbbot.epsilon,139,79,49040
bbbot.epsilon,140,79.5,48420
bbbot.epsilon,141,80,47810
bbbot.epsilon,142,80.5,47220
bbbot.epsilon,143,81,46630
bbbot.epsilon,144,81.5,46050
bbbot.epsilon,145,82,45480
bbbot.epsilon,146,82.5,44920
bbbot.epsilon,147,83,44370
bbbot.epsilon,148,83.5,43830
bbbot.epsilon,149,84,43300
bbbot.epsilon,150,84.5,42770
bbbot.fenix,1,10,1192000000
bbbot.fenix,2,10.5,1187000000
bbbot.fenix,3,11,1182000000
bbbot.fenix,4,11.5,1178000000
bbbot.fenix,5,12,1173000000
bbbot.fenix,6,12.5,1169000000
bbbot.fenix,7,13,1164000000
bbbot.fenix,8,13.5,1160000000
bbbot.fenix,9,14,1155000000
bbbot.fenix,10,14.5,1151000000
bbbot.fenix,11,15,1147000000
bbbot.fenix,12,15.5,1142000000
bbbot.fenix,13,16,1138000000
bbbot.fenix,14,16.5,1134000000
bbbot.fenix,15,17,1130000000
bbbot.fenix,16,17.5,1125000000
bbbot.fenix,17,18,1121000000
bbbot.fenix,18,18.5,1117000000
bbbot.fenix,19,19,1113000000
bbbot.fenix,20,19.5,1109000000
bbbot.fenix,21,20,1105000000
bbbot.fenix,22,20.5,1101000000
bbbot.fenix,23,21,1093000000
bbbot.fenix,24,21.5,1085000000
bbbot.fenix,25,22,1077000000
bbbot.fenix,26,22.5,1069000000
bbbot.fenix,27,23,1061000000
bbbot.fenix,28,23.5,1053000000
bbbot.fenix,29,24,1045000000
bbbot.fenix,30,24.5,1037000000
bbbot.fenix,31,25,1029000000
bbbot.fenix,32,25.5,1021000000
bbbot.fenix,33,26,1013000000
bbbot.fenix,34,26.5,1005000000
bbbot.fenix,35,27,998000000
bbbot.fenix,36,27.5,990000000
bbbot.fenix,37,28,982000000
bbbot.fenix,38,28.5,974000000
bbbot.fenix,39,29,966000000
bbbot.fenix,40,29.5,959000000
bbbot.fenix,41,30,951000000
bbbot.fenix,42,30.5,943000000
bbbot.fenix,43,31,936000000
bbbot.fenix,44,31.5,928000000
bbbot.fenix,45,32,920000000
bbbot.fenix,46,32.5,913000000
bbbot.fenix,47,33,905000000
bbbot.fenix,48,33.5,896000000
bbbot.fenix,49,34,886700000
bbbot.fenix,50,34.5,876000000
bbbot.fenix,51,35,865300000
bbbot.fenix,52,35.5,856000000
bbbot.fenix,53,36,845300000
bbbot.fenix,54,36.5,836000000
bbbot.fenix,55,37,825300000
bbbot.fenix,56,37.5,816000000
bbbot.fenix,57,38,805300000
bbbot.fenix,58,38.5,796000000
bbbot.fenix,59,39,785300000
bbbot.fenix,60,39.5,776000000
bbbot.fenix,61,40,765300000
bbbot.fenix,62,40.5,756000000
bbbot.fenix,63,41,745300000
bbbot.fenix,64,41.5,736000000
bbbot.fenix,65,42,725300000
bbbot.fenix,66,42.5,716000000
bbbot.fenix,67,43,705300000
bbbot.fenix,68,43.5,694000000
bbbot.fenix,69,44,678000000
bbbot.fenix,70,44.5,664000000
bbbot.fenix,71,45,648000000
bbbot.fenix,72,45.5,634000000
bbbot.fenix,73,46,620000000
bbbot.fenix,74,46.5,604000000
bbbot.fenix,75,47,593300000
bbbot.fenix,76,47.5,582700000
bbbot.fenix,77,48,573300000
bbbot.fenix,78,48.5,562700000
bbbot.fenix,79,49,553300000
bbbot.fenix,80,49.5,544000000
bbbot.fenix,81,50,533300000
bbbot.fenix,82,50.5,524000000
bbbot.fenix,83,51,514700000
bbbot.fenix,84,51.5,504000000
bbbot.fenix,85,52,494700000
bbbot.fenix,86,52.5,484000000
bbbot.fenix,87,53,474700000
bbbot.fenix,88,53.5,465300000
bbbot.fenix,89,54,454700000
bbbot.fenix,90,54.5,445300000
bbbot.fenix,91,55,436000000
bbbot.fenix,92,55.5,425300000
bbbot.fenix,93,56,416000000
bbbot.fenix,94,56.5,406700000
bbbot.fenix,95,57,396700000
bbbot.fenix,96,57.5,388900000
bbbot.fenix,97,58,381100000
bbbot.fenix,98,58.5,372200000
bbbot.fenix,99,59,364400000
bbbot.fenix,100,59.5,356700000
bbbot.fenix,101,60,348900000
bbbot.fenix,102,60.5,344400000
bbbot.fenix,103,61,97270
bbbot.fenix,104,61.5,95960
bbbot.fenix,105,62,94680
bbbot.fenix,106,62.5,93420
bbbot.fenix,107,63,92190
bbbot.fenix,108,63.5,90990
bbbot.fenix,109,64,89810
bbbot.fenix,110,64.5,88650
bbbot.fenix,111,65,87510
bbbot.fenix,112,65.5,86390
bbbot.fenix,113,66,85300
bbbot.fenix,114,66.5,84220
bbbot.fenix,115,67,83170
bbbot.fenix,116,67.5,82140
bbbot.fenix,117,68,81120
bbbot.fenix,118,68.5,80120
bbbot.fenix,119,69,79150
bbbot.fenix,120,69.5,78180
bbbot.fenix,121,70,77240
bbbot.fenix,122,70.5,76310
bbbot.fenix,123,71,75400
bbbot.fenix,124,71.5,74510
bbbot.fenix,125,72,73630
bbbot.fenix,126,72.5,72770
bbbot.fenix,127,73,71920
bbbot.fenix,128,73.5,71080
bbbot.fenix,129,74,70260
bbbot.fenix,130,74.5,69460
bbbot.fenix,131,75,68670
bbbot.fenix,132,75.5,67890
bbbot.fenix,133,76,67120
bbbot.fenix,134,76.5,66370
bbbot.fenix,135,77,65630
bbbot.fenix,136,77.5,64900
bbbot.fenix,137,78,64180
bbbot.fenix,138,78.5,63480
bbbot.fenix,139,79,62790
bbbot.fenix,140,79.5,62100
bbbot.fenix,141,80,61430
bbbot.fenix,142,80.5,60770
bbbot.fenix,143,81,60120
bbbot.fenix,144,81.5,59480
bbbot.fenix,145,82,58850
bbbot.fenix,146,82.5,58230
bbbot.fenix,147,83,57620
bbbot.fenix,148,83.5,57020
bbbot.fenix,149,84,56430
bbbot.fenix,150,84.5,55840
bbbot.gamma,1,10,1213000000
bbbot.gamma,2,11,1206000000
bbbot.gamma,3,12,1200000000
bbbot.gamma,4,13,1196000000
bbbot.gamma,5,14,1192000000
bbbot.gamma,6,15,1189000000
bbbot.gamma,7,16,1185000000
bbbot.gamma,8,17,1182000000
bbbot.gamma,9,18,1178000000
bbbot.gamma,10,19,1175000000
bbbot.gamma,11,20,1172000000
bbbot.gamma,12,21,1168000000
bbbot.gamma,13,22,1165000000
bbbot.gamma,14,23,1162000000
bbbot.gamma,15,24,1159000000
bbbot.gamma,16,25,1156000000
bbbot.gamma,17,26,1153000000
bbbot.gamma,18,27,1150000000
bbbot.gamma,19,28,1147000000
bbbot.gamma,20,29,1144000000
bbbot.gamma,21,30,1141000000
bbbot.gamma,22,31,1138000000
bbbot.gamma,23,32,1135000000
bbbot.gamma,24,33,1132000000
bbbot.gamma,25,34,1129000000
bbbot.gamma,26,35,1127000000
bbbot.gamma,27,36,1124000000
bbbot.gamma,28,37,1121000000
bbbot.gamma,29,38,1118000000
bbbot.gamma,30,39,1115000000
bbbot.gamma,31,40,1112000000
bbbot.gamma,32,41,1110000000
bbbot.gamma,33,42,1107000000
bbbot.gamma,34,43,1104000000
bbbot.gamma,35,44,1101000000
bbbot.gamma,36,45,1097000000
bbbot.gamma,37,46,1090000000
bbbot.gamma,38,47,1084000000
bbbot.gamma,39,48,1077000000
bbbot.gamma,40,49,1071000000
bbbot.gamma,41,50,1064000000
bbbot.gamma,42,51,1058000000
bbbot.gamma,43,52,1051000000
bbbot.gamma,44,53,1045000000
bbbot.gamma,45,54,1038000000
bbbot.gamma,46,55,1032000000
bbbot.gamma,47,56,1026000000
bbbot.gamma,48,57,1019000000
bbbot.gamma,49,58,1013000000
bbbot.gamma,50,59,1006000000
bbbot.gamma,51,60,1000000000
bbbot.gamma,52,61,991200000
bbbot.gamma,53,62,982400000
bbbot.gamma,54,63,973600000
bbbot.gamma,55,64,964800000
bbbot.gamma,56,65,956000000
bbbot.gamma,57,66,947200000
bbbot.gamma,58,67,938400000
bbbot.gamma,59,68,929600000
bbbot.gamma,60,69,921600000
bbbot.gamma,61,70,912800000
bbbot.gamma,62,71,904000000
bbbot.gamma,63,72,891000000
bbbot.gamma,64,73,874600000
bbbot.gamma,65,74,862700000
bbbot.gamma,66,75,99680
bbbot.gamma,67,76,97750
bbbot.gamma,68,77,95870
bbbot.gamma,69,78,94050
bbbot.gamma,70,79,92280
bbbot.gamma,71,80,90560
bbbot.gamma,72,81,88890
bbbot.gamma,73,82,87270
bbbot.gamma,74,83,85690
bbbot.gamma,75,84,84150
bbbot.gamma,76,85,82660
bbbot.gamma,77,86,81210
bbbot.gamma,78,87,79800
bbbot.gamma,79,88,78420
bbbot.gamma,80,89,77080
bbbot.gamma,81,90,75780
bbbot.gamma,82,91,74510
bbbot.gamma,83,92,73270
bbbot.gamma,84,93,72060
bbbot.gamma,85,94,70880
bbbot.gamma,86,95,69740
bbbot.gamma,87,96,68620
bbbot.gamma,88,97,67520
bbbot.gamma,89,98,66460
bbbot.gamma,90,99,65420
bbbot.gamma,91,100,64400
bbbot.gamma,92,101,63410
bbbot.gamma,93,102,62440
bbbot.gamma,94,103,61490
bbbot.gamma,95,104,60570
bbbot.gamma,96,105,59660
bbbot.gamma,97,106,58780
bbbot.gamma,98,107,57920
bbbot.gamma,99,108,57070
bbbot.gamma,100,109,56240
bbbot.gamma,101,110,55440
bbbot.gamma,102,111,54650
bbbot.gamma,103,112,53870
bbbot.gamma,104,113,53110
bbbot.gamma,105,114,52370
bbbot.gamma,106,115,51650
bbbot.gamma,107,116,50940
bbbot.gamma,108,117,50240
bbbot.gamma,109,118,49560
bbbot.gamma,110,119,48890
bbbot.gamma,111,120,48240
bbbot.gamma,112,121,47600
bbbot.gamma,113,122,46970
bbbot.gamma,114,123,46350
bbbot.gamma,115,124,45750
bbbot.gamma,116,125,45160
bbbot.gamma,117,126,44580
bbbot.gamma,118,127,44010
bbbot.gamma,119,128,43450
bbbot.gamma,120,129,42900
bbbot.gamma,121,130,42360
bbbot.gamma,122,131,41840
bbbot.gamma,123,132,41320
bbbot.gamma,124,133,40810
bbbot.gamma,125,134,40310
bbbot.gamma,126,135,39820
bbbot.gamma,127,136,39340
bbbot.gamma,128,137,38870
bbbot.gamma,129,138,38410
bbbot.gamma,130,139,37950
bbbot.gamma,131,140,37500
bbbot.gamma,132,141,37060
bbbot.gamma,133,142,36630
bbbot.gamma,134,143,36210
bbbot.gamma,135,144,35790
bbbot.gamma,136,145,35380
bbbot.gamma,137,146,34980
bbbot.gamma,138,147,34580
bbbot.gamma,139,148,34190
bbbot.gamma,140,149,33810
bbbot.gamma,141,150,33430
bbbot.gamma,142,151,33060
bbbot.gamma,143,152,32700
bbbot.gamma,144,153,32340
bbbot.gamma,145,154,31990
bbbot.gamma,146,155,31640
bbbot.gamma,147,156,31300
bbbot.gamma,148,157,30970
bbbot.gamma,149,158,30630
bbbot.gamma,150,159,30310
bbbot.helion,1,10,1213000000
bbbot.helion,2,11,1206000000
bbbot.helion,3,12,1196000000
bbbot.helion,4,13,1132000000
bbbot.helion,5,14,1092000000
bbbot.helion,6,15,1077000000
bbbot.helion,7,16,1062000000
bbbot.helion,8,17,1048000000
bbbot.helion,9,18,1033000000
bbbot.helion,10,19,1019000000
bbbot.helion,11,20,1005000000
bbbot.helion,12,21,982000000
bbbot.helion,13,22,956000000
bbbot.helion,14,23,928000000
bbbot.helion,15,24,902000000
bbbot.helion,16,25,884000000
bbbot.helion,17,26,866700000
bbbot.helion,18,27,849300000
bbbot.helion,19,28,832000000
bbbot.helion,20,29,816000000
bbbot.helion,21,30,798000000
bbbot.helion,22,31,774000000
bbbot.helion,23,32,748000000
bbbot.helion,24,33,724000000
bbbot.helion,25,34,700000000
bbbot.helion,26,35,676000000
bbbot.helion,27,36,652000000
bbbot.helion,28,37,628000000
bbbot.helion,29,38,604000000
bbbot.helion,30,39,580000000
bbbot.helion,31,40,556000000
bbbot.helion,32,41,532000000
bbbot.helion,33,42,508000000
bbbot.helion,34,43,497700000
bbbot.helion,35,44,493700000
bbbot.helion,36,45,490000000
bbbot.helion,37,46,486000000
bbbot.helion,38,47,482300000
bbbot.helion,39,48,478300000
bbbot.helion,40,49,474700000
bbbot.helion,41,50,470700000
bbbot.helion,42,51,467000000
bbbot.helion,43,52,463300000
bbbot.helion,44,53,459300000
bbbot.helion,45,54,455700000
bbbot.helion,46,55,452000000
bbbot.helion,47,56,448300000
bbbot.helion,48,57,444700000
bbbot.helion,49,58,441000000
bbbot.helion,50,59,437000000
bbbot.helion,51,60,433300000
bbbot.helion,52,61,429700000
bbbot.helion,53,62,426000000
bbbot.helion,54,63,422300000
bbbot.helion,55,64,418700000
bbbot.helion,56,65,415000000
bbbot.helion,57,66,411300000
bbbot.helion,58,67,407700000
bbbot.helion,59,68,404000000
bbbot.helion,60,69,400700000
bbbot.helion,61,70,390000000
bbbot.helion,62,71,377800000
bbbot.helion,63,72,365600000
bbbot.helion,64,73,353300000
bbbot.helion,65,74,344400000
bbbot.helion,66,75,99680
bbbot.helion,67,76,97750
bbbot.helion,68,77,95870
bbbot.helion,69,78,94050
bbbot.helion,70,79,92280
bbbot.helion,71,80,90560
bbbot.helion,72,81,88890
bbbot.helion,73,82,87270
bbbot.helion,74,83,85690
bbbot.helion,75,84,84150
bbbot.helion,76,85,82660
bbbot.helion,77,86,81210
bbbot.helion,78,87,79800
bbbot.helion,79,88,78420
bbbot.helion,80,89,77080
bbbot.helion,81,90,75780
bbbot.helion,82,91,74510
bbbot.helion,83,92,73270
bbbot.helion,84,93,72060
bbbot.helion,85,94,70880
bbbot.helion,86,95,69740
bbbot.helion,87,96,68620
bbbot.helion,88,97,67520
bbbot.helion,89,98,66460
bbbot.helion,90,99,65420
bbbot.helion,91,100,64400
bbbot.helion,92,101,63410
bbbot.helion,93,102,62440
bbbot.helion,94,103,61490
bbbot.helion,95,104,60570
bbbot.helion,96,105,59660
bbbot.helion,97,106,58780
bbbot.helion,98,107,57920
bbbot.helion,99,108,57070
bbbot.helion,100,109,56240
bbbot.helion,101,110,55440
bbbot.helion,102,111,54650
bbbot.helion,103,112,53870
bbbot.helion,104,113,53110
bbbot.helion,105,114,52370
bbbot.helion,106,115,51650
bbbot.helion,107,116,50940
bbbot.helion,108,117,50240
bbbot.helion,109,118,49560
bbbot.helion,110,119,48890
bbbot.helion,111,120,48240
bbbot.helion,112,121,47600
bbbot.helion,113,122,46970
bbbot.helion,114,123,46350
bbbot.helion,115,124,45750
bbbot.helion,116,125,45160
bbbot.helion,117,126,44580
bbbot.helion,118,127,44010
bbbot.helion,119,128,43450
bbbot.helion,120,129,42900
bbbot.helion,121,130,42360
bbbot.helion,122,131,41840
bbbot.helion,123,132,41320
bbbot.helion,124,133,40810
bbbot.helion,125,134,40310
bbbot.helion,126,135,39820
bbbot.helion,127,136,39340
bbbot.helion,128,137,38870
bbbot.helion,129,138,38410
bbbot.helion,130,139,37950
bbbot.helion,131,140,37500
bbbot.helion,132,141,37060
bbbot.helion,133,142,36630
bbbot.helion,134,143,36210
bbbot.helion,135,144,35790
bbbot.helion,136,145,35380
bbbot.helion,137,146,34980
bbbot.helion,138,147,34580
bbbot.helion,139,148,34190
bbbot.helion,140,149,33810
bbbot.helion,141,150,33430
bbbot.helion,142,151,33060
bbbot.helion,143,152,32700
bbbot.helion,144,153,32340
bbbot.helion,145,154,31990
bbbot.helion,146,155,31640
bbbot.helion,147,156,31300
bbbot.helion,148,157,30970
bbbot.helion,149,158,30630
bbbot.helion,150,159,30310
supplies.tokenBonus,1,25,1299000
supplies.tokenBonus,2,40,810600
supplies.tokenBonus,3,55,588900
supplies.tokenBonus,4,70,462100
supplies.tokenBonus,5,85,380100
supplies.tokenBonus,6,100,322800
supplies.tokenBonus,7,115,280300
supplies.tokenBonus,8,130,247700
supplies.tokenBonus,9,145,221800
supplies.tokenBonus,10,160,200800
supplies.tokenBonus,11,175,183400
supplies.tokenBonus,12,190,168700
supplies.tokenBonus,13,205,156200
supplies.tokenBonus,14,220,145300
supplies.tokenBonus,15,235,135900
supplies.tokenBonus,16,250,127600
supplies.tokenBonus,17,265,120200
supplies.tokenBonus,18,280,113700
supplies.tokenBonus,19,295,107800
supplies.tokenBonus,20,310,102400
supplies.tokenBonus,21,325,97580
supplies.tokenBonus,22,340,93170
supplies.tokenBonus,23,355,89130
supplies.tokenBonus,24,370,85410
supplies.tokenBonus,25,385,81990
supplies.crystalBonus,1,200,324300
supplies.crystalBonus,2,500,129400
supplies.crystalBonus,3,800,80690
supplies.crystalBonus,4,1100,58550
supplies.crystalBonus,5,1400,45890
supplies.crystalBonus,6,1700,37710
supplies.crystalBonus,7,2000,31980
supplies.crystalBonus,8,2300,27740
bbbot.duration,1,1,38950000
bbbot.duration,2,2,19450000
bbbot.duration,3,3,12950000
bbbot.duration,4,4,9696000
bbbot.duration,5,5,7746000
bbbot.duration,6,6,6446000
bbbot.duration,7,7,5517000
bbbot.duration,8,8,4821000
bbbot.duration,9,9,4279000
bbbot.duration,10,10,3846000
bbbot.duration,11,11,3492000
bbbot.duration,12,12,3196000
bbbot.duration,13,13,2946000
bbbot.duration,14,14,2732000
bbbot.duration,15,15,2546000
bbbot.duration,16,16,2384000
bbbot.duration,17,17,2240000
bbbot.duration,18,18,2113000
bbbot.duration,19,19,1999000
bbbot.duration,20,20,1896000
bbbot.duration,21,21,1803000
bbbot.duration,22,22,1719000
bbbot.duration,23,23,1642000
bbbot.duration,24,24,1571000
bbbot.duration,25,25,1506000
bbbot.duration,26,26,1446000
bbbot.duration,27,27,1391000
bbbot.duration,28,28,1339000
bbbot.duration,29,29,1291000
bbbot.duration,30,30,1246000
bbbot.duration,31,31,1204000
bbbot.duration,32,32,1165000
bbbot.duration,33,33,1128000
bbbot.duration,34,34,1093000
bbbot.duration,35,35,1061000
bbbot.duration,36,36,1030000
bbbot.duration,37,37,1000000
bbbot.duration,38,38,972600
bbbot.duration,39,39,946200
bbbot.duration,40,40,921300
bbbot.tokenBonus,1,10,5190000
bbbot.tokenBonus,2,35,1480000
bbbot.tokenBonus,3,60,861900
bbbot.tokenBonus,4,85,607200
bbbot.tokenBonus,5,110,468400
bbbot.tokenBonus,6,135,380900
bbbot.tokenBonus,7,160,320800
bbbot.tokenBonus,8,185,276900
bbbot.tokenBonus,9,210,243500
bbbot.tokenBonus,10,235,217200
bbbot.tokenBonus,11,260,195900
bbbot.tokenBonus,12,285,178400
bbbot.tokenBonus,13,310,163700
bbbot.tokenBonus,14,335,151200
bbbot.tokenBonus,15,360,140500
bbbot.tokenBonus,16,385,131100
bbbot.tokenBonus,17,410,122900
bbbot.tokenBonus,18,435,115600
bbbot.tokenBonus,19,460,109100
bbbot.tokenBonus,20,485,103300
